transaction_date,branch_name,region,branch_size,product_category,total_revenue_sar,number_of_transactions,average_basket_sar,payment_method,customer_satisfaction_score
23-01-2025,Arar Central,Northern Borders,Small,Cleaning Supplies,1686.61,50,33.73,Mada,3.3
22-08-2024,Riyadh South,Riyadh,Large,Snacks & Confectionery,10377.89,121,85.77,Cash,4.4
05-08-2024,Jubail,Eastern Province,Large,Meat & Poultry,11507.93,121,95.11,Mada,3.8
26-09-2024,Unaizah,Qassim,Small,Beverages,2499.71,50,49.99,Mada,3.9
05-06-2025,Makkah City,Makkah,Large,Frozen Foods,8966.15,116,77.29,Mada,4.1
29-01-2025,Riyadh West,Riyadh,Large,Baby Products,10053.65,96,104.73,Tabby,4.3
27-11-2025,Riyadh Central,Riyadh,Large,Toys,13277.67,141,94.17,Mada,3.7
10-06-2024,Al Wajh,Tabuk,Medium,Baby Products,4817.32,52,92.64,Mada,
19-02-2026,Al Jawf Central,Al Jawf,Small,,1508.54,50,30.17,Mada,
17-01-2025,Jeddah North,Makkah,XLarge,Household,25550.97,283,90.29,Visa,3.6
05-09-2025,Riyadh Central,Riyadh,Large,Electronics,,145,111.66,STC Pay,
03-09-2024,Riyadh South,Riyadh,Large,Baby Products,13290.72,105,126.58,Mada,3.5
17-02-2026,Riyadh West,Riyadh,Large,Fresh Produce,,102,85.03,,4.0
04-08-2024,Al Wajh,Tabuk,Medium,,7905.86,96,82.35,Mastercard,4.2
18-11-2025,Bisha,Asir,Medium,Beverages,5467.17,64,85.42,Cash,3.9
25-08-2025,Madinah Central,Madinah,Small,Electronics,2438.55,50,48.77,Mada,
30-05-2026,Riyadh East,Riyadh,Large,Household,13941.09,127,109.77,Mada,3.2
05-09-2024,Najran Central,Najran,Medium,,5522.52,59,93.6,Cash,3.6
28-12-2024,Al Wajh,Tabuk,Medium,Beverages,7782.9,99,78.62,Mastercard,4.0
15-01-2026,Bisha,Asir,Medium,Snacks & Confectionery,4158.86,50,83.18,Mada,3.8
23-05-2024,Hail Central,Hail,Small,Dairy,1890.74,50,37.81,STC Pay,2.9
21-02-2024,Al Olaya,Riyadh,Large,Household,10477.02,,124.73,Cash,4.1
19-06-2024,Madinah North,Madinah,Large,Beverages,7819.86,105,74.47,STC Pay,3.8
28-09-2024,Khamis Mushait,Asir,Small,Frozen Foods,3990.37,50,79.81,Mastercard,3.6
07-06-2024,Al Bahah Central,Al Bahah,Small,Bakery,1768.7,50,35.37,Mastercard,3.9
21-08-2025,Riyadh South,Riyadh,Large,Cleaning Supplies,8313.22,107,77.69,Cash,3.9
23-03-2024,Al Jawf Central,Al Jawf,Small,Electronics,8680.31,55,157.82,Apple Pay,2.8
15-08-2025,Madinah North,Madinah,Large,Personal Care,13040.72,132,98.79,Visa,4.3
19-11-2024,Buraidah Central,Qassim,Medium,Bakery,5506.37,79,69.7,Mada,3.3
13-04-2025,Dhahran,Eastern Province,XLarge,Frozen Foods,24390.89,229,106.51,Mada,4.4
16-03-2024,Al Olaya,Riyadh,Large,Household,25075.21,213,117.72,Mada,4.1
10-06-2024,Al Khobar,Eastern Province,,,8844.69,81,109.19,Tamara,3.9
09-01-2024,Buraidah Central,Qassim,Medium,Household,5604.5,65,86.22,Cash,4.0
30-01-2026,Al Olaya,Riyadh,Large,Dairy,10750.07,140,76.79,Mastercard,3.6
04-12-2025,Al Rawdah,Makkah,Large,Dairy,11204.41,139,80.61,STC Pay,3.9
29-04-2026,Al Wajh,Tabuk,Medium,Electronics,7599.91,64,118.75,Visa,3.7
14-06-2024,Al Anbariyah,Madinah,Large,Household,13978.95,135,103.55,Cash,4.5
12-07-2025,Jeddah North,Makkah,XLarge,Meat & Poultry,21034.44,195,107.87,Mada,4.4
11-11-2024,Riyadh East,Riyadh,Large,Baby Products,10887.46,,88.52,Cash,3.4
28-12-2024,Al Olaya,Riyadh,Large,Cleaning Supplies,16657.52,205,81.26,Visa,4.3
30-08-2024,Jeddah North,Makkah,XLarge,Baby Products,28116.79,301,93.41,STC Pay,4.6
12-03-2026,Qatif,Eastern Province,XLarge,Snacks & Confectionery,20644.22,288,71.68,Apple Pay,4.1
12-06-2024,Dammam Central,Eastern Province,,Fresh Produce,10061.89,128,78.61,Apple Pay,3.9
24-12-2024,Arar Central,Northern Borders,Small,Snacks & Confectionery,,50,40.62,Cash,4.3
12-02-2025,Al Aziziyah,Makkah,Large,Snacks & Confectionery,7210.79,104,69.33,Mada,3.5
05-12-2024,Unaizah,Qassim,Small,Fresh Produce,3320.97,50,66.42,Mada,3.3
09-02-2024,Al Anbariyah,Madinah,Large,Beverages,8309.75,106,78.39,Mada,3.4
13-08-2025,Khamis Mushait,Asir,,Electronics,,50,,Visa,3.3
04-12-2025,Unaizah,Qassim,Small,Frozen Foods,2937.23,50,58.74,Mada,4.1
30-09-2025,Qatif,Eastern Province,XLarge,Snacks & Confectionery,13315.74,176,75.66,Mada,4.3
13-11-2025,Dhahran,Eastern Province,XLarge,Meat & Poultry,22406.42,187,119.82,Cash,3.2
22-09-2025,Jeddah East,Makkah,Large,Meat & Poultry,11595.64,119,97.44,Mada,4.3
16-03-2025,Al Rawdah,Makkah,Large,,24935.42,243,102.61,Mada,3.6
05-11-2025,Jeddah South,Makkah,Large,Household,9201.16,96,95.85,Mada,3.4
19-11-2025,Madinah North,Madinah,Large,Snacks & Confectionery,8720.24,91,95.83,Cash,4.3
11-04-2025,Riyadh West,Riyadh,Large,Personal Care,14957.63,138,108.39,Mastercard,3.7
13-02-2025,Al Bahah Central,Al Bahah,Small,Clothing,2318.35,50,46.37,Apple Pay,3.6
12-08-2024,Al Wajh,Tabuk,Medium,Baby Products,4307.57,50,86.15,Cash,3.6
18-05-2026,Madinah North,Madinah,Large,Fresh Produce,6925.0,75,92.33,,3.5
19-09-2025,Hail Central,Hail,Small,Cleaning Supplies,2866.22,50,57.32,STC Pay,3.5
11-06-2024,Hail Central,Hail,,Beverages,2080.66,50,41.61,Mada,3.2
11-05-2025,Buraidah Central,Qassim,Medium,,6239.86,64,97.5,Mada,3.3
09-12-2024,Dammam Central,Eastern Province,Large,Household,10558.44,90,117.32,Mada,3.6
28-02-2025,Riyadh West,Riyadh,Large,Household,11763.22,113,104.1,,3.2
02-02-2025,Tabuk Central,Tabuk,Medium,Personal Care,8000.63,90,88.9,Apple Pay,3.8
26-12-2024,Riyadh Central,Riyadh,Large,Meat & Poultry,12817.98,134,95.66,Apple Pay,
04-02-2026,Unaizah,Qassim,Small,Snacks & Confectionery,2044.05,50,40.88,Mada,3.5
10-12-2024,Khamis Mushait,Asir,Small,Snacks & Confectionery,2473.77,,49.48,Apple Pay,4.1
29-09-2025,Makkah City,Makkah,Large,Cleaning Supplies,8073.55,107,75.45,Mastercard,4.2
05-07-2024,Arar Central,Northern Borders,Small,Meat & Poultry,2413.43,50,48.27,Mada,3.8
11-10-2024,Khamis Mushait,Asir,Small,Snacks & Confectionery,3072.38,50,61.45,Cash,4.1
17-08-2024,Hafuf,Eastern Province,Medium,Frozen Foods,7500.08,90,83.33,Apple Pay,3.9
23-07-2024,Madinah North,Madinah,Large,Personal Care,10871.55,102,106.58,Mada,4.5
17-12-2025,Arar Central,Northern Borders,Small,Meat & Poultry,2704.88,50,54.1,Tabby,4.2
07-03-2026,Hittin,Riyadh,XLarge,Baby Products,35739.33,287,124.53,Cash,3.8
10-02-2025,Khamis Mushait,Asir,Small,Fresh Produce,2327.7,50,46.55,Apple Pay,4.2
14-04-2024,Madinah North,Madinah,Large,Dairy,15868.39,212,74.85,Apple Pay,3.9
21-12-2024,Riyadh East,Riyadh,Large,Clothing,21725.24,156,139.26,,3.3
19-05-2026,Riyadh Central,Riyadh,Large,Beverages,8133.08,93,87.45,Mada,4.1
21-03-2025,Jeddah North,Makkah,XLarge,Household,29655.46,314,94.44,Visa,3.7
04-03-2026,Unaizah,Qassim,Small,Beverages,2176.11,50,43.52,Mada,4.0
12-10-2024,Al Malaz,Riyadh,Large,Bakery,15316.58,,76.2,Visa,3.2
10-12-2024,Khamis Mushait,Asir,Small,Snacks & Confectionery,1694.61,50,33.89,Mada,3.7
23-07-2025,Dammam Central,Eastern Province,Large,,7663.88,60,127.73,Mastercard,3.5
22-07-2025,Al Bahah Central,Al Bahah,Small,Toys,2393.48,50,47.87,Mada,3.6
18-02-2025,Madinah Central,Madinah,Small,Dairy,1910.06,50,38.2,Mada,3.4
18-12-2024,Buraidah Central,Qassim,Medium,Frozen Foods,5377.51,56,96.03,Mastercard,3.8
08-01-2026,Hittin,Riyadh,XLarge,Fresh Produce,13904.44,156,89.13,Apple Pay,4.3
15-07-2024,Jeddah East,Makkah,Large,Beverages,6739.04,86,78.36,Tabby,3.5
02-05-2026,Al Olaya,Riyadh,Large,Bakery,9614.51,111,86.62,Cash,3.7
09-05-2024,Unaizah,Qassim,Small,Baby Products,2276.5,50,45.53,Mastercard,4.2
15-04-2024,Al Bahah Central,Al Bahah,Small,Personal Care,3178.31,50,63.57,Mada,4.2
22-02-2024,Jeddah East,Makkah,Large,Snacks & Confectionery,7270.46,74,98.25,Cash,3.3
04-06-2024,Riyadh South,Riyadh,Large,Household,7688.22,70,109.83,Tamara,3.8
25-07-2025,Hittin,Riyadh,XLarge,Personal Care,23528.26,276,85.25,Mada,3.6
31-10-2024,Hail Central,Hail,,,3416.1,50,68.32,Visa,3.5
20-02-2026,Al Olaya,Riyadh,Large,Bakery,7827.17,111,70.52,Mada,3.9
22-02-2025,Riyadh Central,Riyadh,Large,Personal Care,13436.32,129,104.16,Mada,3.9
20-12-2025,Al Khobar,Eastern Province,Large,Electronics,28791.97,197,146.15,,3.9
11-03-2025,Al Aziziyah,Makkah,Large,Bakery,9532.49,109,87.45,Mada,3.3
14-03-2024,Jeddah North,Makkah,XLarge,Snacks & Confectionery,18568.47,235,79.01,,4.4
06-12-2025,Arar Central,Northern Borders,Small,Meat & Poultry,4177.16,50,83.54,Visa,3.4
23-03-2024,Hail Central,Hail,Small,Cleaning Supplies,4612.58,64,72.07,Visa,3.9
22-02-2026,Riyadh North,Riyadh,,,11757.43,119,98.8,Apple Pay,3.8
15-06-2025,Najran Central,Najran,Medium,Cleaning Supplies,5835.36,65,89.77,Visa,3.5
26-04-2025,Al Malaz,Riyadh,Large,Meat & Poultry,19571.26,190,103.01,Apple Pay,3.5
25-02-2025,Qatif,Eastern Province,XLarge,Dairy,14338.63,211,67.96,Apple Pay,3.6
15-09-2024,Jubail,Eastern Province,Large,Baby Products,14206.95,130,109.28,Visa,3.7
04-11-2025,Riyadh Central,Riyadh,Large,Beverages,11789.44,113,104.33,Visa,3.5
17-02-2026,Hail Central,Hail,Small,Dairy,1315.16,50,26.3,Mada,3.3
04-05-2024,Al Bahah Central,Al Bahah,Small,Clothing,3012.2,50,60.24,Mastercard,3.6
05-04-2024,Tabuk Central,Tabuk,Medium,Snacks & Confectionery,8600.38,88,,STC Pay,3.9
25-05-2025,Jeddah North,Makkah,XLarge,Dairy,23996.22,324,74.06,Mada,3.6
18-07-2025,Arar Central,Northern Borders,Small,Fresh Produce,2106.4,50,42.13,Mastercard,3.6
12-03-2024,Makkah City,Makkah,Large,Snacks & Confectionery,11560.49,,85.0,STC Pay,3.1
13-01-2026,Al Khobar,Eastern Province,Large,Personal Care,8470.73,106,79.91,Mada,3.8
02-04-2025,Jeddah North,Makkah,XLarge,Meat & Poultry,24858.17,230,108.08,Visa,3.7
15-12-2025,Al Aziziyah,Makkah,Large,Meat & Poultry,11056.08,114,96.98,Mada,3.9
01-02-2026,Jubail,Eastern Province,Large,Cleaning Supplies,10341.28,126,82.07,Tamara,4.0
22-05-2025,Jeddah North,Makkah,XLarge,Fresh Produce,20804.22,274,75.93,Mada,3.4
15-05-2026,Al Olaya,Riyadh,Large,Household,12646.01,124,101.98,Mastercard,3.3
17-03-2024,Jeddah North,Makkah,XLarge,Baby Products,40294.14,358,112.55,Mastercard,4.3
22-05-2026,Al Malaz,Riyadh,Large,Clothing,13642.09,120,113.68,Tabby,3.2
08-07-2025,Al Bahah Central,Al Bahah,Small,Electronics,2160.38,50,43.21,STC Pay,3.0
03-02-2026,Madinah Central,Madinah,Small,Baby Products,1773.43,50,35.47,Mastercard,3.8
30-01-2024,Dhahran,Eastern Province,XLarge,Snacks & Confectionery,10629.61,118,90.08,Mada,4.1
07-09-2024,Jeddah North,Makkah,XLarge,Household,28137.82,314,89.61,Mada,4.7
24-05-2025,Madinah North,Madinah,Large,Fresh Produce,16860.5,184,91.63,Mada,4.2
13-11-2025,Al Anbariyah,Madinah,Large,Snacks & Confectionery,7549.55,106,71.22,Mastercard,4.0
24-08-2025,Hafuf,Eastern Province,Medium,Baby Products,6841.86,70,97.74,Mada,4.2
22-07-2024,Dhahran,Eastern Province,XLarge,Snacks & Confectionery,16667.82,171,97.47,Mada,3.8
23-01-2024,Al Khobar,Eastern Province,Large,Clothing,,114,126.71,Visa,4.1
12-09-2025,Riyadh South,Riyadh,Large,Snacks & Confectionery,12760.22,180,70.89,Apple Pay,3.9
13-10-2025,Madinah Central,Madinah,Small,Bakery,1525.41,50,30.51,Apple Pay,
05-10-2025,Makkah City,Makkah,Large,Personal Care,11687.54,100,116.88,Apple Pay,4.2
02-04-2024,Makkah City,Makkah,Large,Dairy,17868.22,215,83.11,Mada,3.9
09-01-2025,Unaizah,Qassim,Small,Cleaning Supplies,1955.98,50,39.12,Mada,3.8
03-02-2026,Al Khobar,Eastern Province,Large,Snacks & Confectionery,9309.75,112,83.12,Cash,3.4
30-05-2026,Madinah Central,Madinah,,Clothing,4412.74,50,88.25,Apple Pay,3.4
15-01-2024,Bisha,Asir,Medium,Fresh Produce,3904.62,50,78.09,Mastercard,3.7
21-08-2025,Al Anbariyah,Madinah,Large,Clothing,,95,122.3,Mastercard,
16-09-2025,Jubail,Eastern Province,Large,Electronics,11634.98,101,115.2,STC Pay,3.9
26-10-2025,Dhahran,Eastern Province,XLarge,Fresh Produce,23024.04,301,76.49,Mada,3.8
18-05-2024,Unaizah,Qassim,Small,Meat & Poultry,3625.65,50,72.51,Mastercard,3.6
05-03-2025,Unaizah,Qassim,Small,Frozen Foods,3450.37,50,69.01,Mastercard,3.9
03-02-2024,Dammam Central,Eastern Province,Large,Bakery,12009.64,156,76.98,Mada,3.3
11-04-2024,Abha Central,Asir,Small,Meat & Poultry,4312.12,50,86.24,Visa,3.9
18-05-2026,Hittin,Riyadh,XLarge,Fresh Produce,17490.04,171,102.28,Visa,4.1
21-02-2024,Riyadh North,Riyadh,Large,Bakery,8382.65,95,88.24,Visa,
23-08-2025,Al Rawdah,Makkah,Large,Snacks & Confectionery,10659.2,121,88.09,Cash,4.1
10-10-2024,Riyadh Central,Riyadh,Large,Fresh Produce,12800.21,121,105.79,Mada,4.1
14-05-2024,Riyadh North,Riyadh,Large,Frozen Foods,6507.35,66,98.6,Mada,4.3
28-09-2024,Jeddah East,Makkah,Large,Frozen Foods,10794.44,123,87.76,Mastercard,3.1
30-08-2025,Al Jawf Central,Al Jawf,Small,Household,2770.13,50,55.4,Cash,3.7
04-11-2024,Buraidah Central,Qassim,Medium,Baby Products,5901.83,50,118.04,Mada,3.3
30-12-2025,Al Bahah Central,Al Bahah,Small,Electronics,4386.51,50,87.73,Visa,4.0
09-05-2024,Riyadh West,Riyadh,Large,Clothing,10912.93,96,,Mada,4.3
01-06-2025,Arar Central,Northern Borders,Small,Fresh Produce,2924.06,50,58.48,Apple Pay,3.6
16-03-2025,Al Rawdah,Makkah,Large,Bakery,16624.95,207,80.31,Mada,3.6
16-11-2024,Al Wajh,Tabuk,Medium,Meat & Poultry,10936.05,85,128.66,STC Pay,3.9
03-04-2024,Riyadh West,Riyadh,Large,Fresh Produce,19854.5,185,107.32,Mastercard,4.0
17-11-2025,Qatif,Eastern Province,XLarge,Meat & Poultry,16810.36,162,103.77,Apple Pay,3.5
21-10-2024,Riyadh South,Riyadh,Large,Meat & Poultry,12372.63,115,107.59,Mada,3.6
24-12-2024,Al Olaya,Riyadh,Large,Meat & Poultry,15779.03,158,99.87,Visa,3.6
15-05-2026,Al Wajh,Tabuk,Medium,Frozen Foods,6106.03,,84.81,Mastercard,3.3
30-01-2024,Dammam Central,Eastern Province,Large,Toys,7868.67,76,103.54,Mada,3.6
04-07-2024,Riyadh Central,Riyadh,Large,Household,12525.84,120,104.38,Cash,3.7
08-08-2024,Buraidah Central,Qassim,,Beverages,,50,88.09,Mada,3.7
06-03-2026,Jubail,Eastern Province,Large,Personal Care,16966.78,205,82.76,Mada,3.8
05-10-2024,Al Malaz,Riyadh,,Beverages,13968.49,171,81.69,Mada,3.7
12-02-2026,Al Rawdah,Makkah,Large,Meat & Poultry,11321.32,86,,Mastercard,3.4
16-02-2024,Dhahran,Eastern Province,XLarge,Baby Products,18937.38,148,127.96,Mada,3.7
24-02-2026,Al Rawdah,Makkah,Large,Bakery,5720.57,71,80.57,Cash,3.8
29-06-2025,Khamis Mushait,Asir,Small,Household,3411.06,,68.22,Apple Pay,3.4
10-02-2025,Riyadh West,Riyadh,Large,Electronics,14201.12,88,161.38,STC Pay,4.1
27-12-2025,Bisha,Asir,Medium,Dairy,8212.68,,83.8,Tabby,3.4
31-03-2026,Jeddah South,Makkah,Large,Beverages,11647.89,147,79.24,Mada,3.6
26-08-2025,Al Wajh,Tabuk,,Electronics,6326.79,55,115.03,Mastercard,3.9
07-12-2024,Madinah Central,Madinah,Small,Electronics,6342.77,51,124.37,Visa,3.8
14-01-2026,Hafuf,Eastern Province,Medium,Clothing,7533.8,56,134.53,Cash,4.4
21-07-2024,Al Anbariyah,Madinah,Large,Fresh Produce,,125,81.67,Cash,4.3
11-02-2026,Arar Central,Northern Borders,Small,Personal Care,2175.23,50,43.5,STC Pay,3.4
04-10-2025,Jubail,Eastern Province,Large,Beverages,12986.81,,86.58,Visa,4.0
03-06-2025,Hafuf,Eastern Province,Medium,Beverages,3194.22,50,63.88,Mada,3.3
19-03-2024,Al Khobar,Eastern Province,Large,Baby Products,18128.75,144,125.89,Visa,3.4
05-04-2025,Riyadh East,Riyadh,Large,Personal Care,22443.35,206,108.95,Visa,4.1
03-06-2024,Al Jawf Central,Al Jawf,Small,Beverages,2213.88,50,44.28,Apple Pay,3.8
10-02-2024,Jeddah East,Makkah,Large,Beverages,10678.31,122,87.53,Visa,3.8
07-01-2025,Jeddah South,Makkah,Large,,7452.08,89,83.73,Mada,3.2
08-03-2024,Qatif,Eastern Province,XLarge,Household,22491.62,214,105.1,,3.6
07-12-2024,Jeddah North,Makkah,XLarge,Clothing,28381.25,287,98.89,Mada,3.7
01-09-2025,Makkah City,Makkah,Large,Fresh Produce,10173.24,115,88.46,Visa,3.3
12-04-2026,Qatif,Eastern Province,XLarge,Toys,23378.17,290,80.61,Tamara,4.2
04-06-2025,Al Wajh,Tabuk,Medium,Meat & Poultry,5073.38,50,101.47,Mada,3.7
15-07-2024,Al Bahah Central,Al Bahah,Small,Fresh Produce,1641.45,50,32.83,Apple Pay,4.2
08-02-2024,Buraidah Central,Qassim,Medium,Cleaning Supplies,4457.8,59,75.56,Visa,4.2
15-06-2024,Jeddah North,Makkah,XLarge,Toys,19609.91,,90.79,STC Pay,4.0
23-11-2025,Abha Central,Asir,Small,,4411.22,50,88.22,Apple Pay,3.5
27-08-2024,Hail Central,Hail,Small,Dairy,1861.42,50,37.23,Mada,3.8
17-04-2025,Hail Central,Hail,Small,Frozen Foods,3138.52,50,62.77,Mada,3.3
16-04-2026,Jeddah South,Makkah,Large,Personal Care,10864.0,131,82.93,Cash,3.4
29-12-2025,Al Olaya,Riyadh,Large,Snacks & Confectionery,11364.22,,90.19,Apple Pay,3.8
05-04-2025,Dammam Central,Eastern Province,Large,Fresh Produce,21227.09,229,92.69,STC Pay,3.9
28-01-2024,Hafuf,Eastern Province,Medium,Meat & Poultry,7666.59,66,116.16,Mada,4.2
18-01-2025,Al Malaz,Riyadh,Large,Dairy,10455.75,109,,Mastercard,3.7
20-10-2024,Riyadh East,Riyadh,Large,Beverages,16328.99,217,,Apple Pay,4.0
04-04-2025,Najran Central,Najran,Medium,Cleaning Supplies,7029.59,72,97.63,Mada,4.4
09-03-2025,Buraidah Central,Qassim,Medium,Dairy,7409.88,85,87.18,Cash,4.6
16-10-2025,Tabuk Central,Tabuk,Medium,Beverages,6036.76,59,102.32,STC Pay,3.7
11-08-2025,Al Jawf Central,Al Jawf,Small,Fresh Produce,1711.38,50,34.23,Visa,3.6
07-08-2025,Madinah North,Madinah,Large,Clothing,11855.62,86,137.86,,4.2
16-03-2026,Al Jawf Central,Al Jawf,Small,Household,3078.73,50,61.57,Mada,3.8
17-01-2025,Khamis Mushait,Asir,Small,Electronics,3368.86,50,67.38,Mada,3.5
16-05-2024,Qatif,Eastern Province,XLarge,Household,13977.64,157,89.03,Mada,3.4
13-12-2025,Arar Central,Northern Borders,Small,Fresh Produce,3775.15,50,75.5,Mastercard,3.7
14-02-2024,Al Aziziyah,Makkah,,Cleaning Supplies,8735.45,103,84.81,Mada,3.8
14-04-2026,Bisha,Asir,Medium,Bakery,4983.27,73,68.26,Mada,
06-10-2024,Qatif,Eastern Province,XLarge,Meat & Poultry,23633.07,248,95.29,Mastercard,4.5
13-12-2024,Khamis Mushait,Asir,Small,Beverages,3853.64,50,,STC Pay,2.9
21-03-2024,Al Wajh,Tabuk,Medium,Baby Products,8992.19,74,121.52,Mada,3.7
22-03-2024,Al Olaya,Riyadh,Large,Dairy,15203.41,185,82.18,Mastercard,4.0
13-02-2024,Hail Central,Hail,Small,,1894.05,50,37.88,Mada,4.0
17-03-2024,Riyadh South,Riyadh,Large,Meat & Poultry,27333.52,,109.77,Mastercard,3.9
05-02-2024,Hail Central,Hail,Small,Bakery,,50,25.07,Mada,3.7
11-09-2025,Riyadh East,Riyadh,Large,Beverages,7860.66,87,90.35,Mada,4.0
11-02-2025,Abha Central,Asir,Small,Dairy,1559.35,50,,Cash,3.7
26-05-2025,Jeddah East,Makkah,,Cleaning Supplies,7603.67,82,92.73,Apple Pay,3.7
11-12-2025,Al Khobar,Eastern Province,Large,Beverages,,135,100.64,Apple Pay,3.5
25-06-2024,Hail Central,Hail,Small,Beverages,2233.72,50,44.67,Mastercard,3.8
27-12-2025,Hafuf,Eastern Province,Medium,Household,7318.95,84,87.13,Apple Pay,3.5
23-03-2026,Jeddah East,Makkah,Large,Bakery,7409.7,117,63.33,Apple Pay,3.8
21-07-2025,Abha Central,Asir,Small,Beverages,1887.31,50,37.75,Cash,4.1
08-03-2024,Al Malaz,Riyadh,Large,Baby Products,13610.15,140,97.22,Visa,3.9
08-05-2024,Riyadh West,Riyadh,Large,Clothing,14738.36,125,117.91,Mastercard,3.1
11-05-2024,Hafuf,Eastern Province,Medium,Frozen Foods,8348.56,100,83.49,Mada,4.2
01-05-2026,Riyadh South,Riyadh,Large,Fresh Produce,9386.79,90,104.3,Mada,3.7
20-12-2024,Madinah Central,Madinah,Small,Household,4482.8,50,89.66,Cash,3.9
08-05-2024,Dammam Central,Eastern Province,Large,Personal Care,10364.76,91,113.9,Visa,4.7
24-06-2024,Jeddah North,Makkah,XLarge,Frozen Foods,14976.05,177,84.61,Apple Pay,3.3
24-03-2024,Riyadh North,Riyadh,Large,Clothing,19788.64,177,111.8,Mastercard,3.5
24-09-2025,Tabuk Central,Tabuk,Medium,Beverages,5055.63,62,81.54,Mada,4.2
31-10-2024,Bisha,Asir,Medium,Toys,5682.62,51,111.42,Mada,3.7
27-07-2024,Arar Central,Northern Borders,Small,Fresh Produce,2793.33,50,55.87,Mada,4.0
13-05-2024,Bisha,Asir,Medium,Household,5660.73,,113.21,Mada,3.8
30-09-2024,Hittin,Riyadh,XLarge,Fresh Produce,15258.35,139,109.77,STC Pay,4.3
13-04-2026,Jeddah South,Makkah,Large,Personal Care,10514.66,102,103.08,Apple Pay,3.5
11-06-2025,Al Bahah Central,Al Bahah,Small,Cleaning Supplies,1696.17,50,33.92,Cash,3.3
08-08-2024,Madinah North,Madinah,Large,Electronics,14657.56,102,143.7,Visa,4.1
19-10-2024,Najran Central,Najran,Medium,Snacks & Confectionery,7289.19,86,84.76,STC Pay,3.7
16-02-2024,Abha Central,Asir,Small,Personal Care,2544.18,50,50.88,Visa,2.9
30-01-2025,Riyadh West,Riyadh,Large,Frozen Foods,9519.0,98,97.13,Tamara,3.7
07-02-2025,Al Olaya,Riyadh,Large,Baby Products,12111.49,118,102.64,Mada,3.6
22-07-2024,Jeddah North,Makkah,XLarge,Meat & Poultry,18603.62,138,134.81,Cash,3.8
12-04-2025,Buraidah Central,Qassim,Medium,Cleaning Supplies,6307.26,,91.41,STC Pay,3.1
15-06-2024,Jubail,Eastern Province,Large,Personal Care,13010.08,155,83.94,Visa,3.3
26-12-2025,Al Bahah Central,Al Bahah,,Beverages,3176.35,50,63.53,Mada,3.6
02-03-2025,Hittin,Riyadh,XLarge,Snacks & Confectionery,33428.38,444,75.29,Mastercard,4.4
08-01-2026,Madinah Central,Madinah,Small,Beverages,1592.03,50,31.84,Mastercard,3.7
31-05-2024,Khamis Mushait,Asir,Small,Bakery,2626.18,50,52.52,Mastercard,3.8
04-06-2024,Tabuk Central,Tabuk,Medium,Bakery,3482.48,50,69.65,Visa,
18-05-2026,Najran Central,Najran,Medium,Electronics,7272.94,50,145.46,Mada,3.5
20-01-2025,Buraidah Central,Qassim,Medium,Fresh Produce,4022.84,52,77.36,Mada,4.3
23-11-2025,Hafuf,Eastern Province,Medium,Frozen Foods,8527.56,102,83.6,Mastercard,3.6
12-10-2024,Madinah North,Madinah,Large,Bakery,13109.45,207,63.33,Mada,3.6
22-12-2025,Al Khobar,Eastern Province,Large,Toys,9360.57,91,102.86,Mada,4.5
21-10-2024,Dammam Central,Eastern Province,Large,Clothing,9783.43,80,122.29,Tamara,3.5
02-03-2026,Hafuf,Eastern Province,Medium,,5108.84,58,88.08,Mastercard,3.6
04-02-2026,Al Anbariyah,Madinah,Large,Bakery,7183.14,97,74.05,STC Pay,4.2
20-05-2024,Dammam Central,Eastern Province,Large,Frozen Foods,6715.79,68,98.76,Cash,4.0
23-02-2024,Madinah Central,Madinah,Small,Meat & Poultry,2444.31,50,48.89,Mastercard,3.4
06-01-2024,Makkah City,Makkah,Large,Baby Products,20117.22,165,121.92,Mastercard,4.1
13-02-2026,Al Aziziyah,Makkah,Large,Dairy,12366.28,163,75.87,STC Pay,3.5
29-10-2025,Al Malaz,Riyadh,Large,Household,11750.15,127,92.52,STC Pay,4.0
07-02-2024,Jeddah East,Makkah,Large,Meat & Poultry,13497.33,122,110.63,STC Pay,3.7
08-02-2024,Al Khobar,Eastern Province,Large,Household,7532.09,63,119.56,Tamara,3.5
20-06-2025,Unaizah,Qassim,Small,Baby Products,2960.75,50,59.22,Mada,4.8
08-04-2026,Al Aziziyah,Makkah,Large,Fresh Produce,9207.58,100,92.08,Mada,4.1
04-08-2025,Al Khobar,Eastern Province,Large,Fresh Produce,9504.01,110,86.4,Visa,4.4
26-04-2026,Bisha,Asir,Medium,Dairy,7093.7,85,83.46,Cash,4.3
07-01-2024,Madinah North,Madinah,Large,Bakery,9283.32,136,68.26,Tabby,3.7
19-08-2025,Dhahran,Eastern Province,XLarge,Electronics,24943.92,203,,Mastercard,4.2
12-06-2024,Dhahran,Eastern Province,XLarge,Household,15762.26,,86.61,Mastercard,4.1
07-12-2025,Dhahran,Eastern Province,XLarge,Cleaning Supplies,18266.93,214,85.36,Visa,4.0
10-04-2025,Jeddah North,Makkah,XLarge,Personal Care,25152.77,255,98.64,Visa,4.2
14-02-2026,Najran Central,Najran,Medium,Clothing,8766.08,67,130.84,Mada,3.8
22-06-2025,Al Malaz,Riyadh,Large,Toys,12415.28,108,114.96,Visa,3.0
28-04-2026,Riyadh South,Riyadh,Large,Household,12950.87,133,97.37,Cash,3.6
27-11-2025,Hittin,Riyadh,XLarge,Personal Care,17134.29,150,114.23,Visa,4.4
09-04-2025,Riyadh South,Riyadh,Large,,11400.81,106,107.55,Visa,3.6
09-02-2025,Riyadh North,Riyadh,Large,Electronics,15184.8,103,147.43,Cash,3.5
18-12-2024,Al Wajh,Tabuk,Medium,Household,7049.66,58,121.55,STC Pay,4.3
22-02-2025,Al Khobar,Eastern Province,Large,Fresh Produce,10830.99,127,85.28,Mastercard,3.8
18-01-2025,Tabuk Central,Tabuk,Medium,Meat & Poultry,10970.59,114,96.23,STC Pay,3.4
16-05-2024,Unaizah,Qassim,Small,Meat & Poultry,2937.07,50,58.74,Visa,4.0
10-05-2024,Buraidah Central,Qassim,Medium,Bakery,5655.27,60,94.25,Cash,3.6
10-03-2025,Unaizah,Qassim,Small,Snacks & Confectionery,2950.27,50,59.01,Mada,4.2
12-07-2024,Dammam Central,Eastern Province,Large,Frozen Foods,13746.85,132,104.14,Apple Pay,
03-09-2024,Riyadh North,Riyadh,,Fresh Produce,7977.31,72,110.8,Visa,4.1
07-09-2024,Riyadh South,Riyadh,,Meat & Poultry,20050.18,162,123.77,Mada,3.9
23-10-2024,Al Jawf Central,Al Jawf,Small,Cleaning Supplies,1727.35,50,34.55,Visa,3.5
30-08-2024,Jubail,Eastern Province,Large,Fresh Produce,10507.33,124,84.74,Mada,3.8
03-10-2025,Jeddah East,Makkah,Large,Household,15824.67,129,122.67,Mada,3.9
15-03-2026,Khamis Mushait,Asir,Small,Toys,,50,69.06,Mada,3.8
19-05-2026,Madinah North,Madinah,Large,Snacks & Confectionery,6989.54,73,95.75,Mada,4.3
29-07-2025,Riyadh South,Riyadh,Large,Meat & Poultry,10150.62,,109.15,Mada,3.8
05-04-2025,Al Malaz,Riyadh,,Fresh Produce,20682.86,250,82.73,Mada,4.2
21-01-2025,Dammam Central,Eastern Province,Large,Personal Care,10382.36,125,83.06,Mada,3.8
05-05-2025,Al Rawdah,Makkah,Large,Cleaning Supplies,6355.42,75,84.74,STC Pay,3.2
13-07-2024,Al Rawdah,Makkah,Large,Fresh Produce,16681.3,222,75.14,Mada,3.8
10-02-2025,Al Rawdah,Makkah,Large,Household,11185.88,124,90.21,Mada,4.3
26-10-2025,Unaizah,Qassim,Small,Dairy,2653.26,50,53.07,Mada,4.5
18-02-2026,Najran Central,Najran,Medium,Cleaning Supplies,4593.89,55,83.53,Mada,4.5
29-01-2026,Madinah Central,Madinah,Small,Dairy,1598.52,50,31.97,Visa,
23-08-2024,Qatif,Eastern Province,XLarge,Snacks & Confectionery,,209,82.2,Mastercard,4.1
20-09-2024,Qatif,Eastern Province,XLarge,Beverages,22870.54,293,78.06,Mastercard,3.4
22-06-2024,Hafuf,Eastern Province,Medium,Household,6028.66,52,115.94,STC Pay,4.0
20-06-2025,Riyadh South,Riyadh,Large,Snacks & Confectionery,7610.32,109,69.82,Mastercard,3.8
10-03-2024,Madinah Central,Madinah,Small,Electronics,5182.19,50,103.64,Mada,3.2
06-11-2025,Najran Central,Najran,Medium,Electronics,8300.33,65,127.7,Cash,3.5
18-01-2024,Al Khobar,Eastern Province,Large,Toys,10264.97,105,97.76,STC Pay,3.7
19-04-2024,Jeddah East,Makkah,Large,Household,20204.32,181,111.63,Visa,3.8
21-03-2024,Bisha,Asir,Medium,Meat & Poultry,,85,107.27,Tamara,4.2
03-11-2024,Madinah Central,Madinah,Small,Snacks & Confectionery,3386.18,50,67.72,Apple Pay,3.6
21-01-2025,Khamis Mushait,Asir,Small,Electronics,3054.59,50,61.09,Mada,3.4
15-05-2026,Al Bahah Central,Al Bahah,Small,Frozen Foods,2534.64,,50.69,Apple Pay,4.0
23-08-2024,Riyadh East,Riyadh,Large,Snacks & Confectionery,9053.99,127,71.29,Mada,4.1
17-03-2024,Riyadh East,Riyadh,Large,Dairy,20008.32,254,78.77,Mastercard,4.1
31-07-2024,Riyadh North,Riyadh,Large,Frozen Foods,9120.25,112,81.43,Mada,4.5
02-11-2024,Riyadh West,Riyadh,Large,Bakery,10906.27,164,66.5,Mada,4.1
20-03-2026,Makkah City,Makkah,Large,Frozen Foods,16037.54,182,88.12,Tabby,3.6
10-04-2024,Riyadh South,Riyadh,Large,Snacks & Confectionery,10232.8,116,88.21,Apple Pay,4.2
31-01-2024,Jubail,Eastern Province,Large,Frozen Foods,9644.98,,90.14,Mada,3.7
18-03-2025,Khamis Mushait,Asir,Small,Personal Care,2892.35,50,57.85,Apple Pay,3.5
25-03-2024,Riyadh West,Riyadh,Large,Meat & Poultry,14903.71,150,99.36,Mada,
20-11-2024,Khamis Mushait,Asir,Small,Fresh Produce,2253.36,50,45.07,Mada,3.6
10-07-2024,Al Malaz,Riyadh,Large,Household,9534.79,95,100.37,Cash,3.6
28-12-2024,Al Malaz,Riyadh,Large,Personal Care,18150.17,212,85.61,,4.2
12-01-2026,Al Malaz,Riyadh,Large,Cleaning Supplies,9153.16,139,65.85,Visa,3.8
02-12-2025,Jeddah South,Makkah,Large,Fresh Produce,10194.61,104,98.03,Mada,4.2
02-11-2024,Tabuk Central,Tabuk,Medium,Electronics,11772.12,,145.33,Mada,4.0
31-08-2025,Al Bahah Central,Al Bahah,Small,Beverages,2931.68,50,58.63,Cash,3.0
03-04-2026,Khamis Mushait,Asir,Small,Beverages,,50,76.59,Apple Pay,4.1
03-11-2024,Makkah City,Makkah,Large,Baby Products,15603.47,130,120.03,Mada,4.8
22-01-2026,Al Khobar,Eastern Province,Large,Beverages,10133.19,122,83.06,Mada,3.6
14-10-2024,Khamis Mushait,Asir,Small,Meat & Poultry,3139.17,50,62.78,Visa,3.2
14-01-2026,Riyadh North,Riyadh,Large,Toys,9513.13,97,98.07,Mada,3.5
18-04-2026,Riyadh West,Riyadh,Large,Snacks & Confectionery,18849.96,245,76.94,,3.7
02-01-2026,Jeddah North,Makkah,XLarge,Meat & Poultry,23619.68,210,112.47,Visa,4.3
01-07-2025,Bisha,Asir,Medium,Cleaning Supplies,3897.43,53,73.54,Visa,3.9
31-08-2025,Unaizah,Qassim,Small,Fresh Produce,3137.85,50,62.76,Mastercard,3.2
19-06-2024,Hafuf,Eastern Province,Medium,Electronics,6986.76,64,109.17,Mastercard,3.3
18-04-2024,Al Wajh,Tabuk,Medium,Bakery,3877.26,51,76.02,Visa,
01-04-2025,Madinah Central,Madinah,Small,Beverages,2287.72,50,45.75,Mastercard,4.4
17-04-2024,Najran Central,Najran,Medium,Cleaning Supplies,4612.08,50,92.24,Apple Pay,4.9
22-12-2024,Jeddah North,Makkah,XLarge,Beverages,22520.13,233,,Mada,3.6
22-11-2024,Hail Central,Hail,Small,,3451.02,50,69.02,Cash,
25-10-2025,Qatif,Eastern Province,XLarge,Snacks & Confectionery,18833.54,269,70.01,Mastercard,3.5
27-07-2025,Qatif,Eastern Province,XLarge,Beverages,19247.04,253,76.08,Visa,3.9
17-10-2025,Jeddah East,Makkah,Large,Meat & Poultry,17224.38,171,100.73,STC Pay,3.4
22-12-2025,Riyadh Central,Riyadh,Large,Dairy,7920.31,107,74.02,Apple Pay,3.9
29-03-2026,Al Olaya,Riyadh,Large,Fresh Produce,16945.27,175,96.83,Mada,3.7
16-10-2025,Buraidah Central,Qassim,Medium,Meat & Poultry,6072.44,52,116.78,,4.6
15-05-2026,Hafuf,Eastern Province,,Fresh Produce,5910.26,70,84.43,,4.3
16-11-2024,Makkah City,Makkah,Large,Dairy,11293.46,123,91.82,Mastercard,3.5
01-02-2025,Al Jawf Central,Al Jawf,Small,Fresh Produce,2857.77,,57.16,Mada,3.2
22-07-2025,Jeddah East,Makkah,Large,Dairy,6360.68,69,92.18,Apple Pay,3.3
02-01-2025,Riyadh South,Riyadh,,Beverages,11397.68,117,97.42,Mada,3.3
02-12-2025,Tabuk Central,Tabuk,Medium,Toys,5886.36,60,98.11,Mada,
25-03-2026,Riyadh North,Riyadh,Large,Dairy,10306.89,117,88.09,Visa,4.0
16-07-2025,Al Bahah Central,Al Bahah,Small,Personal Care,2162.51,50,43.25,Visa,4.0
09-07-2025,Abha Central,Asir,Small,,3451.47,50,69.03,Visa,3.8
31-10-2024,Madinah North,Madinah,Large,Electronics,18625.69,129,144.39,Apple Pay,3.8
25-03-2025,Al Malaz,Riyadh,Large,Fresh Produce,17245.98,215,80.21,Mada,3.8
18-06-2024,Al Wajh,Tabuk,Medium,Frozen Foods,4553.45,58,78.51,Apple Pay,3.2
29-06-2025,Hafuf,Eastern Province,Medium,Household,6106.03,56,109.04,Mastercard,3.7
26-11-2025,Al Jawf Central,Al Jawf,Small,Fresh Produce,2847.28,50,56.95,Mada,3.9
10-10-2024,Riyadh South,Riyadh,,Fresh Produce,12849.99,163,,Mada,3.6
16-05-2025,Bisha,Asir,Medium,Clothing,6243.14,57,,Mada,3.1
10-10-2025,Riyadh West,Riyadh,Large,Frozen Foods,14715.6,160,91.97,Mastercard,3.5
14-05-2025,Arar Central,Northern Borders,Small,,2756.55,,55.13,Mastercard,2.8
12-10-2025,Arar Central,Northern Borders,Small,Meat & Poultry,4293.82,50,85.88,Visa,3.7
21-05-2025,Al Rawdah,Makkah,Large,Snacks & Confectionery,7342.7,,88.47,Visa,4.2
18-03-2026,Al Bahah Central,Al Bahah,Small,Toys,2248.1,50,44.96,Cash,3.7
28-05-2026,Hittin,Riyadh,,Beverages,12840.0,180,71.33,Mada,3.6
27-10-2025,Makkah City,Makkah,Large,Cleaning Supplies,7439.73,109,68.25,Cash,3.7
23-02-2024,Jeddah South,Makkah,Large,Dairy,9350.76,126,74.21,Mada,3.9
21-12-2025,Al Malaz,Riyadh,Large,Bakery,10092.07,111,90.92,Visa,
13-12-2025,Riyadh Central,Riyadh,,Fresh Produce,15306.32,194,78.9,Mastercard,3.7
13-03-2024,Najran Central,Najran,Medium,Fresh Produce,6481.24,80,81.02,Cash,3.6
03-03-2026,Khamis Mushait,Asir,Small,Cleaning Supplies,2301.22,50,46.02,Mastercard,3.8
27-06-2025,Riyadh West,Riyadh,Large,Personal Care,12157.35,110,110.52,,4.0
22-09-2025,Tabuk Central,Tabuk,Medium,Snacks & Confectionery,4715.67,50,94.31,Cash,4.4
26-08-2025,Hittin,Riyadh,XLarge,Meat & Poultry,21178.48,187,113.25,Apple Pay,4.0
20-07-2025,Madinah North,Madinah,Large,Frozen Foods,12757.69,132,96.65,STC Pay,4.4
18-05-2026,Riyadh North,Riyadh,Large,Cleaning Supplies,8934.65,101,88.46,Visa,3.9
13-03-2026,Riyadh South,Riyadh,Large,Baby Products,18398.9,174,105.74,,4.2
15-10-2025,Al Bahah Central,Al Bahah,Small,Household,2713.19,50,54.26,Tamara,3.8
09-01-2025,Tabuk Central,Tabuk,Medium,Fresh Produce,5119.59,56,91.42,Tamara,3.7
18-01-2024,Riyadh West,Riyadh,Large,Electronics,14687.82,100,146.88,STC Pay,4.2
05-10-2025,Al Khobar,Eastern Province,Large,Frozen Foods,15387.72,169,91.05,Mada,3.7
04-07-2025,Unaizah,Qassim,Small,Dairy,2457.55,50,49.15,,3.8
30-11-2024,Unaizah,Qassim,Small,Clothing,4394.17,50,87.88,Mastercard,4.3
13-11-2024,Riyadh West,Riyadh,Large,Frozen Foods,11528.74,149,77.37,Cash,4.2
18-09-2025,Arar Central,Northern Borders,Small,,2198.65,50,43.97,Mastercard,3.8
13-01-2024,Hittin,Riyadh,XLarge,Toys,27763.0,252,110.17,Tabby,3.3
19-06-2024,Al Anbariyah,Madinah,Large,Frozen Foods,7937.86,103,77.07,Mastercard,3.7
28-02-2026,Hittin,Riyadh,XLarge,Meat & Poultry,33277.34,293,113.57,Visa,3.9
23-05-2025,Riyadh West,Riyadh,Large,Meat & Poultry,14025.45,127,110.44,Visa,4.9
10-06-2024,Abha Central,Asir,Small,Fresh Produce,,50,32.69,Mastercard,3.7
29-05-2026,Riyadh East,Riyadh,Large,Bakery,11706.51,154,76.02,Mada,4.3
02-07-2024,Jeddah North,Makkah,XLarge,Snacks & Confectionery,16757.96,208,80.57,STC Pay,4.0
11-09-2024,Jubail,Eastern Province,Large,Frozen Foods,9045.42,93,97.26,Cash,3.4
02-05-2024,Abha Central,Asir,Small,Cleaning Supplies,1926.24,50,38.52,Apple Pay,4.6
21-04-2025,Riyadh West,Riyadh,Large,Frozen Foods,12842.0,134,95.84,Cash,3.7
09-01-2024,Arar Central,Northern Borders,Small,Dairy,1699.48,,33.99,Mastercard,3.6
02-03-2026,Al Bahah Central,Al Bahah,Small,Frozen Foods,2464.56,50,49.29,Apple Pay,4.0
07-01-2024,Jeddah North,Makkah,XLarge,Electronics,38989.53,304,128.26,Visa,4.0
02-01-2024,Qatif,Eastern Province,XLarge,Meat & Poultry,21471.02,,100.8,Mada,3.9
26-06-2025,Al Rawdah,Makkah,Large,Meat & Poultry,14162.36,152,93.17,Tabby,4.0
25-08-2024,Riyadh East,Riyadh,Large,Household,17227.77,186,92.62,Mada,
17-08-2025,Al Malaz,Riyadh,Large,Fresh Produce,10007.01,125,80.06,Cash,3.4
30-08-2024,Makkah City,Makkah,Large,Snacks & Confectionery,9515.35,135,70.48,Mada,3.6
21-11-2024,Jubail,Eastern Province,Large,Bakery,9134.76,143,63.88,Cash,3.8
17-06-2024,Al Olaya,Riyadh,Large,Dairy,7120.45,75,94.94,Mada,3.6
07-04-2025,Al Rawdah,Makkah,Large,Dairy,8754.3,,95.16,Mada,3.5
08-08-2024,Riyadh East,Riyadh,Large,Dairy,10190.2,106,96.13,Mada,3.1
09-02-2025,Hafuf,Eastern Province,Medium,Clothing,8014.03,63,127.21,Tamara,4.2
23-07-2025,Hail Central,Hail,Small,Bakery,1923.35,50,,Apple Pay,3.7
04-05-2024,Makkah City,Makkah,Large,Snacks & Confectionery,,135,68.76,Cash,4.0
19-08-2025,Al Malaz,Riyadh,,Cleaning Supplies,8158.13,86,94.86,Tamara,3.5
23-10-2025,Al Aziziyah,Makkah,Large,Fresh Produce,10409.73,134,77.68,Apple Pay,3.7
21-02-2024,Arar Central,Northern Borders,Small,Personal Care,1728.59,50,34.57,Mada,3.7
26-01-2025,Riyadh North,Riyadh,Large,Fresh Produce,14036.91,138,101.72,Mada,3.6
20-09-2025,Riyadh East,Riyadh,Large,Bakery,12882.09,157,82.05,Mada,4.6
03-03-2024,Najran Central,Najran,Medium,Meat & Poultry,6914.81,60,115.25,Visa,3.9
24-03-2026,Unaizah,Qassim,Small,Meat & Poultry,2061.91,50,41.24,Mada,3.3
18-12-2024,Al Bahah Central,Al Bahah,Small,Household,3455.44,50,69.11,Mada,3.5
29-02-2024,Dammam Central,Eastern Province,Large,Beverages,10130.07,112,90.45,Visa,4.1
12-06-2024,Madinah Central,Madinah,Small,Clothing,1999.8,50,40.0,Apple Pay,3.7
12-08-2025,Madinah Central,Madinah,Small,Snacks & Confectionery,2222.14,50,44.44,Apple Pay,3.5
29-06-2024,Jeddah East,Makkah,Large,Dairy,9980.37,136,73.39,,3.3
04-08-2025,Hafuf,Eastern Province,Medium,Household,5135.62,50,102.71,Tamara,3.5
09-07-2025,Al Bahah Central,Al Bahah,Small,Beverages,1726.62,50,34.53,Mada,3.7
05-12-2024,Riyadh Central,Riyadh,Large,Bakery,11995.51,,88.2,Mastercard,4.3
01-03-2024,Jubail,Eastern Province,Large,Personal Care,10198.64,125,81.59,Apple Pay,4.3
17-01-2025,Riyadh West,Riyadh,Large,,16673.08,149,111.9,Mada,3.1
19-05-2024,Jubail,Eastern Province,Large,Frozen Foods,15687.3,173,90.68,Visa,3.5
16-08-2024,Hafuf,Eastern Province,Medium,Snacks & Confectionery,5998.84,69,86.94,Mastercard,3.8
10-05-2024,Al Khobar,Eastern Province,Large,Electronics,14046.69,116,121.09,Visa,4.2
05-07-2024,Riyadh East,Riyadh,Large,Cleaning Supplies,10410.67,,65.89,Mada,3.2
23-05-2025,Al Olaya,Riyadh,Large,Frozen Foods,9279.88,94,98.72,Tamara,4.2
21-04-2026,Al Malaz,Riyadh,Large,Clothing,16150.55,162,,Mada,4.5
02-08-2024,Al Anbariyah,Madinah,Large,Electronics,14701.32,102,144.13,Cash,4.2
19-06-2024,Tabuk Central,Tabuk,Medium,Beverages,5108.0,57,89.61,Visa,3.8
28-04-2026,Al Olaya,Riyadh,Large,Snacks & Confectionery,10241.0,132,77.58,Mastercard,3.9
28-10-2024,Riyadh East,Riyadh,Large,Dairy,6339.49,66,96.05,Mada,
13-06-2024,Khamis Mushait,Asir,Small,Household,2627.91,50,52.56,Cash,3.1
22-12-2025,Najran Central,Najran,Medium,Baby Products,4723.66,50,94.47,STC Pay,3.5
24-02-2024,Jeddah South,Makkah,Large,Bakery,8565.51,100,85.66,Mastercard,3.7
07-11-2025,Al Anbariyah,Madinah,Large,Bakery,10015.42,109,,Visa,3.2
06-06-2024,Al Bahah Central,Al Bahah,Small,Electronics,2311.85,50,46.24,Apple Pay,3.3
27-01-2024,Al Olaya,Riyadh,Large,Clothing,14863.71,153,97.15,Mada,3.5
11-11-2024,Hittin,Riyadh,XLarge,Beverages,18782.84,255,73.66,Mada,3.8
25-01-2025,Abha Central,Asir,Small,Beverages,2770.87,50,55.42,Mada,3.3
07-05-2026,Madinah Central,Madinah,Small,Electronics,2808.63,50,56.17,Mastercard,3.9
27-02-2025,Unaizah,Qassim,Small,Personal Care,2780.9,50,55.62,Apple Pay,3.8
04-03-2025,Buraidah Central,Qassim,Medium,Toys,,120,81.53,Visa,3.8
24-05-2026,Bisha,Asir,Medium,Household,8142.94,94,86.63,Apple Pay,4.1
03-05-2024,Jeddah North,Makkah,XLarge,Beverages,23625.89,327,72.25,Mada,4.1
09-03-2025,Riyadh East,Riyadh,Large,Toys,16728.89,155,107.93,Apple Pay,4.1
04-05-2026,Jeddah North,Makkah,XLarge,Dairy,13918.41,189,73.64,Apple Pay,4.4
27-05-2026,Jubail,Eastern Province,Large,Beverages,7647.07,103,74.24,Apple Pay,4.1
11-03-2026,Buraidah Central,Qassim,Medium,Meat & Poultry,6117.1,50,122.34,Visa,3.8
30-07-2025,Al Olaya,Riyadh,Large,Frozen Foods,10020.31,130,77.08,STC Pay,2.9
27-09-2024,Tabuk Central,Tabuk,Medium,Beverages,5634.35,69,81.66,Cash,3.8
09-02-2024,Bisha,Asir,Medium,Cleaning Supplies,4687.28,64,73.24,Cash,4.0
02-10-2024,Najran Central,Najran,Medium,Electronics,9164.86,79,116.01,Mada,3.7
21-08-2024,Al Olaya,Riyadh,Large,Baby Products,8629.45,80,107.87,Apple Pay,4.3
16-01-2026,Dammam Central,Eastern Province,Large,Clothing,14353.19,109,131.68,Mada,4.1
17-01-2025,Buraidah Central,Qassim,Medium,Household,7876.22,68,115.83,Mada,3.2
17-02-2025,Al Jawf Central,Al Jawf,Small,Snacks & Confectionery,1379.4,50,27.59,Cash,3.9
12-09-2024,Riyadh South,Riyadh,Large,Electronics,11068.32,80,138.35,,4.5
23-04-2026,Abha Central,Asir,Small,Meat & Poultry,3361.79,50,67.24,Mastercard,3.6
30-06-2024,Hail Central,Hail,Small,Beverages,3259.63,50,65.19,Mada,4.1
05-02-2026,Al Anbariyah,Madinah,Large,Fresh Produce,10835.65,97,111.71,Cash,4.2
27-05-2026,Al Rawdah,Makkah,Large,Bakery,6521.73,76,85.81,,3.2
21-01-2024,Al Jawf Central,Al Jawf,Small,Baby Products,4074.94,50,81.5,Mada,3.8
17-08-2024,Riyadh Central,Riyadh,Large,Snacks & Confectionery,10905.09,122,89.39,Tabby,4.0
09-03-2025,Dammam Central,Eastern Province,Large,Snacks & Confectionery,22621.94,271,83.48,Mada,3.6
21-08-2025,Bisha,Asir,Medium,Household,4365.96,50,87.32,Apple Pay,4.3
28-07-2025,Abha Central,Asir,Small,Personal Care,2191.14,50,43.82,Cash,4.7
10-10-2024,Jubail,Eastern Province,Large,Toys,9879.65,,82.33,Mada,4.3
13-06-2025,Jeddah North,Makkah,XLarge,Cleaning Supplies,18907.14,272,69.51,Apple Pay,3.5
08-01-2026,Makkah City,Makkah,Large,Beverages,6837.64,73,93.67,STC Pay,3.5
01-02-2025,Bisha,Asir,Medium,Personal Care,8000.36,100,80.0,Apple Pay,3.5
15-10-2025,Unaizah,Qassim,Small,Cleaning Supplies,2322.74,50,46.45,Visa,4.1
10-05-2026,Jeddah South,Makkah,Large,Household,15401.51,141,109.23,Mada,3.8
27-11-2025,Jeddah East,Makkah,Large,Clothing,17452.27,134,130.24,Mada,3.2
06-03-2025,Dhahran,Eastern Province,XLarge,Meat & Poultry,37657.67,309,121.87,Mada,4.3
28-04-2025,Riyadh West,Riyadh,Large,Household,14746.29,169,87.26,Mada,3.4
27-02-2025,Dhahran,Eastern Province,XLarge,,10933.43,113,96.76,Mada,3.6
26-05-2024,Arar Central,Northern Borders,Small,,2779.73,50,55.59,Mada,3.9
16-11-2024,Jeddah East,Makkah,Large,Electronics,24751.65,173,143.07,Apple Pay,4.1
15-03-2026,Al Bahah Central,Al Bahah,Small,Fresh Produce,3685.38,50,73.71,Visa,4.2
15-03-2025,Bisha,Asir,Medium,Meat & Poultry,17376.43,128,135.75,Mada,3.8
14-02-2026,Jubail,Eastern Province,Large,Fresh Produce,15414.58,183,84.23,Visa,3.8
19-08-2024,Madinah North,Madinah,Large,Meat & Poultry,11725.0,90,130.28,Mada,3.6
01-11-2024,Riyadh East,Riyadh,Large,Beverages,15952.38,,,Visa,3.7
04-12-2025,Al Wajh,Tabuk,Medium,Meat & Poultry,9355.69,98,95.47,Mada,4.2
20-01-2024,Bisha,Asir,Medium,Frozen Foods,5929.42,57,104.02,Mastercard,4.7
22-06-2024,Al Jawf Central,Al Jawf,Small,Toys,2517.0,50,50.34,Mada,3.2
31-08-2025,Riyadh South,Riyadh,Large,Clothing,20665.36,190,108.77,Cash,3.3
02-03-2025,Hittin,Riyadh,XLarge,Fresh Produce,34063.49,341,99.89,Mastercard,4.2
04-11-2024,Riyadh Central,Riyadh,Large,Fresh Produce,9635.67,107,90.05,Visa,4.4
04-03-2025,Makkah City,Makkah,Large,Fresh Produce,16977.97,205,82.82,Cash,3.9
15-09-2025,Al Aziziyah,Makkah,Large,Dairy,6821.57,86,79.32,Mada,3.9
29-10-2024,Tabuk Central,Tabuk,Medium,Household,4647.01,54,86.06,Mastercard,3.5
18-11-2025,Riyadh Central,Riyadh,Large,Fresh Produce,8120.54,92,88.27,Mada,3.8
09-03-2026,Al Malaz,Riyadh,Large,Frozen Foods,9451.07,90,105.01,Mada,3.9
27-09-2024,Al Khobar,Eastern Province,Large,Fresh Produce,12139.63,117,103.76,Cash,5.0
03-01-2025,Al Khobar,Eastern Province,Large,Dairy,12142.98,166,73.15,Cash,3.8
10-11-2025,Makkah City,Makkah,Large,Dairy,9651.34,139,69.43,Tabby,3.7
20-01-2026,Dammam Central,Eastern Province,Large,Snacks & Confectionery,6407.17,68,94.22,Mada,4.1
07-12-2025,Khamis Mushait,Asir,Small,Snacks & Confectionery,3828.17,50,76.56,Apple Pay,3.5
15-05-2024,Hittin,Riyadh,XLarge,Electronics,25184.22,228,110.46,Mada,3.5
04-07-2024,Hail Central,Hail,Small,Frozen Foods,2227.84,50,44.56,Apple Pay,3.9
09-05-2025,Makkah City,Makkah,,Fresh Produce,14410.4,154,93.57,Cash,3.8
24-02-2026,Buraidah Central,Qassim,Medium,Frozen Foods,4846.63,50,96.93,Tabby,4.1
15-06-2025,Qatif,Eastern Province,XLarge,Toys,22180.98,195,113.75,Mastercard,4.0
01-06-2024,Khamis Mushait,Asir,Small,Household,3925.16,,78.5,Cash,4.0
01-06-2025,Jeddah South,Makkah,Large,Snacks & Confectionery,13096.51,183,71.57,Cash,3.5
21-02-2024,Dammam Central,Eastern Province,Large,Household,9722.27,92,105.68,Apple Pay,3.8
15-04-2025,Al Malaz,Riyadh,Large,Personal Care,11637.33,102,114.09,Mada,3.3
15-04-2024,Riyadh North,Riyadh,Large,Electronics,15035.17,117,128.51,Apple Pay,4.8
04-06-2025,Dhahran,Eastern Province,XLarge,Clothing,19734.44,168,117.47,,4.3
05-12-2024,Arar Central,Northern Borders,Small,Personal Care,2928.42,50,58.57,Mastercard,2.9
26-04-2024,Hail Central,Hail,Small,Clothing,3400.79,50,68.02,Mada,
17-01-2025,Buraidah Central,Qassim,Medium,Electronics,9681.73,64,151.28,Cash,3.3
19-04-2024,Tabuk Central,Tabuk,Medium,Fresh Produce,6631.23,62,106.96,Apple Pay,4.0
03-01-2026,Al Aziziyah,Makkah,Large,Frozen Foods,12322.51,114,108.09,Visa,4.5
01-03-2026,Hittin,Riyadh,XLarge,Beverages,27677.87,337,82.13,Visa,4.0
20-07-2025,Riyadh South,Riyadh,Large,Snacks & Confectionery,13910.72,168,82.8,Visa,3.8
09-12-2025,Jeddah East,Makkah,Large,Frozen Foods,11098.51,107,103.72,Mada,
28-01-2025,Al Jawf Central,Al Jawf,Small,Personal Care,2076.07,50,41.52,Mada,3.1
17-12-2024,Bisha,Asir,Medium,Beverages,6625.8,66,100.39,Mada,3.6
13-05-2026,Dhahran,Eastern Province,,Snacks & Confectionery,,210,75.84,STC Pay,3.4
24-07-2024,Al Rawdah,Makkah,Large,Toys,7941.24,89,89.23,STC Pay,4.2
30-05-2025,Jeddah East,Makkah,Large,Clothing,15366.71,144,106.71,Apple Pay,
19-08-2025,Najran Central,Najran,Medium,Clothing,6136.72,51,120.33,Mastercard,4.0
07-04-2026,Al Wajh,Tabuk,Medium,Fresh Produce,4316.85,50,86.34,Cash,3.5
23-07-2024,Riyadh South,Riyadh,Large,Frozen Foods,7454.42,101,73.81,Mastercard,3.9
27-07-2024,Al Khobar,Eastern Province,Large,Electronics,21935.25,189,116.06,Cash,3.9
30-01-2026,Madinah Central,Madinah,Small,Meat & Poultry,3544.09,50,70.88,Apple Pay,3.4
25-01-2025,Riyadh South,Riyadh,Large,Baby Products,15131.77,171,88.49,,3.2
14-01-2024,Riyadh South,Riyadh,Large,Bakery,12042.93,184,65.45,Apple Pay,3.5
12-02-2026,Abha Central,Asir,Small,Frozen Foods,2154.09,50,43.08,Mastercard,3.7
28-10-2024,Al Aziziyah,Makkah,Large,Baby Products,10898.67,86,126.73,Tabby,3.8
14-03-2025,Riyadh East,Riyadh,,Dairy,14764.74,159,92.86,Apple Pay,3.6
04-12-2024,Riyadh Central,Riyadh,Large,Baby Products,12760.94,99,128.9,STC Pay,
17-05-2025,Dhahran,Eastern Province,XLarge,Household,30381.13,251,121.04,Mastercard,3.6
13-08-2024,Buraidah Central,Qassim,Medium,Household,6402.14,71,,Mada,3.4
14-08-2024,Hafuf,Eastern Province,Medium,,7291.0,59,123.58,Mada,3.7
01-05-2025,Buraidah Central,Qassim,Medium,Snacks & Confectionery,5764.16,83,69.45,Cash,3.6
10-02-2024,Madinah North,Madinah,Large,Dairy,12762.07,186,68.61,STC Pay,3.4
19-09-2024,Khamis Mushait,Asir,Small,Dairy,2122.18,50,42.44,Apple Pay,3.1
13-05-2025,Hail Central,Hail,Small,Cleaning Supplies,1346.1,50,26.92,Visa,4.1
20-06-2024,Al Olaya,Riyadh,Large,Frozen Foods,11274.43,129,87.4,Visa,3.9
02-12-2025,Al Rawdah,Makkah,Large,Fresh Produce,10448.71,117,89.31,Mastercard,4.3
24-10-2025,Al Wajh,Tabuk,Medium,Electronics,11294.81,,121.45,Cash,3.8
25-02-2024,Riyadh West,Riyadh,Large,Bakery,8346.47,92,90.72,Apple Pay,3.7
21-02-2025,Al Anbariyah,Madinah,Large,Clothing,13378.26,113,118.39,Cash,3.6
13-02-2026,Riyadh West,Riyadh,Large,Electronics,18213.39,159,114.55,Mada,
18-04-2024,Al Jawf Central,Al Jawf,Small,Toys,2626.38,50,52.53,Mada,4.0
30-04-2025,Riyadh North,Riyadh,Large,Bakery,7899.99,115,68.7,Apple Pay,3.6
29-10-2024,Unaizah,Qassim,Small,Fresh Produce,2834.26,50,56.69,STC Pay,3.8
12-01-2024,Abha Central,Asir,Small,,,50,61.44,Cash,3.0
04-07-2025,Bisha,Asir,Medium,Fresh Produce,6005.37,58,103.54,Mastercard,
25-05-2024,Al Jawf Central,Al Jawf,Small,Bakery,2150.82,50,43.02,Mada,3.3
18-11-2025,Jeddah East,Makkah,Large,,11018.3,153,72.02,STC Pay,
24-10-2024,Riyadh West,Riyadh,Large,Bakery,9770.5,114,85.71,Visa,3.8
31-12-2024,Qatif,Eastern Province,XLarge,Clothing,19098.38,139,137.4,Visa,4.3
02-12-2024,Hail Central,Hail,Small,Dairy,2270.9,,45.42,Visa,3.4
07-04-2026,Abha Central,Asir,Small,Beverages,2211.65,,44.23,Mada,3.7
10-10-2024,Al Wajh,Tabuk,Medium,Fresh Produce,6528.76,79,82.64,STC Pay,4.4
01-04-2025,Arar Central,Northern Borders,Small,Dairy,2134.1,50,42.68,Mada,3.0
05-07-2025,Makkah City,Makkah,Large,Frozen Foods,10941.01,130,84.16,Mastercard,3.3
19-05-2026,Riyadh North,Riyadh,Large,Electronics,13046.38,103,126.66,Mada,3.1
10-07-2025,Al Anbariyah,Madinah,Large,Household,12661.12,134,94.49,Cash,3.3
16-08-2024,Bisha,Asir,Medium,Personal Care,7723.6,92,83.95,Cash,3.6
29-05-2025,Abha Central,Asir,Small,Bakery,1364.26,50,27.29,Tamara,3.6
14-02-2026,Jeddah South,Makkah,Large,Beverages,12443.65,127,97.98,STC Pay,3.2
02-01-2025,Najran Central,Najran,Medium,Frozen Foods,3679.83,50,73.6,Mada,2.9
13-02-2024,Madinah Central,Madinah,Small,Household,2360.63,50,47.21,Mada,4.3
26-10-2025,Riyadh East,Riyadh,Large,,13502.98,143,94.43,Apple Pay,3.4
15-08-2025,Al Anbariyah,Madinah,Large,Fresh Produce,12037.84,141,85.37,Mada,3.4
14-09-2024,Buraidah Central,Qassim,Medium,Cleaning Supplies,6046.2,78,77.52,Mada,3.2
13-05-2025,Hafuf,Eastern Province,Medium,Cleaning Supplies,4640.05,50,92.8,STC Pay,3.5
20-10-2025,Al Jawf Central,Al Jawf,Small,,1937.32,50,38.75,Visa,3.7
07-11-2025,Hittin,Riyadh,,,18187.82,241,75.47,Mada,3.7
24-10-2025,Jeddah South,Makkah,Large,Electronics,22129.43,139,159.2,Visa,3.8
17-05-2024,Jeddah South,Makkah,Large,Electronics,18164.36,143,127.02,Cash,3.8
05-09-2025,Bisha,Asir,Medium,Clothing,10181.27,101,100.8,Mastercard,4.1
28-03-2024,Al Khobar,Eastern Province,Large,Personal Care,13932.67,144,96.75,Mada,3.9
24-03-2026,Jeddah North,Makkah,,Frozen Foods,17408.17,207,84.1,Visa,4.4
11-01-2026,Jeddah South,Makkah,Large,Cleaning Supplies,12179.46,162,75.18,Cash,3.6
26-07-2024,Riyadh North,Riyadh,Large,Cleaning Supplies,9988.76,137,72.91,Apple Pay,3.9
30-06-2024,Al Olaya,Riyadh,Large,Personal Care,12614.98,108,116.81,Apple Pay,3.6
06-11-2025,Najran Central,Najran,Medium,Personal Care,4894.34,58,84.39,STC Pay,3.8
18-06-2025,Al Wajh,Tabuk,Medium,Cleaning Supplies,3720.2,,72.95,Mada,4.2
24-12-2024,Khamis Mushait,Asir,Small,Frozen Foods,2550.51,50,51.01,Mastercard,3.4
11-03-2025,Al Olaya,Riyadh,Large,Beverages,10943.11,114,95.99,Apple Pay,3.6
20-09-2024,Tabuk Central,Tabuk,Medium,Toys,5597.72,65,86.12,Visa,4.6
16-06-2025,Hittin,Riyadh,XLarge,,13265.87,124,106.98,Mada,3.8
24-09-2024,Al Anbariyah,Madinah,Large,Beverages,10648.6,118,90.24,Mada,4.0
12-02-2026,Bisha,Asir,Medium,Household,4422.22,50,88.44,Mada,3.4
14-08-2025,Dhahran,Eastern Province,XLarge,Toys,16108.29,185,87.07,Apple Pay,3.8
04-02-2026,Hittin,Riyadh,XLarge,Frozen Foods,12493.59,167,74.81,Cash,3.3
13-06-2024,Riyadh South,Riyadh,Large,Clothing,11058.37,107,103.35,Apple Pay,3.8
06-09-2025,Najran Central,Najran,Medium,Electronics,10418.99,71,146.75,Cash,4.2
20-09-2025,Bisha,Asir,Medium,Dairy,7198.61,106,67.91,Cash,3.9
17-10-2025,Jeddah East,Makkah,Large,Electronics,18714.87,164,114.12,STC Pay,3.5
12-06-2025,Al Jawf Central,Al Jawf,Small,Personal Care,2456.56,50,49.13,Mada,3.6
10-06-2024,Riyadh Central,Riyadh,Large,Dairy,5696.03,68,83.77,Mastercard,3.6
24-01-2026,Riyadh Central,Riyadh,Large,Cleaning Supplies,13269.55,173,76.7,Mastercard,3.9
21-12-2024,Hafuf,Eastern Province,Medium,Dairy,9537.13,124,76.91,Mada,4.3
28-06-2024,Al Anbariyah,Madinah,Large,Fresh Produce,10584.12,97,109.11,Mada,
02-04-2026,Hittin,Riyadh,,Bakery,17652.46,238,74.17,Apple Pay,4.0
30-07-2025,Khamis Mushait,Asir,Small,Bakery,1682.49,,33.65,Apple Pay,
23-08-2025,Arar Central,Northern Borders,Small,Beverages,3558.5,50,71.17,Mada,3.7
30-03-2026,Madinah Central,Madinah,Small,Baby Products,2308.21,50,46.16,Cash,3.3
11-09-2024,Al Anbariyah,Madinah,Large,,10487.51,104,100.84,Mada,3.6
28-12-2024,Jubail,Eastern Province,Large,Personal Care,14973.62,137,109.3,Mastercard,3.7
25-05-2025,Al Aziziyah,Makkah,Large,Bakery,12005.45,143,,Mada,3.9
08-06-2024,Hafuf,Eastern Province,Medium,Fresh Produce,7731.59,71,108.9,Tabby,4.6
20-09-2025,Al Bahah Central,Al Bahah,Small,Snacks & Confectionery,2224.75,50,44.49,Apple Pay,3.4
17-05-2025,Dammam Central,Eastern Province,Large,Frozen Foods,11199.58,127,88.19,Mada,4.1
25-02-2024,Makkah City,Makkah,Large,Beverages,11593.07,160,72.46,Cash,3.3
13-04-2025,Jeddah East,Makkah,Large,Toys,21397.69,221,96.82,Mastercard,4.5
21-11-2025,Riyadh Central,Riyadh,Large,Personal Care,12140.47,118,102.89,Visa,3.8
02-10-2024,Madinah North,Madinah,Large,Personal Care,10570.53,,100.67,Mada,4.3
05-03-2025,Al Rawdah,Makkah,Large,Meat & Poultry,19965.73,207,96.45,Mada,3.9
13-04-2026,Madinah Central,Madinah,Small,Dairy,1751.52,50,35.03,Mada,3.8
19-07-2024,Khamis Mushait,Asir,Small,Baby Products,2459.43,50,49.19,Apple Pay,3.8
30-06-2025,Buraidah Central,Qassim,Medium,Frozen Foods,4630.17,50,92.6,Visa,4.2
11-02-2025,Riyadh South,Riyadh,Large,Fresh Produce,6689.69,,102.92,Mada,
23-09-2024,Qatif,Eastern Province,XLarge,Household,16124.99,189,85.32,Mada,
25-02-2025,Riyadh North,Riyadh,Large,Snacks & Confectionery,6187.83,89,69.53,Mada,3.3
10-03-2026,Jeddah East,Makkah,Large,Dairy,7817.96,98,79.78,Apple Pay,3.5
21-03-2024,Hail Central,Hail,Small,Dairy,2960.91,50,59.22,Cash,4.0
07-03-2025,Qatif,Eastern Province,XLarge,Personal Care,36500.15,437,83.52,Cash,4.6
17-12-2024,Jeddah South,Makkah,Large,Dairy,8269.58,94,87.97,Mada,
10-03-2026,Hail Central,Hail,Small,Meat & Poultry,3319.0,50,66.38,Tabby,3.3
20-06-2024,Tabuk Central,Tabuk,Medium,Electronics,5676.24,50,113.52,Mastercard,4.4
03-08-2024,Al Malaz,Riyadh,Large,Fresh Produce,11335.9,103,110.06,STC Pay,3.6
27-01-2024,Riyadh South,Riyadh,Large,Household,17566.18,210,83.65,Cash,3.7
12-11-2024,Khamis Mushait,Asir,Small,Frozen Foods,1990.23,50,39.8,Cash,3.5
08-05-2026,Buraidah Central,Qassim,,Electronics,7190.73,52,138.28,STC Pay,4.1
05-10-2024,Unaizah,Qassim,Small,Fresh Produce,3577.88,50,71.56,Visa,3.3
08-10-2025,Arar Central,Northern Borders,Small,Cleaning Supplies,2283.83,50,45.68,Visa,2.7
06-07-2025,Najran Central,Najran,Medium,Fresh Produce,5433.26,55,98.79,Mada,3.6
06-11-2024,Jeddah North,Makkah,XLarge,Household,14964.95,165,90.7,Cash,3.9
12-02-2026,Al Bahah Central,Al Bahah,Small,Electronics,3000.71,50,60.01,Mada,4.1
26-03-2026,Madinah Central,Madinah,Small,Meat & Poultry,2206.12,,44.12,Visa,3.4
28-04-2026,Khamis Mushait,Asir,Small,Dairy,2158.4,50,43.17,Mada,3.7
18-10-2024,Dammam Central,Eastern Province,Large,Household,15589.95,141,110.57,Mada,4.0
14-10-2025,Hittin,Riyadh,XLarge,Beverages,15714.89,,78.97,Mada,4.1
20-01-2024,Jubail,Eastern Province,Large,Baby Products,13097.67,100,130.98,Tabby,3.8
14-01-2026,Hail Central,Hail,Small,Fresh Produce,1548.26,50,30.97,Mada,3.8
15-11-2024,Tabuk Central,Tabuk,Medium,Beverages,7626.63,85,89.73,Mastercard,4.0
27-02-2024,Jeddah North,Makkah,XLarge,Meat & Poultry,15621.96,144,108.49,Mada,4.0
16-04-2026,Al Anbariyah,Madinah,Large,Electronics,16596.11,151,109.91,Mastercard,3.0
25-01-2026,Madinah North,Madinah,Large,Fresh Produce,16171.9,196,82.51,Cash,4.5
29-04-2025,Al Rawdah,Makkah,Large,Baby Products,12470.53,139,89.72,Mada,3.7
05-05-2024,Buraidah Central,Qassim,Medium,Clothing,7286.88,55,132.49,STC Pay,3.1
25-04-2024,Al Rawdah,Makkah,Large,Beverages,9945.93,94,105.81,Apple Pay,3.5
10-01-2024,Madinah North,Madinah,Large,Personal Care,12156.69,137,88.73,Mastercard,3.6
15-01-2025,Jeddah North,Makkah,XLarge,Bakery,15055.76,200,75.28,Mastercard,3.4
02-03-2024,Riyadh South,Riyadh,Large,Fresh Produce,14073.1,158,89.07,Cash,4.7
26-08-2024,Al Bahah Central,Al Bahah,Small,Household,1990.13,50,39.8,Mada,4.1
06-12-2025,Riyadh North,Riyadh,Large,Frozen Foods,15265.94,156,97.86,Cash,3.4
26-07-2025,Hail Central,Hail,Small,Toys,2869.81,50,57.4,Mada,3.2
01-05-2026,Dammam Central,Eastern Province,Large,Snacks & Confectionery,11280.12,118,95.59,Visa,4.3
29-10-2024,Hail Central,Hail,Small,Household,2958.48,50,59.17,Apple Pay,2.9
26-09-2025,Riyadh North,Riyadh,Large,Frozen Foods,14418.96,146,98.76,Mastercard,3.8
18-04-2026,Unaizah,Qassim,Small,Household,4160.68,50,83.21,Visa,3.3
23-04-2024,Jubail,Eastern Province,Large,Clothing,11376.07,80,,STC Pay,3.6
02-02-2024,Jeddah East,Makkah,Large,Beverages,8838.56,87,101.59,Visa,4.1
30-09-2025,Buraidah Central,Qassim,Medium,Bakery,4497.46,56,80.31,Visa,3.3
14-01-2024,Riyadh West,Riyadh,Large,Bakery,13108.98,174,75.34,STC Pay,4.4
04-01-2025,Riyadh South,Riyadh,Large,Baby Products,,152,,Mada,4.1
23-04-2026,Riyadh South,Riyadh,Large,Household,14487.87,158,91.7,Apple Pay,4.0
09-04-2024,Buraidah Central,Qassim,Medium,Bakery,5551.41,70,79.31,Mada,
06-08-2025,Madinah North,Madinah,Large,Fresh Produce,9820.75,119,82.53,Mada,4.2
21-11-2025,Hafuf,Eastern Province,,Clothing,8748.54,87,100.56,Mada,4.2
17-07-2025,Jeddah East,Makkah,Large,Meat & Poultry,10889.45,85,128.11,Tamara,3.5
17-07-2025,Jubail,Eastern Province,Large,Dairy,10566.23,125,84.53,Apple Pay,3.9
25-04-2026,Al Wajh,Tabuk,Medium,Personal Care,10611.96,114,93.09,Mada,3.9
03-01-2025,Al Anbariyah,Madinah,Large,Beverages,13855.64,156,88.82,,2.9
02-09-2025,Al Khobar,Eastern Province,Large,Fresh Produce,7012.85,90,77.92,Cash,4.1
23-01-2024,Jubail,Eastern Province,Large,Baby Products,12026.39,129,93.23,STC Pay,3.8
23-07-2025,Al Jawf Central,Al Jawf,Small,Personal Care,2231.57,50,44.63,Mada,3.8
26-08-2024,Madinah North,Madinah,Large,Dairy,6714.67,86,78.08,Visa,4.1
21-01-2026,Al Rawdah,Makkah,Large,Dairy,6323.84,78,81.07,Mada,4.3
01-09-2025,Al Olaya,Riyadh,Large,Electronics,14222.6,122,116.58,Mada,3.4
28-02-2026,Riyadh South,Riyadh,Large,Cleaning Supplies,10325.82,128,80.67,STC Pay,4.3
11-10-2025,Riyadh Central,Riyadh,Large,Meat & Poultry,21421.66,179,119.67,Cash,4.3
01-08-2025,Unaizah,Qassim,Small,Household,,50,48.49,Cash,3.6
09-02-2026,Hail Central,Hail,Small,Household,2197.74,50,43.95,Mada,3.2
31-05-2024,Bisha,Asir,,Fresh Produce,4853.54,55,88.25,Cash,
20-03-2025,Al Jawf Central,Al Jawf,Small,Fresh Produce,4080.87,50,81.62,Visa,3.7
08-02-2025,Al Bahah Central,Al Bahah,,Fresh Produce,3233.08,50,64.66,Mastercard,
27-11-2024,Al Wajh,Tabuk,Medium,,6357.44,56,113.53,Mada,4.0
22-12-2024,Abha Central,Asir,Small,Meat & Poultry,3604.28,50,72.09,Apple Pay,3.8
30-09-2025,Hail Central,Hail,Small,Electronics,2532.66,,50.65,Mada,3.9
08-06-2024,Abha Central,Asir,Small,Snacks & Confectionery,3099.83,50,62.0,Cash,4.5
15-01-2024,Al Khobar,Eastern Province,Large,Snacks & Confectionery,7252.3,81,89.53,Mada,3.5
02-08-2024,Qatif,Eastern Province,XLarge,Bakery,18960.45,257,73.78,Apple Pay,3.5
12-12-2025,Jeddah North,Makkah,XLarge,Electronics,,309,126.22,Mastercard,
18-09-2024,Riyadh East,Riyadh,Large,,7086.88,98,72.32,Visa,4.4
09-03-2024,Riyadh Central,Riyadh,Large,Dairy,12750.48,181,70.44,Mastercard,4.0
20-01-2024,Al Olaya,Riyadh,Large,Cleaning Supplies,10630.57,130,81.77,Tabby,3.2
11-05-2025,Jubail,Eastern Province,Large,Household,16995.25,148,114.83,Visa,3.8
28-07-2025,Arar Central,Northern Borders,Small,Electronics,3414.4,,68.29,Visa,
19-01-2024,Jeddah South,Makkah,Large,Meat & Poultry,13189.41,125,105.52,Mada,4.1
09-10-2024,Al Jawf Central,Al Jawf,Small,Personal Care,2864.52,50,57.29,STC Pay,3.6
18-08-2024,Dammam Central,Eastern Province,Large,Cleaning Supplies,9006.36,122,73.82,Cash,3.7
17-06-2025,Khamis Mushait,Asir,Small,Personal Care,2564.85,50,51.3,Mada,3.6
11-09-2025,Dhahran,Eastern Province,XLarge,Household,17691.03,156,113.4,Cash,4.2
01-12-2025,Unaizah,Qassim,Small,Snacks & Confectionery,2543.71,50,50.87,Mastercard,3.4
02-11-2025,Jeddah North,Makkah,XLarge,Cleaning Supplies,27094.92,322,84.15,Visa,4.0
07-07-2024,Hittin,Riyadh,XLarge,Cleaning Supplies,16588.74,231,71.81,Apple Pay,4.3
06-11-2024,Tabuk Central,Tabuk,,Baby Products,6197.41,68,91.14,STC Pay,3.5
04-06-2024,Dammam Central,Eastern Province,Large,Fresh Produce,9800.48,95,103.16,Apple Pay,3.6
02-09-2025,Madinah Central,Madinah,Small,Toys,1956.69,50,39.13,Mastercard,3.4
17-05-2024,Najran Central,Najran,Medium,Personal Care,6390.89,72,88.76,Mada,4.1
16-06-2024,Makkah City,Makkah,Large,Electronics,14610.5,124,117.83,Cash,3.4
26-02-2025,Dammam Central,Eastern Province,Large,Clothing,9480.86,72,131.68,Mada,4.2
23-09-2025,Hail Central,Hail,Small,Dairy,1913.88,50,38.28,Mada,
05-03-2026,Bisha,Asir,Medium,Frozen Foods,4071.26,50,81.43,Mada,3.3
21-06-2025,Unaizah,Qassim,Small,Toys,3394.32,50,67.89,Cash,3.2
26-04-2026,Arar Central,Northern Borders,Small,,3846.25,50,76.92,Visa,
12-06-2025,Khamis Mushait,Asir,Small,Baby Products,2802.99,50,56.06,Mada,3.6
03-03-2026,Dhahran,Eastern Province,XLarge,Beverages,,215,88.05,Visa,4.5
19-04-2025,Jeddah North,Makkah,XLarge,Beverages,33225.4,425,78.18,Cash,4.2
18-05-2024,Unaizah,Qassim,Small,Dairy,2643.49,50,52.87,Mada,4.3
02-04-2024,Arar Central,Northern Borders,Small,Toys,3442.82,50,68.86,Apple Pay,3.1
03-04-2024,Hittin,Riyadh,XLarge,Beverages,21638.11,240,90.16,Visa,3.5
18-09-2025,Al Jawf Central,Al Jawf,Small,Meat & Poultry,3545.66,50,70.91,Apple Pay,4.1
02-08-2025,Qatif,Eastern Province,XLarge,Snacks & Confectionery,25854.14,272,95.05,Cash,4.0
12-11-2024,Dhahran,Eastern Province,XLarge,Baby Products,23409.5,204,114.75,Mada,3.9
26-07-2024,Makkah City,Makkah,Large,Frozen Foods,8167.71,74,110.37,Mada,3.1
31-08-2024,Al Bahah Central,Al Bahah,Small,Clothing,3418.88,50,68.38,Mada,3.6
07-09-2024,Riyadh Central,Riyadh,Large,Dairy,15563.42,204,76.29,Apple Pay,3.9
30-10-2025,Riyadh South,Riyadh,,Fresh Produce,9865.86,89,110.85,Visa,4.0
05-12-2024,Dhahran,Eastern Province,XLarge,Electronics,35682.69,265,134.65,Mada,3.7
11-04-2025,Jeddah East,Makkah,Large,Meat & Poultry,20581.4,152,135.4,Apple Pay,3.3
12-01-2025,Jubail,Eastern Province,Large,Snacks & Confectionery,14128.28,190,74.36,Apple Pay,4.2
12-12-2025,Hittin,Riyadh,XLarge,Dairy,25871.79,312,82.92,Mada,4.2
18-09-2025,Al Rawdah,Makkah,Large,Personal Care,8233.82,103,79.94,Visa,4.3
13-03-2025,Al Khobar,Eastern Province,Large,Dairy,14645.13,184,79.59,Tamara,4.1
12-05-2024,Hafuf,Eastern Province,Medium,Beverages,6588.35,84,,Mada,4.1
26-12-2025,Madinah Central,Madinah,Small,Fresh Produce,2887.61,,57.75,Mada,2.8
25-01-2026,Hittin,Riyadh,XLarge,Snacks & Confectionery,23690.14,346,68.47,Mada,3.7
12-01-2024,Al Rawdah,Makkah,Large,Toys,13347.73,126,105.93,Cash,4.2
02-06-2025,Dhahran,Eastern Province,XLarge,Frozen Foods,14170.81,136,104.2,Mada,
02-05-2026,Riyadh North,Riyadh,Large,Meat & Poultry,13933.91,118,118.08,Mastercard,4.1
27-03-2026,Najran Central,Najran,Medium,Fresh Produce,5017.9,50,100.36,Mada,4.4
13-03-2026,Arar Central,Northern Borders,Small,Cleaning Supplies,3008.37,50,,Visa,3.0
22-07-2025,Jubail,Eastern Province,Large,Bakery,7400.92,106,69.82,Apple Pay,4.1
14-10-2024,Jeddah North,Makkah,XLarge,Meat & Poultry,23805.6,205,116.12,Visa,3.8
07-08-2025,Jeddah South,Makkah,Large,Fresh Produce,10264.0,96,106.92,Apple Pay,3.5
05-10-2024,Riyadh East,Riyadh,Large,Beverages,13742.4,144,95.43,Mada,4.5
09-08-2024,Dhahran,Eastern Province,XLarge,Fresh Produce,20428.1,215,95.01,Cash,4.1
26-01-2024,Al Jawf Central,Al Jawf,Small,Cleaning Supplies,2702.94,50,54.06,Mada,3.8
20-01-2026,Najran Central,Najran,Medium,Dairy,4938.29,57,86.64,Apple Pay,4.7
23-11-2025,Buraidah Central,Qassim,Medium,Bakery,8018.98,87,92.17,Mada,4.5
28-04-2024,Buraidah Central,Qassim,Medium,Baby Products,7108.86,72,98.73,Visa,4.2
15-04-2024,Riyadh East,Riyadh,Large,Clothing,14182.01,114,124.4,Visa,4.0
16-10-2025,Dhahran,Eastern Province,XLarge,Dairy,19801.17,217,91.25,Mada,3.8
06-10-2024,Hittin,Riyadh,XLarge,Dairy,17474.65,176,99.29,Visa,
14-04-2024,Al Jawf Central,Al Jawf,Small,Meat & Poultry,3799.92,50,76.0,Cash,3.5
24-06-2024,Madinah North,Madinah,Large,Personal Care,6691.29,65,102.94,Mada,3.5
30-01-2024,Makkah City,Makkah,Large,Clothing,11316.21,82,138.0,Cash,3.6
23-09-2025,Hail Central,Hail,Small,Meat & Poultry,2440.89,50,48.82,Apple Pay,3.7
21-03-2024,Unaizah,Qassim,Small,Frozen Foods,4363.28,50,87.27,Cash,3.9
09-04-2024,Arar Central,Northern Borders,Small,Toys,3881.26,50,77.63,Mada,2.8
17-08-2024,Madinah Central,Madinah,Small,Cleaning Supplies,2211.57,50,44.23,Mada,4.0
18-03-2026,Qatif,Eastern Province,XLarge,Dairy,18498.34,230,80.43,Cash,4.8
25-12-2024,Hittin,Riyadh,XLarge,Snacks & Confectionery,17199.05,191,90.05,Mada,3.6
17-04-2026,Bisha,Asir,Medium,Fresh Produce,8516.52,96,88.71,Cash,3.6
29-06-2025,Dhahran,Eastern Province,XLarge,Personal Care,21450.59,202,106.19,Mada,4.2
14-12-2024,Riyadh West,Riyadh,Large,Toys,14875.88,152,,,4.2
11-07-2025,Qatif,Eastern Province,XLarge,Fresh Produce,21553.49,255,84.52,Mastercard,3.8
29-08-2025,Hittin,Riyadh,XLarge,Dairy,18840.67,197,95.64,Mada,3.3
19-02-2025,Dhahran,Eastern Province,XLarge,,11493.18,143,80.37,Apple Pay,3.7
02-04-2024,Riyadh South,Riyadh,Large,Fresh Produce,13982.47,160,87.39,Apple Pay,4.1
14-02-2026,Riyadh Central,Riyadh,Large,Fresh Produce,10597.64,119,89.06,Mada,3.6
02-11-2024,Jubail,Eastern Province,Large,Cleaning Supplies,14373.66,169,85.05,STC Pay,3.7
05-01-2026,Al Wajh,Tabuk,Medium,Meat & Poultry,6877.29,52,132.26,Cash,4.2
22-05-2026,Makkah City,Makkah,Large,Meat & Poultry,12783.84,118,108.34,Cash,3.8
22-04-2024,Hafuf,Eastern Province,Medium,Snacks & Confectionery,6140.95,66,93.04,Mastercard,3.5
19-02-2025,Khamis Mushait,Asir,Small,Household,2073.3,50,41.47,,3.8
22-07-2025,Al Aziziyah,Makkah,Large,Cleaning Supplies,7083.92,103,68.78,Mada,4.4
12-01-2024,Makkah City,Makkah,Large,Electronics,13081.03,109,120.01,Mada,3.8
19-05-2024,Al Wajh,Tabuk,Medium,Clothing,6526.85,54,120.87,Mada,3.9
30-09-2025,Al Wajh,Tabuk,Medium,Household,4482.13,50,89.64,Mada,3.3
19-08-2024,Hafuf,Eastern Province,Medium,Personal Care,3922.39,50,78.45,Apple Pay,3.8
13-07-2025,Tabuk Central,Tabuk,Medium,Electronics,9570.93,60,159.52,Mada,4.3
25-04-2024,Abha Central,Asir,Small,Baby Products,3412.72,50,68.25,Mastercard,2.8
21-04-2025,Dammam Central,Eastern Province,Large,Household,12308.43,128,96.16,,3.7
01-12-2025,Riyadh West,Riyadh,Large,Snacks & Confectionery,10272.8,115,89.33,Cash,3.4
09-04-2025,Najran Central,Najran,Medium,Beverages,5684.06,73,77.86,Mada,4.4
23-10-2024,Al Khobar,Eastern Province,Large,Toys,8820.25,,91.88,Mada,3.9
15-08-2025,Najran Central,Najran,Medium,Electronics,7183.57,66,108.84,Apple Pay,3.5
20-10-2024,Riyadh North,Riyadh,Large,Fresh Produce,14010.27,129,108.61,Apple Pay,3.8
28-05-2026,Dammam Central,Eastern Province,Large,Frozen Foods,8258.73,97,85.14,STC Pay,4.4
05-11-2025,Jeddah North,Makkah,XLarge,Snacks & Confectionery,16165.52,178,90.82,Mastercard,3.3
17-12-2024,Riyadh East,Riyadh,Large,Baby Products,16007.49,158,101.31,Apple Pay,3.9
09-02-2026,Al Bahah Central,Al Bahah,Small,Frozen Foods,2327.43,,46.55,Mada,3.4
25-02-2024,Hafuf,Eastern Province,Medium,Frozen Foods,6553.27,63,104.02,Mada,3.6
02-05-2025,Bisha,Asir,Medium,Frozen Foods,5282.42,66,80.04,Visa,3.3
25-09-2024,Najran Central,Najran,Medium,Cleaning Supplies,3495.25,50,69.91,STC Pay,4.2
26-01-2025,Hail Central,Hail,,Baby Products,3734.54,,74.69,Cash,
17-09-2025,Al Wajh,Tabuk,Medium,Snacks & Confectionery,5556.8,63,,Mada,3.5
18-09-2024,Al Olaya,Riyadh,Large,Meat & Poultry,12819.22,129,99.37,Mastercard,3.7
16-06-2025,Al Aziziyah,Makkah,Large,Toys,7932.49,72,110.17,Visa,
01-05-2026,Riyadh Central,Riyadh,Large,Meat & Poultry,11039.31,101,109.3,Mastercard,3.4
16-07-2024,Al Anbariyah,Madinah,Large,Personal Care,6897.8,59,116.91,Visa,4.3
05-09-2025,Al Rawdah,Makkah,Large,Toys,14032.47,125,112.26,Apple Pay,4.2
23-04-2024,Jeddah East,Makkah,Large,Bakery,10465.31,137,76.39,STC Pay,4.2
10-10-2024,Arar Central,Northern Borders,Small,Toys,2964.54,50,59.29,Apple Pay,3.6
06-03-2026,Dammam Central,Eastern Province,Large,Meat & Poultry,12153.91,132,92.08,Mada,4.5
01-07-2024,Al Anbariyah,Madinah,Large,Beverages,7695.25,106,72.6,,4.0
07-07-2025,Jeddah North,Makkah,XLarge,Bakery,13756.82,193,71.28,,4.4
15-04-2024,Al Anbariyah,Madinah,Large,Electronics,11899.11,99,120.19,Apple Pay,4.3
08-02-2024,Riyadh Central,Riyadh,Large,Dairy,8901.96,120,74.18,STC Pay,
11-06-2025,Riyadh Central,Riyadh,Large,Frozen Foods,9473.45,106,89.37,Mada,3.7
07-07-2025,Riyadh West,Riyadh,Large,Meat & Poultry,8773.34,85,103.22,Apple Pay,3.1
03-08-2025,Hittin,Riyadh,XLarge,Baby Products,26045.15,231,,Mada,5.0
09-01-2025,Al Malaz,Riyadh,Large,Baby Products,11542.56,91,126.84,,4.3
25-10-2025,Al Khobar,Eastern Province,Large,Household,,169,84.32,Mastercard,3.7
07-10-2025,Al Olaya,Riyadh,,Beverages,10343.78,140,73.88,Mada,4.2
23-05-2024,Al Aziziyah,Makkah,Large,Electronics,10534.69,97,108.61,Mada,3.3
26-05-2025,Dhahran,Eastern Province,XLarge,Snacks & Confectionery,13821.28,165,83.77,Tamara,4.5
13-12-2024,Riyadh East,Riyadh,Large,Frozen Foods,10601.85,98,108.18,Cash,4.0
25-11-2025,Arar Central,Northern Borders,Small,Household,3171.45,50,63.43,Mada,
07-02-2024,Riyadh West,Riyadh,Large,Beverages,9273.54,88,105.38,STC Pay,3.6
15-01-2024,Makkah City,Makkah,Large,Electronics,10345.56,73,141.72,Apple Pay,3.6
17-09-2025,Arar Central,Northern Borders,Small,Personal Care,1924.04,50,38.48,,2.9
05-03-2024,Madinah Central,Madinah,Small,Beverages,2497.47,50,49.95,Tamara,3.6
28-11-2024,Bisha,Asir,Medium,Toys,4863.13,52,93.52,Mada,4.1
30-08-2025,Riyadh East,Riyadh,Large,Electronics,16444.01,115,142.99,Apple Pay,3.7
14-12-2025,Jeddah South,Makkah,Large,Fresh Produce,14391.29,143,100.64,Visa,4.3
07-03-2026,Khamis Mushait,Asir,Small,Cleaning Supplies,2467.12,50,49.34,Cash,4.1
24-12-2025,Al Malaz,Riyadh,Large,Cleaning Supplies,10440.08,129,80.93,Apple Pay,3.9
26-05-2024,Al Rawdah,Makkah,Large,Household,15265.96,147,103.85,STC Pay,3.2
02-09-2025,Riyadh East,Riyadh,Large,Beverages,7408.94,102,72.64,Visa,3.9
25-07-2025,Riyadh Central,Riyadh,Large,Fresh Produce,9771.49,109,89.65,Cash,3.4
18-02-2026,Abha Central,Asir,Small,Household,2792.3,50,55.85,Visa,3.6
26-03-2026,Hittin,Riyadh,XLarge,Snacks & Confectionery,13611.83,193,70.53,Mada,4.1
17-11-2025,Jeddah South,Makkah,Large,Electronics,17831.97,129,138.23,Mada,3.8
14-02-2024,Arar Central,Northern Borders,Small,Electronics,2267.27,50,45.35,Mada,4.2
11-05-2025,Riyadh North,Riyadh,Large,Electronics,18608.31,127,,Mada,
23-08-2024,Jubail,Eastern Province,Large,Dairy,12016.12,126,95.37,Mastercard,3.6
19-01-2025,Al Aziziyah,Makkah,Large,Electronics,22337.43,177,126.2,Cash,3.5
01-07-2024,Arar Central,Northern Borders,Small,Fresh Produce,1807.42,50,36.15,Visa,3.7
26-07-2024,Dammam Central,Eastern Province,Large,Electronics,14999.15,118,127.11,Mada,4.1
24-06-2024,Tabuk Central,Tabuk,Medium,Bakery,4021.48,50,80.43,Mada,4.1
14-08-2025,Jeddah South,Makkah,Large,Snacks & Confectionery,11082.28,112,98.95,Apple Pay,2.5
07-05-2026,Najran Central,Najran,Medium,Electronics,7071.32,52,135.99,STC Pay,3.9
01-12-2024,Madinah North,Madinah,Large,Bakery,12437.71,194,64.11,STC Pay,4.5
15-02-2024,Tabuk Central,Tabuk,Medium,Beverages,3366.45,50,67.33,Cash,3.4
07-02-2025,Buraidah Central,Qassim,Medium,Snacks & Confectionery,5161.44,71,72.7,Mada,3.8
10-12-2025,Riyadh Central,Riyadh,Large,Baby Products,14612.04,118,123.83,Mada,4.3
17-01-2024,Al Malaz,Riyadh,Large,Dairy,8090.77,109,74.23,Apple Pay,3.8
19-04-2025,Arar Central,Northern Borders,Small,Cleaning Supplies,3957.63,50,79.15,Apple Pay,3.5
03-10-2025,Abha Central,Asir,Small,Clothing,3722.86,50,74.46,Cash,3.9
30-10-2024,Riyadh East,Riyadh,Large,Dairy,8681.05,127,68.35,Visa,3.6
17-03-2026,Al Rawdah,Makkah,Large,Personal Care,11537.16,113,102.1,STC Pay,2.9
22-02-2024,Abha Central,Asir,Small,Meat & Poultry,2034.07,50,40.68,Mada,3.5
25-10-2025,Jeddah East,Makkah,Large,Electronics,22731.38,189,120.27,Mada,4.1
26-10-2025,Hittin,Riyadh,XLarge,Baby Products,27925.54,274,101.92,Tabby,4.0
10-02-2026,Al Rawdah,Makkah,Large,Bakery,8037.13,100,80.37,,3.7
16-01-2025,Riyadh West,Riyadh,Large,Beverages,8411.68,100,84.12,Cash,3.5
25-11-2025,Unaizah,Qassim,Small,Cleaning Supplies,2424.1,50,48.48,Mada,3.3
11-07-2024,Riyadh West,Riyadh,Large,,10752.03,105,102.4,STC Pay,3.3
19-03-2024,Al Khobar,Eastern Province,Large,Dairy,10130.77,136,74.49,Mada,4.1
27-10-2024,Riyadh North,Riyadh,Large,Toys,14242.77,175,81.39,Mada,3.5
30-03-2025,Tabuk Central,Tabuk,Medium,Electronics,17156.24,,149.18,Cash,4.0
22-10-2025,Buraidah Central,Qassim,Medium,Personal Care,5034.94,56,89.91,Apple Pay,3.1
30-08-2025,Al Bahah Central,Al Bahah,Small,Household,3817.47,,76.35,Mada,2.8
24-06-2024,Dhahran,Eastern Province,XLarge,Bakery,13587.52,171,79.46,Mada,3.6
31-05-2024,Riyadh South,Riyadh,Large,Beverages,10229.6,104,98.36,STC Pay,3.7
09-05-2026,Jeddah East,Makkah,Large,Cleaning Supplies,13298.37,190,69.99,Mada,3.5
12-02-2024,Hittin,Riyadh,XLarge,Personal Care,18845.72,193,97.65,,4.2
18-12-2024,Jubail,Eastern Province,Large,Beverages,8532.97,119,71.71,Visa,4.4
26-01-2024,Hittin,Riyadh,XLarge,Beverages,18061.93,182,99.24,Mada,4.0
03-06-2025,Unaizah,Qassim,Small,Toys,1870.37,50,37.41,Mada,3.6
29-03-2026,Jeddah North,Makkah,XLarge,Cleaning Supplies,21721.46,272,79.86,Mastercard,3.9
25-11-2025,Makkah City,Makkah,Large,Dairy,9513.76,114,83.45,Apple Pay,2.9
31-12-2024,Hail Central,Hail,,,,50,56.19,Visa,3.8
19-07-2024,Dammam Central,Eastern Province,Large,Household,9410.58,92,102.29,Mastercard,4.7
08-06-2025,Al Malaz,Riyadh,Large,Beverages,10787.35,132,,Visa,4.4
31-05-2024,Bisha,Asir,Medium,Beverages,,71,89.76,Cash,4.0
25-12-2024,Hafuf,Eastern Province,Medium,Beverages,4853.3,58,83.68,Mada,4.3
02-04-2026,Tabuk Central,Tabuk,Medium,Fresh Produce,6115.23,74,82.64,STC Pay,3.4
22-05-2024,Tabuk Central,Tabuk,Medium,Personal Care,5894.65,53,111.22,Mada,4.3
08-03-2024,Qatif,Eastern Province,XLarge,Personal Care,28981.75,289,100.28,Cash,4.0
28-02-2025,Dammam Central,Eastern Province,Large,Beverages,8685.09,104,83.51,STC Pay,4.0
21-07-2025,Al Khobar,Eastern Province,Large,Snacks & Confectionery,7629.43,85,89.76,Visa,4.5
26-07-2025,Al Bahah Central,Al Bahah,Small,Bakery,2873.79,50,57.48,Mada,3.4
07-05-2024,Najran Central,Najran,Medium,Cleaning Supplies,4341.28,53,81.91,Mada,4.3
30-01-2024,Madinah North,Madinah,Large,Dairy,6364.21,95,66.99,Cash,3.8
21-09-2024,Al Wajh,Tabuk,Medium,Beverages,7541.81,95,79.39,Cash,3.3
20-01-2026,Al Jawf Central,Al Jawf,Small,Snacks & Confectionery,1949.43,50,38.99,Cash,3.3
31-12-2024,Makkah City,Makkah,Large,Dairy,7932.38,95,83.5,STC Pay,4.5
19-02-2024,Hafuf,Eastern Province,Medium,Household,4174.24,50,83.48,Visa,3.8
05-09-2025,Al Olaya,Riyadh,Large,Household,15616.27,179,87.24,Apple Pay,3.5
04-10-2024,Dhahran,Eastern Province,XLarge,Toys,25856.06,228,113.4,Visa,4.0
15-10-2024,Buraidah Central,Qassim,,Beverages,4501.09,50,90.02,STC Pay,3.7
11-08-2024,Al Olaya,Riyadh,Large,Bakery,8676.23,101,85.9,STC Pay,3.2
16-05-2026,Buraidah Central,Qassim,Medium,Household,8023.21,88,91.17,Cash,3.3
19-03-2024,Arar Central,Northern Borders,Small,Fresh Produce,,50,52.36,Mada,3.5
03-09-2025,Hail Central,Hail,Small,Baby Products,2615.05,50,52.3,Mada,3.4
15-08-2024,Hittin,Riyadh,XLarge,Toys,14074.55,159,,Mada,4.3
08-12-2025,Al Wajh,Tabuk,Medium,Fresh Produce,6174.07,55,112.26,Mada,4.9
13-02-2024,Al Wajh,Tabuk,,Electronics,5300.34,50,106.01,Visa,2.9
08-03-2024,Riyadh East,Riyadh,Large,Electronics,16773.66,108,155.31,Cash,4.0
24-08-2025,Al Rawdah,Makkah,Large,Fresh Produce,15531.65,,95.87,Cash,4.3
26-12-2024,Hafuf,Eastern Province,Medium,Household,5495.1,59,93.14,Mada,3.0
11-04-2024,Riyadh West,Riyadh,Large,,14053.84,161,87.29,Mastercard,4.0
05-01-2024,Unaizah,Qassim,Small,Fresh Produce,3370.5,50,67.41,Visa,3.5
10-01-2025,Najran Central,Najran,Medium,Fresh Produce,6689.87,79,84.68,Cash,4.4
07-08-2024,Al Wajh,Tabuk,Medium,Meat & Poultry,5828.31,58,100.49,Mada,
22-04-2024,Arar Central,Northern Borders,Small,Beverages,2394.89,50,47.9,Mada,3.6
28-04-2024,Al Bahah Central,Al Bahah,Small,Beverages,3269.54,50,65.39,Mastercard,3.4
19-08-2024,Hail Central,Hail,Small,Dairy,1816.82,50,36.34,Mada,4.3
26-11-2025,Najran Central,Najran,Medium,Electronics,7352.06,60,122.53,Mastercard,4.1
24-03-2025,Bisha,Asir,Medium,Clothing,9264.0,68,136.24,Mada,3.4
07-03-2024,Jeddah South,Makkah,Large,Fresh Produce,9950.49,97,102.58,Apple Pay,2.8
05-05-2024,Bisha,Asir,,Beverages,5317.86,62,85.77,Apple Pay,3.9
30-12-2024,Bisha,Asir,Medium,Personal Care,5636.96,57,98.89,Mada,3.3
30-05-2024,Dammam Central,Eastern Province,Large,Fresh Produce,11109.95,111,100.09,Mada,3.7
25-01-2026,Al Olaya,Riyadh,Large,Electronics,14031.35,115,122.01,Tabby,3.6
11-09-2025,Khamis Mushait,Asir,Small,Fresh Produce,2561.72,50,51.23,Cash,4.2
22-03-2026,Al Bahah Central,Al Bahah,Small,Dairy,2817.67,50,56.35,Visa,3.9
17-12-2024,Unaizah,Qassim,Small,Household,3225.49,50,64.51,Apple Pay,4.4
27-01-2025,Hittin,Riyadh,XLarge,Snacks & Confectionery,,157,84.14,Cash,4.0
24-07-2025,Jeddah East,Makkah,Large,Frozen Foods,9984.12,130,76.8,Mada,3.5
14-05-2025,Khamis Mushait,Asir,Small,Household,2668.07,50,53.36,Visa,3.7
08-08-2025,Unaizah,Qassim,Small,Household,2937.81,50,58.76,Cash,3.6
23-09-2025,Khamis Mushait,Asir,Small,Frozen Foods,2317.15,50,46.34,Cash,4.1
11-05-2024,Riyadh East,Riyadh,Large,Meat & Poultry,19920.25,198,100.61,Cash,4.1
14-03-2025,Al Olaya,Riyadh,Large,Meat & Poultry,21117.54,180,117.32,Mastercard,3.6
28-08-2024,Madinah North,Madinah,Large,Personal Care,10484.95,128,81.91,Cash,3.7
05-07-2025,Riyadh North,Riyadh,Large,Beverages,11446.51,154,74.33,Visa,4.1
30-09-2024,Tabuk Central,Tabuk,Medium,Beverages,3299.89,50,66.0,Mada,3.5
07-04-2026,Al Olaya,Riyadh,Large,Toys,11921.66,110,108.38,Mada,3.6
19-06-2024,Qatif,Eastern Province,,Meat & Poultry,19390.93,171,113.4,,4.4
07-08-2024,Unaizah,Qassim,Small,Electronics,2691.45,50,53.83,Mada,3.0
01-10-2025,Madinah Central,Madinah,Small,Fresh Produce,,50,52.55,Cash,3.5
01-05-2025,Buraidah Central,Qassim,,Meat & Poultry,5866.61,50,117.33,Apple Pay,
03-04-2026,Al Jawf Central,Al Jawf,Small,Clothing,3872.07,50,77.44,Mada,3.6
20-01-2024,Jeddah East,Makkah,Large,Household,16388.64,143,,Mada,4.3
01-10-2024,Arar Central,Northern Borders,Small,Household,3118.04,50,62.36,Apple Pay,3.1
18-06-2025,Riyadh South,Riyadh,,Beverages,6910.81,72,95.98,Mastercard,4.0
14-05-2026,Dhahran,Eastern Province,XLarge,Dairy,14287.86,202,70.73,Cash,4.1
23-10-2025,Al Khobar,Eastern Province,Large,Toys,9268.17,87,106.53,Mada,4.2
15-07-2024,Jeddah North,Makkah,XLarge,Snacks & Confectionery,9814.02,110,89.22,Mada,4.4
25-07-2024,Riyadh East,Riyadh,Large,Fresh Produce,7687.09,77,99.83,Apple Pay,3.8
21-10-2025,Jeddah East,Makkah,Large,,13796.58,130,106.13,Cash,3.9
06-03-2024,Dhahran,Eastern Province,XLarge,Meat & Poultry,25890.12,222,116.62,Mastercard,3.9
10-02-2025,Al Malaz,Riyadh,Large,Frozen Foods,9964.68,96,103.8,,3.7
11-11-2025,Buraidah Central,Qassim,Medium,Baby Products,7354.3,82,89.69,Mada,2.9
31-08-2024,Al Malaz,Riyadh,Large,Frozen Foods,14219.07,149,95.43,Apple Pay,3.7
09-03-2025,Madinah North,Madinah,Large,Fresh Produce,17383.14,171,101.66,Mada,3.1
17-09-2024,Tabuk Central,Tabuk,Medium,,8405.62,65,129.32,Mastercard,4.2
30-11-2025,Najran Central,Najran,Medium,Dairy,5844.24,81,72.15,Cash,4.1
02-01-2026,Najran Central,Najran,Medium,Dairy,4993.63,66,75.66,STC Pay,4.4
08-12-2025,Riyadh South,Riyadh,Large,Clothing,16453.84,128,128.55,Mada,
11-04-2026,Abha Central,Asir,Small,Household,4868.15,50,97.36,Mada,4.6
04-11-2024,Al Anbariyah,Madinah,Large,Snacks & Confectionery,7152.63,77,92.89,Mada,3.9
25-03-2025,Jeddah South,Makkah,Large,Cleaning Supplies,13377.8,189,70.78,Mada,4.6
27-04-2025,Al Bahah Central,Al Bahah,Small,Cleaning Supplies,3604.59,50,72.09,Mada,3.8
24-04-2026,Al Olaya,Riyadh,Large,Dairy,,111,97.26,Mada,3.7
09-04-2025,Jubail,Eastern Province,Large,Frozen Foods,12555.67,150,83.7,Mada,3.3
21-03-2026,Hail Central,Hail,Small,Electronics,5418.2,50,108.36,Mada,3.4
12-06-2025,Madinah North,Madinah,Large,Frozen Foods,10028.52,120,83.57,Cash,3.7
22-03-2026,Tabuk Central,Tabuk,Medium,Beverages,8478.84,114,74.38,Cash,4.0
29-03-2026,Jubail,Eastern Province,Large,Fresh Produce,12471.87,131,95.21,Mada,4.3
04-05-2026,Khamis Mushait,Asir,,,1996.77,50,39.94,STC Pay,3.3
18-04-2025,Al Malaz,Riyadh,Large,Toys,13139.11,119,110.41,Mada,3.4
06-09-2025,Al Wajh,Tabuk,Medium,Fresh Produce,6510.6,68,95.74,STC Pay,4.3
02-03-2026,Al Wajh,Tabuk,Medium,Beverages,5716.97,71,80.52,Cash,4.2
14-07-2024,Al Rawdah,Makkah,Large,Snacks & Confectionery,13975.73,154,90.75,Mastercard,3.5
06-09-2025,Al Rawdah,Makkah,Large,Snacks & Confectionery,11217.47,149,75.29,Mada,4.1
22-02-2025,Jeddah East,Makkah,Large,Electronics,21852.34,200,109.26,Mada,3.5
28-03-2024,Arar Central,Northern Borders,Small,Fresh Produce,2623.18,50,52.46,Mastercard,3.7
31-12-2025,Al Rawdah,Makkah,Large,Beverages,9862.67,120,,Cash,3.7
27-04-2025,Madinah North,Madinah,Large,Baby Products,22960.01,257,89.34,Tabby,3.8
06-01-2024,Riyadh East,Riyadh,Large,Personal Care,12643.85,122,103.64,Mada,3.1
17-08-2025,Riyadh East,Riyadh,Large,Fresh Produce,10581.66,117,90.44,Mada,4.6
15-05-2024,Arar Central,Northern Borders,Small,Toys,1731.3,50,34.63,Mada,3.2
04-05-2026,Al Bahah Central,Al Bahah,Small,Meat & Poultry,2142.58,50,42.85,STC Pay,4.6
19-09-2025,Al Anbariyah,Madinah,Large,Cleaning Supplies,12623.66,162,77.92,Mada,4.1
21-02-2026,Al Bahah Central,Al Bahah,Small,Household,4122.99,50,,Visa,4.2
24-02-2024,Hail Central,Hail,Small,Electronics,3596.65,50,71.93,Mada,3.8
21-05-2025,Hittin,Riyadh,XLarge,Meat & Poultry,14529.51,143,101.6,Mada,4.4
25-04-2024,Al Bahah Central,Al Bahah,Small,Snacks & Confectionery,3029.28,50,60.59,Cash,3.8
06-02-2026,Jeddah South,Makkah,Large,Dairy,9947.92,143,69.57,Visa,3.6
22-06-2025,Riyadh Central,Riyadh,Large,,13841.49,179,77.33,Mada,3.6
27-01-2024,Qatif,Eastern Province,XLarge,,24410.4,197,123.91,Mada,4.0
07-05-2026,Al Olaya,Riyadh,Large,Electronics,12701.65,96,132.31,Mastercard,3.2
31-08-2025,Dammam Central,Eastern Province,Large,Dairy,12323.6,125,98.59,Visa,3.9
28-11-2024,Hail Central,Hail,Small,Baby Products,,50,74.38,Apple Pay,4.1
26-11-2024,Al Khobar,Eastern Province,Large,Frozen Foods,11816.25,136,86.88,Visa,4.4
12-02-2025,Al Malaz,Riyadh,Large,Bakery,6310.29,93,67.85,Mada,4.1
09-03-2026,Khamis Mushait,Asir,Small,Clothing,2658.5,50,53.17,,3.6
17-05-2025,Dhahran,Eastern Province,XLarge,Frozen Foods,26874.34,356,75.49,STC Pay,3.7
02-05-2026,Al Olaya,Riyadh,Large,Fresh Produce,12821.23,139,92.24,Mada,3.6
30-07-2025,Dammam Central,Eastern Province,Large,Fresh Produce,9391.15,101,92.98,Mada,4.0
11-02-2024,Al Malaz,Riyadh,Large,Baby Products,14226.91,145,98.12,Visa,4.3
22-05-2025,Jeddah North,Makkah,XLarge,Clothing,21587.87,156,138.38,Mada,
01-06-2024,Dhahran,Eastern Province,XLarge,Toys,29809.72,288,,Mada,4.3
29-10-2024,Al Wajh,Tabuk,Medium,Household,5891.58,68,86.64,,3.4
07-11-2025,Arar Central,Northern Borders,Small,Snacks & Confectionery,3170.46,50,63.41,Visa,3.6
17-01-2024,Al Jawf Central,Al Jawf,Small,Clothing,2130.81,50,42.62,Mada,3.5
17-11-2024,Dhahran,Eastern Province,XLarge,Beverages,,315,79.62,Visa,4.1
15-12-2024,Al Anbariyah,Madinah,Large,Cleaning Supplies,16766.18,188,89.18,Mada,3.8
20-03-2025,Al Olaya,Riyadh,Large,Electronics,,149,153.69,Mada,3.3
16-04-2025,Najran Central,Najran,Medium,Snacks & Confectionery,6006.99,86,69.85,Visa,
08-12-2025,Abha Central,Asir,Small,Toys,2774.96,50,55.5,Mada,3.6
18-05-2024,Makkah City,Makkah,Large,Fresh Produce,10202.46,,112.11,Tabby,4.0
27-10-2025,Jeddah North,Makkah,XLarge,Snacks & Confectionery,12924.17,180,71.8,Visa,3.8
04-11-2024,Al Malaz,Riyadh,Large,Fresh Produce,11519.33,123,93.65,Cash,4.3
11-05-2025,Hail Central,Hail,Small,Snacks & Confectionery,2620.87,50,,Mada,3.2
22-02-2024,Bisha,Asir,Medium,,4310.51,54,79.82,Mada,3.4
07-02-2024,Al Khobar,Eastern Province,Large,Beverages,8178.07,99,82.61,Visa,4.0
25-08-2024,Al Bahah Central,Al Bahah,Small,Household,3619.06,50,72.38,Mada,4.4
29-04-2025,Tabuk Central,Tabuk,Medium,Personal Care,4901.54,54,90.77,Mada,4.1
22-01-2024,Al Wajh,Tabuk,Medium,Frozen Foods,3576.02,50,71.52,Mada,3.3
08-09-2025,Qatif,Eastern Province,,Toys,19693.3,204,96.54,,4.0
02-03-2025,Khamis Mushait,Asir,Small,Clothing,7051.32,67,105.24,Apple Pay,3.8
16-10-2024,Al Rawdah,Makkah,Large,Fresh Produce,11211.27,123,91.15,Mada,3.1
12-09-2025,Jeddah South,Makkah,Large,Snacks & Confectionery,11229.42,161,69.75,Mada,3.8
02-01-2025,Riyadh North,Riyadh,Large,Meat & Poultry,14298.06,112,127.66,Apple Pay,4.3
02-02-2024,Al Jawf Central,Al Jawf,Small,Meat & Poultry,3624.22,50,72.48,Mada,3.2
14-03-2026,Qatif,Eastern Province,XLarge,Electronics,34842.07,308,113.12,Mada,3.8
23-05-2026,Jeddah North,Makkah,XLarge,Household,28973.59,309,93.77,Mastercard,4.4
11-05-2026,Arar Central,Northern Borders,Small,Baby Products,,50,52.71,Visa,3.4
23-04-2026,Al Olaya,Riyadh,Large,Household,14089.49,122,115.49,Cash,3.9
26-12-2025,Al Khobar,Eastern Province,,Household,15318.61,167,91.73,Cash,4.2
08-12-2024,Abha Central,Asir,Small,Fresh Produce,4141.86,,82.84,Tabby,3.6
15-12-2024,Najran Central,Najran,Medium,Fresh Produce,7046.15,,100.66,Mastercard,3.8
04-01-2025,Tabuk Central,Tabuk,Medium,Bakery,6326.4,92,68.77,Visa,3.9
27-02-2025,Al Wajh,Tabuk,Medium,Cleaning Supplies,5021.4,76,66.07,Visa,3.6
31-01-2024,Abha Central,Asir,Small,,1993.19,50,39.86,Visa,
01-03-2026,Bisha,Asir,Medium,Electronics,8603.38,73,117.85,Mastercard,4.0
11-08-2025,Jeddah North,Makkah,XLarge,Clothing,14519.9,137,105.98,Mastercard,3.7
28-11-2025,Bisha,Asir,Medium,Cleaning Supplies,6722.0,93,72.28,,3.8
09-01-2024,Hafuf,Eastern Province,Medium,Cleaning Supplies,4713.96,63,74.82,Cash,3.3
01-10-2025,Unaizah,Qassim,Small,Clothing,,50,68.6,STC Pay,3.9
05-03-2026,Bisha,Asir,Medium,Dairy,4110.56,50,82.21,,3.7
16-06-2025,Makkah City,Makkah,Large,Dairy,9250.29,96,96.36,Visa,3.2
14-12-2024,Buraidah Central,Qassim,,Fresh Produce,9778.31,88,111.12,Apple Pay,3.6
13-01-2026,Dhahran,Eastern Province,XLarge,Household,16427.57,179,91.77,Apple Pay,
04-10-2025,Al Anbariyah,Madinah,Large,Fresh Produce,15317.23,187,81.91,STC Pay,3.3
09-04-2025,Riyadh Central,Riyadh,Large,Bakery,8849.35,129,68.6,Visa,4.0
14-05-2026,Unaizah,Qassim,Small,Meat & Poultry,2852.64,50,57.05,Apple Pay,3.5
16-06-2025,Khamis Mushait,Asir,Small,,2121.74,50,42.43,Mada,3.0
10-04-2025,Abha Central,Asir,Small,Toys,2321.64,50,46.43,Cash,4.4
07-08-2024,Najran Central,Najran,Medium,Meat & Poultry,5616.99,51,110.14,Visa,4.1
08-03-2026,Buraidah Central,Qassim,Medium,Dairy,6092.92,76,80.17,Mada,2.9
19-01-2026,Al Bahah Central,Al Bahah,Small,Snacks & Confectionery,2269.5,50,45.39,Cash,
12-05-2024,Arar Central,Northern Borders,Small,Household,4060.99,50,,Mastercard,3.5
26-07-2025,Jeddah South,Makkah,Large,Baby Products,,143,101.41,Mada,3.8
13-01-2025,Hittin,Riyadh,XLarge,Electronics,22348.56,148,151.0,Mada,4.3
29-01-2024,Al Bahah Central,Al Bahah,Small,Fresh Produce,2296.84,50,45.94,Cash,3.6
17-10-2024,Dhahran,Eastern Province,XLarge,Snacks & Confectionery,14208.93,172,82.61,Cash,3.5
07-05-2025,Tabuk Central,Tabuk,Medium,Household,5464.39,63,86.74,Apple Pay,4.5
04-05-2026,Najran Central,Najran,Medium,Personal Care,5274.84,61,86.47,Visa,
01-06-2024,Hail Central,Hail,Small,Dairy,3179.06,50,63.58,Mastercard,3.7
31-01-2025,Tabuk Central,Tabuk,Medium,Meat & Poultry,6331.2,58,109.16,Tabby,4.3
18-06-2024,Al Malaz,Riyadh,Large,Personal Care,9997.83,117,85.45,Mastercard,3.4
21-10-2025,Hittin,Riyadh,,Fresh Produce,17590.74,204,86.23,Visa,4.5
07-02-2026,Al Aziziyah,Makkah,Large,Cleaning Supplies,11185.97,121,92.45,STC Pay,4.0
20-01-2024,Jeddah East,Makkah,Large,Bakery,10113.48,152,66.54,Apple Pay,3.7
13-09-2025,Unaizah,Qassim,Small,Personal Care,3167.73,50,63.35,STC Pay,3.5
23-03-2025,Qatif,Eastern Province,XLarge,Electronics,42023.41,326,128.91,Mada,4.9
21-06-2024,Unaizah,Qassim,Small,Fresh Produce,,50,,Mada,4.2
25-11-2025,Tabuk Central,Tabuk,Medium,Personal Care,4651.64,50,93.03,Cash,4.2
25-05-2024,Jubail,Eastern Province,Large,Dairy,11695.32,138,84.75,Apple Pay,3.9
23-02-2024,Hittin,Riyadh,XLarge,Frozen Foods,15691.4,184,85.28,Mada,4.0
02-10-2024,Hittin,Riyadh,XLarge,Beverages,12584.48,142,88.62,Mada,3.6
10-10-2025,Tabuk Central,Tabuk,Medium,Cleaning Supplies,4964.81,57,87.1,Tabby,3.7
07-11-2024,Makkah City,Makkah,Large,Beverages,11010.96,147,74.9,Visa,3.5
17-01-2025,Jeddah North,Makkah,XLarge,Fresh Produce,20594.01,,100.46,Tabby,4.5
02-01-2024,Riyadh East,Riyadh,Large,Baby Products,12258.01,122,100.48,Mastercard,3.7
01-01-2024,Jeddah South,Makkah,Large,Cleaning Supplies,5754.39,67,85.89,Mada,3.2
22-08-2025,Al Rawdah,Makkah,Large,Dairy,12362.2,,92.95,Visa,2.4
03-11-2024,Riyadh West,Riyadh,Large,Toys,12181.66,145,84.01,Mastercard,4.6
17-09-2025,Al Rawdah,Makkah,Large,Snacks & Confectionery,8848.08,124,71.36,STC Pay,3.8
09-02-2026,Al Anbariyah,Madinah,Large,Dairy,8134.35,108,75.32,Mada,4.0
17-01-2024,Qatif,Eastern Province,XLarge,Fresh Produce,19279.21,250,77.12,Visa,5.0
10-01-2024,Riyadh Central,Riyadh,Large,Meat & Poultry,12289.07,129,95.26,Mastercard,
05-07-2025,Riyadh West,Riyadh,Large,Snacks & Confectionery,9113.59,118,77.23,Mastercard,3.3
12-04-2026,Hafuf,Eastern Province,Medium,Personal Care,8182.41,82,99.79,Apple Pay,4.2
18-04-2025,Hittin,Riyadh,XLarge,Fresh Produce,23691.51,211,112.28,Mastercard,2.9
27-11-2025,Dammam Central,Eastern Province,Large,Meat & Poultry,16854.32,128,131.67,Visa,3.6
20-05-2025,Madinah Central,Madinah,Small,Electronics,3715.44,50,74.31,Mastercard,4.2
08-01-2024,Al Rawdah,Makkah,Large,,6626.95,77,86.06,Apple Pay,3.4
06-11-2025,Al Aziziyah,Makkah,Large,Clothing,16212.48,146,111.04,Mada,3.6
02-02-2026,Makkah City,Makkah,Large,Bakery,5259.8,72,73.05,Mada,3.1
18-05-2026,Al Aziziyah,Makkah,Large,Baby Products,11107.47,113,98.3,Visa,3.7
28-11-2025,Al Anbariyah,Madinah,Large,Beverages,13272.97,183,72.53,Visa,3.9
18-03-2025,Jubail,Eastern Province,Large,Meat & Poultry,20880.31,161,129.69,,3.8
05-01-2025,Al Bahah Central,Al Bahah,Small,Electronics,4258.66,50,85.17,Cash,
06-01-2024,Jubail,Eastern Province,Large,Meat & Poultry,15891.29,166,95.73,Apple Pay,3.6
07-12-2025,Madinah Central,Madinah,Small,Electronics,4899.12,50,,Mada,3.4
29-01-2024,Al Olaya,Riyadh,Large,Snacks & Confectionery,7833.09,99,,Visa,
10-05-2026,Qatif,Eastern Province,XLarge,Fresh Produce,18975.13,188,100.93,Mada,4.3
15-03-2024,Madinah North,Madinah,Large,Personal Care,22833.76,265,86.17,,
28-03-2024,Hittin,Riyadh,XLarge,Cleaning Supplies,29016.35,353,82.2,STC Pay,3.8
01-04-2026,Riyadh South,Riyadh,Large,Dairy,10010.0,131,76.41,Cash,3.1
26-07-2025,Riyadh South,Riyadh,Large,Snacks & Confectionery,9252.5,108,85.67,Visa,3.1
09-04-2025,Riyadh Central,Riyadh,Large,Snacks & Confectionery,9930.66,139,71.44,Visa,4.2
28-10-2025,Qatif,Eastern Province,XLarge,Frozen Foods,,229,89.88,Mada,4.1
30-08-2025,Riyadh West,Riyadh,Large,Fresh Produce,15946.45,182,87.62,Visa,4.0
29-12-2024,Al Anbariyah,Madinah,Large,Frozen Foods,14486.1,160,90.54,,3.8
21-08-2025,Dhahran,Eastern Province,XLarge,Baby Products,18757.6,196,95.7,Mada,3.9
05-03-2026,Unaizah,Qassim,Small,Beverages,1876.84,50,37.54,Mada,4.1
28-02-2024,Jeddah North,Makkah,XLarge,Snacks & Confectionery,11697.4,146,80.12,,3.9
19-07-2024,Hafuf,Eastern Province,Medium,Clothing,9395.95,71,132.34,Cash,4.0
06-09-2025,Arar Central,Northern Borders,Small,Snacks & Confectionery,3338.2,50,66.76,Mada,4.0
04-03-2025,Dhahran,Eastern Province,XLarge,Fresh Produce,22446.11,286,78.48,STC Pay,3.1
10-12-2025,Madinah Central,Madinah,Small,Personal Care,2298.58,50,45.97,Mastercard,3.6
06-04-2026,Qatif,Eastern Province,XLarge,Bakery,17702.78,206,,Tamara,3.9
22-07-2025,Riyadh North,Riyadh,Large,Dairy,6145.92,67,91.73,Visa,3.9
14-02-2024,Abha Central,Asir,Small,Fresh Produce,2500.8,50,50.02,Mada,3.6
01-07-2024,Madinah North,Madinah,Large,Fresh Produce,7043.34,70,100.62,Cash,4.0
23-01-2025,Makkah City,Makkah,Large,Cleaning Supplies,,109,83.65,Mada,3.4
07-11-2025,Abha Central,Asir,Small,Household,2847.93,50,56.96,Visa,3.7
29-12-2025,Al Wajh,Tabuk,Medium,Fresh Produce,4148.68,53,78.28,Apple Pay,3.9
21-11-2024,Abha Central,Asir,Small,Baby Products,3159.35,50,63.19,Cash,4.0
24-05-2026,Al Aziziyah,Makkah,Large,Frozen Foods,12734.29,134,95.03,Cash,4.0
21-08-2025,Al Jawf Central,Al Jawf,Small,Bakery,2233.16,50,44.66,Mada,2.8
20-06-2024,Riyadh West,Riyadh,Large,Frozen Foods,9039.04,108,83.69,Visa,3.4
30-12-2025,Jubail,Eastern Province,Large,Toys,10718.7,122,87.86,Mada,3.8
18-08-2025,Dammam Central,Eastern Province,Large,Cleaning Supplies,7131.63,94,75.87,Cash,3.9
09-02-2025,Madinah North,Madinah,Large,Beverages,9708.46,108,89.89,Mada,4.1
17-09-2024,Abha Central,Asir,Small,Fresh Produce,2223.52,50,44.47,Mada,3.3
08-06-2025,Arar Central,Northern Borders,Small,Beverages,2783.63,50,55.67,Mada,4.0
20-11-2024,Al Bahah Central,Al Bahah,Small,Electronics,3089.35,50,61.79,Mada,4.4
12-05-2026,Al Khobar,Eastern Province,Large,Household,10006.63,83,120.56,Mada,4.2
10-04-2024,Madinah Central,Madinah,Small,Meat & Poultry,2582.63,50,51.65,Mada,3.5
14-07-2024,Dammam Central,Eastern Province,,Baby Products,16033.03,183,87.61,Apple Pay,3.5
24-09-2024,Unaizah,Qassim,Small,Dairy,1416.81,50,28.34,Apple Pay,3.3
28-04-2025,Riyadh Central,Riyadh,Large,Baby Products,,155,,Apple Pay,4.0
20-08-2024,Madinah Central,Madinah,Small,Bakery,1919.18,50,38.38,Visa,3.2
14-12-2024,Arar Central,Northern Borders,Small,Dairy,3926.55,50,78.53,Apple Pay,3.5
02-08-2024,Tabuk Central,Tabuk,Medium,Snacks & Confectionery,5328.2,52,102.47,Cash,4.0
26-05-2025,Riyadh Central,Riyadh,Large,Snacks & Confectionery,9237.04,105,87.97,Mada,3.6
20-02-2026,Bisha,Asir,Medium,Household,7316.96,68,,Cash,4.0
04-12-2024,Jeddah North,Makkah,XLarge,Snacks & Confectionery,18034.96,256,,Visa,3.1
25-01-2025,Bisha,Asir,Medium,Meat & Poultry,7299.04,67,108.94,Mada,4.2
16-10-2025,Hail Central,Hail,Small,Fresh Produce,,50,59.47,Visa,3.9
26-04-2026,Riyadh East,Riyadh,Large,Beverages,16793.33,172,97.64,Cash,4.1
25-10-2024,Madinah Central,Madinah,Small,Electronics,4658.03,50,93.16,Visa,3.5
30-11-2024,Jeddah South,Makkah,Large,Meat & Poultry,23304.26,182,128.05,Cash,3.4
02-02-2025,Riyadh West,Riyadh,Large,Snacks & Confectionery,13725.45,142,96.66,Mada,3.7
17-04-2026,Al Wajh,Tabuk,Medium,Beverages,8025.57,98,81.89,STC Pay,3.4
09-10-2024,Arar Central,Northern Borders,Small,Baby Products,2278.04,50,45.56,Apple Pay,3.4
22-06-2025,Madinah North,Madinah,Large,Household,12217.94,121,100.97,Mada,4.0
21-12-2024,Arar Central,Northern Borders,Small,Toys,4464.64,50,,Visa,3.6
01-03-2025,Jeddah East,Makkah,Large,Cleaning Supplies,16590.82,232,71.51,Mada,
06-02-2025,Al Olaya,Riyadh,Large,Electronics,,130,113.14,Mada,3.7
25-10-2024,Unaizah,Qassim,Small,Electronics,4674.34,50,93.49,STC Pay,3.9
12-01-2025,Hittin,Riyadh,XLarge,Fresh Produce,16931.0,208,81.4,Mada,3.8
17-06-2024,Hail Central,Hail,Small,Household,1813.6,50,36.27,Cash,3.4
17-12-2024,Khamis Mushait,Asir,Small,Snacks & Confectionery,2567.58,50,51.35,Cash,3.0
27-12-2025,Hittin,Riyadh,XLarge,Dairy,31159.93,,72.8,Mada,4.5
31-12-2025,Madinah North,Madinah,Large,Fresh Produce,13829.0,173,79.94,Apple Pay,4.0
08-05-2026,Jeddah South,Makkah,Large,Fresh Produce,8717.42,88,99.06,Visa,3.7
24-11-2025,Riyadh Central,Riyadh,Large,Beverages,8347.55,85,98.21,Mastercard,3.9
09-08-2024,Unaizah,Qassim,Small,Electronics,,50,75.23,Visa,3.3
03-02-2025,Al Olaya,Riyadh,Large,Beverages,8570.12,,82.41,Cash,3.3
24-02-2026,Khamis Mushait,Asir,Small,Bakery,1363.75,50,27.27,Mada,3.7
11-12-2024,Riyadh Central,Riyadh,Large,Clothing,16681.41,119,140.18,Tabby,
27-03-2026,Al Olaya,Riyadh,Large,Clothing,19594.04,185,105.91,Cash,3.1
29-07-2025,Jubail,Eastern Province,Large,Personal Care,9823.11,121,81.18,Mada,
03-05-2024,Al Wajh,Tabuk,Medium,,5178.73,53,97.71,Cash,
14-04-2025,Al Rawdah,Makkah,Large,Clothing,11920.36,94,126.81,Visa,3.7
09-03-2024,Riyadh East,Riyadh,Large,Meat & Poultry,22502.63,226,99.57,Mada,4.4
14-09-2024,Jeddah South,Makkah,Large,Personal Care,,239,79.98,Mastercard,3.8
06-12-2024,Makkah City,Makkah,Large,Frozen Foods,11492.57,140,82.09,Tabby,3.7
15-09-2025,Riyadh North,Riyadh,Large,Beverages,10550.42,124,85.08,Mastercard,3.7
24-08-2025,Al Jawf Central,Al Jawf,Small,Electronics,4682.9,50,93.66,Apple Pay,3.8
14-02-2026,Al Wajh,Tabuk,Medium,Electronics,8377.2,55,152.31,Mada,
04-06-2024,Al Aziziyah,Makkah,Large,Clothing,10165.48,79,128.68,Mastercard,4.2
17-05-2024,Qatif,Eastern Province,XLarge,Clothing,,217,104.56,Visa,4.0
25-10-2025,Tabuk Central,Tabuk,Medium,Frozen Foods,8958.76,90,99.54,Mastercard,3.7
11-11-2025,Riyadh South,Riyadh,Large,Snacks & Confectionery,11979.49,157,76.3,Mada,4.0
17-06-2025,Khamis Mushait,Asir,Small,Beverages,1663.97,50,33.28,Apple Pay,3.8
28-07-2024,Jeddah North,Makkah,XLarge,Fresh Produce,16954.51,192,88.3,Apple Pay,4.1
29-08-2024,Al Rawdah,Makkah,Large,Beverages,9210.08,106,86.89,Mada,3.9
06-11-2024,Madinah North,Madinah,Large,Beverages,8903.92,110,80.94,Mada,4.2
22-03-2024,Najran Central,Najran,Medium,Meat & Poultry,14711.16,127,115.84,Mada,3.3
17-02-2026,Al Wajh,Tabuk,Medium,Baby Products,4169.97,50,83.4,Apple Pay,4.1
24-05-2026,Al Wajh,Tabuk,Medium,Cleaning Supplies,4422.54,52,85.05,,3.6
19-04-2025,Khamis Mushait,Asir,Small,Dairy,3173.35,50,63.47,Mada,3.5
19-05-2024,Qatif,Eastern Province,XLarge,Fresh Produce,24435.36,316,77.33,Cash,4.4
18-05-2025,Abha Central,Asir,Small,Meat & Poultry,3387.56,50,67.75,Mastercard,3.1
16-05-2025,Khamis Mushait,Asir,Small,Baby Products,2812.13,50,56.24,STC Pay,3.8
17-07-2024,Jeddah South,Makkah,Large,Baby Products,,125,94.91,Apple Pay,3.8
05-06-2025,Hafuf,Eastern Province,Medium,Clothing,6725.55,55,122.28,Cash,3.5
05-09-2024,Madinah North,Madinah,Large,Cleaning Supplies,8755.22,106,82.6,Mastercard,
15-12-2025,Riyadh North,Riyadh,Large,Fresh Produce,11455.59,132,86.78,STC Pay,4.0
13-01-2024,Jeddah South,Makkah,Large,Fresh Produce,10964.25,132,83.06,Mada,4.0
14-06-2025,Al Malaz,Riyadh,Large,Cleaning Supplies,13825.84,,90.36,Mada,3.6
05-11-2025,Unaizah,Qassim,Small,Personal Care,3104.05,50,62.08,Apple Pay,3.2
21-04-2024,Al Malaz,Riyadh,Large,Frozen Foods,16938.45,180,,Cash,3.8
16-12-2025,Bisha,Asir,Medium,,5862.08,62,94.55,,2.9
03-03-2026,Riyadh West,Riyadh,Large,Household,12213.46,129,94.68,Mastercard,4.0
21-07-2024,Makkah City,Makkah,Large,Household,13652.25,,118.72,Visa,4.1
09-07-2024,Al Rawdah,Makkah,Large,Frozen Foods,7152.53,,78.6,Mada,4.6
03-10-2025,Hail Central,Hail,Small,Fresh Produce,3628.69,50,72.57,Cash,3.5
21-01-2025,Al Malaz,Riyadh,Large,,10378.98,64,162.17,Mada,3.1
03-03-2024,Riyadh Central,Riyadh,,Baby Products,14411.54,146,98.71,Apple Pay,3.9
09-04-2024,Riyadh East,Riyadh,Large,Snacks & Confectionery,12686.87,147,86.31,Visa,4.1
29-04-2025,Al Bahah Central,Al Bahah,Small,Personal Care,3120.09,50,62.4,Mastercard,3.5
18-11-2024,Qatif,Eastern Province,XLarge,Baby Products,23547.59,239,98.53,Mada,4.4
05-04-2026,Qatif,Eastern Province,XLarge,Beverages,20529.99,260,78.96,Mastercard,4.1
27-01-2024,Makkah City,Makkah,Large,Snacks & Confectionery,13263.67,147,90.23,Mastercard,4.0
11-06-2025,Najran Central,Najran,Medium,Fresh Produce,4274.36,56,76.33,Tabby,3.4
18-01-2024,Jubail,Eastern Province,Large,Cleaning Supplies,9022.34,137,65.86,Mastercard,3.7
13-02-2025,Al Bahah Central,Al Bahah,Small,Snacks & Confectionery,2162.31,50,43.25,STC Pay,3.3
05-11-2025,Najran Central,Najran,Medium,,5659.01,79,,Mada,3.9
08-08-2025,Buraidah Central,Qassim,Medium,Toys,7358.58,62,118.69,Mada,4.0
04-11-2024,Al Malaz,Riyadh,Large,Baby Products,13833.78,157,88.11,Mada,4.6
09-11-2025,Najran Central,Najran,Medium,Bakery,6480.59,75,86.41,,3.2
18-04-2024,Al Malaz,Riyadh,Large,Toys,12498.43,,110.61,STC Pay,4.4
06-01-2026,Madinah Central,Madinah,Small,Beverages,1689.7,50,33.79,,3.2
01-07-2025,Makkah City,Makkah,Large,Beverages,8818.95,116,76.03,Mada,3.9
21-10-2025,Riyadh West,Riyadh,Large,Cleaning Supplies,7893.59,111,,Mastercard,4.3
07-04-2026,Al Wajh,Tabuk,Medium,,4173.93,50,83.48,Cash,3.5
01-02-2026,Al Aziziyah,Makkah,Large,Personal Care,15811.67,141,112.14,Mada,4.3
13-08-2025,Khamis Mushait,Asir,Small,Dairy,2107.28,50,42.15,Mada,3.3
27-03-2026,Abha Central,Asir,Small,Snacks & Confectionery,2966.8,50,59.34,Visa,3.9
19-04-2024,Madinah Central,Madinah,Small,Household,3560.11,50,71.2,Cash,4.3
27-11-2025,Al Bahah Central,Al Bahah,Small,Personal Care,2649.14,50,52.98,Mastercard,3.3
05-09-2025,Riyadh East,Riyadh,Large,Household,12424.86,133,93.42,Mada,4.1
21-05-2025,Al Rawdah,Makkah,Large,Baby Products,9534.49,,128.84,Apple Pay,3.4
27-04-2026,Jeddah North,Makkah,XLarge,Snacks & Confectionery,19140.54,273,70.11,Mada,3.9
27-05-2026,Jeddah East,Makkah,Large,Meat & Poultry,11171.4,121,92.33,Mastercard,2.9
23-01-2024,Jeddah South,Makkah,Large,Meat & Poultry,11279.78,109,103.48,Tamara,3.8
14-01-2026,Buraidah Central,Qassim,Medium,Toys,4413.79,50,88.28,Apple Pay,3.4
09-04-2024,Bisha,Asir,Medium,Frozen Foods,6645.62,77,86.31,Apple Pay,4.2
01-11-2025,Arar Central,Northern Borders,Small,Fresh Produce,2993.87,50,59.88,Mada,3.1
02-08-2024,Jeddah North,Makkah,XLarge,Frozen Foods,16727.88,207,80.81,Cash,3.9
20-01-2025,Jeddah North,Makkah,XLarge,Beverages,17471.25,233,74.98,STC Pay,3.5
30-12-2024,Al Olaya,Riyadh,Large,Fresh Produce,,120,109.97,Tamara,3.5
04-10-2025,Jeddah North,Makkah,XLarge,Bakery,24396.65,275,88.72,Mada,3.6
05-12-2025,Dhahran,Eastern Province,XLarge,Fresh Produce,25659.06,313,81.98,Apple Pay,4.6
07-03-2026,Al Malaz,Riyadh,Large,Snacks & Confectionery,13628.83,158,86.26,Visa,3.8
11-01-2025,Hail Central,Hail,,Fresh Produce,2328.14,50,46.56,Visa,3.8
07-10-2024,Najran Central,Najran,Medium,Fresh Produce,5453.5,62,,Mada,3.6
01-11-2024,Al Wajh,Tabuk,Medium,Fresh Produce,7270.12,66,,STC Pay,3.9
07-02-2025,Riyadh North,Riyadh,Large,Household,12749.18,143,89.16,,3.6
07-05-2026,Buraidah Central,Qassim,Medium,Toys,5512.56,64,86.13,Cash,3.8
04-07-2024,Hittin,Riyadh,XLarge,Toys,20327.44,171,118.87,Mada,3.0
05-05-2024,Jubail,Eastern Province,,Personal Care,10154.44,113,89.86,Cash,3.8
07-05-2024,Al Malaz,Riyadh,Large,Meat & Poultry,11033.16,102,108.17,Mada,4.5
11-09-2024,Riyadh Central,Riyadh,Large,Baby Products,10091.51,96,105.12,Apple Pay,3.6
12-12-2025,Al Bahah Central,Al Bahah,Small,Cleaning Supplies,2536.55,50,50.73,Visa,3.2
02-08-2024,Al Jawf Central,Al Jawf,Small,Clothing,3780.39,50,75.61,Cash,4.1
17-05-2024,Al Rawdah,Makkah,Large,Bakery,10335.4,130,79.5,Cash,4.4
17-03-2024,Al Wajh,Tabuk,Medium,Dairy,9613.83,127,75.7,Mada,2.9
12-12-2025,Al Wajh,Tabuk,Medium,Bakery,4932.3,69,71.48,,4.1
01-01-2026,Al Aziziyah,Makkah,,Clothing,11559.76,113,102.3,Visa,3.6
23-01-2025,Al Wajh,Tabuk,Medium,Personal Care,3931.5,50,78.63,Cash,
01-12-2025,Hittin,Riyadh,XLarge,Electronics,26726.49,217,123.16,Mada,3.8
07-10-2024,Madinah Central,Madinah,Small,,1977.7,50,39.55,Mada,3.9
12-03-2026,Al Olaya,Riyadh,Large,Fresh Produce,13187.5,159,82.94,Mada,4.0
23-12-2024,Buraidah Central,Qassim,Medium,Snacks & Confectionery,,67,81.49,Visa,3.4
23-06-2024,Riyadh South,Riyadh,Large,Frozen Foods,10682.57,105,101.74,Apple Pay,3.5
03-05-2025,Bisha,Asir,Medium,Bakery,6208.54,88,70.55,Mastercard,
26-05-2024,Makkah City,Makkah,Large,,11683.77,109,107.19,Mastercard,4.4
25-11-2025,Madinah North,Madinah,Large,Toys,11638.31,106,109.8,Tamara,3.7
29-05-2025,Arar Central,Northern Borders,Small,Baby Products,2293.89,50,45.88,Mastercard,3.9
08-11-2024,Al Malaz,Riyadh,Large,Dairy,11494.77,120,95.79,,3.7
05-04-2024,Madinah North,Madinah,Large,Electronics,25517.39,215,118.69,Visa,3.0
24-11-2025,Al Wajh,Tabuk,Medium,Frozen Foods,5083.79,57,89.19,Visa,3.8
15-12-2025,Unaizah,Qassim,Small,Electronics,2773.9,50,55.48,Apple Pay,4.0
06-02-2026,Unaizah,Qassim,Small,Baby Products,2723.49,50,54.47,STC Pay,3.6
01-12-2025,Buraidah Central,Qassim,Medium,Personal Care,6045.66,75,80.61,Mastercard,4.2
28-06-2024,Madinah Central,Madinah,Small,Snacks & Confectionery,1790.91,50,35.82,Tabby,3.3
22-05-2025,Al Wajh,Tabuk,Medium,Meat & Poultry,5709.32,50,114.19,,3.8
24-10-2024,Hittin,Riyadh,XLarge,Dairy,14596.18,161,90.66,Mastercard,4.5
10-08-2024,Bisha,Asir,Medium,Cleaning Supplies,7548.73,,66.22,Visa,4.5
28-02-2024,Al Bahah Central,Al Bahah,Small,Personal Care,1940.49,50,38.81,Mada,3.0
24-12-2024,Riyadh Central,Riyadh,Large,Fresh Produce,13172.07,137,96.15,Cash,3.6
06-06-2024,Al Jawf Central,Al Jawf,Small,Cleaning Supplies,1735.53,50,34.71,Apple Pay,3.6
19-08-2024,Al Anbariyah,Madinah,Large,Meat & Poultry,10454.98,89,117.47,STC Pay,3.5
03-11-2025,Hail Central,Hail,Small,Fresh Produce,2718.93,50,54.38,Mada,3.5
27-12-2025,Hafuf,Eastern Province,Medium,Fresh Produce,7202.73,65,110.81,Mada,3.8
13-11-2025,Jeddah South,Makkah,Large,Beverages,8906.36,111,80.24,Mada,2.9
15-05-2025,Tabuk Central,Tabuk,Medium,Snacks & Confectionery,4673.72,61,76.62,Mada,3.9
13-01-2026,Al Jawf Central,Al Jawf,Small,,2299.62,50,45.99,Cash,
22-03-2026,Al Olaya,Riyadh,Large,Fresh Produce,10496.26,116,90.48,Apple Pay,3.9
15-03-2025,Qatif,Eastern Province,XLarge,Frozen Foods,46558.2,515,90.4,Mada,4.6
25-03-2024,Al Bahah Central,Al Bahah,Small,Bakery,3024.36,50,60.49,Visa,3.6
18-12-2025,Al Anbariyah,Madinah,Large,Snacks & Confectionery,9260.57,99,93.54,Mastercard,4.5
18-12-2025,Al Olaya,Riyadh,Large,Personal Care,13946.03,128,108.95,Apple Pay,3.6
15-05-2024,Hittin,Riyadh,XLarge,,13279.25,145,91.58,Cash,3.8
23-09-2025,Riyadh North,Riyadh,Large,Snacks & Confectionery,7238.4,84,86.17,Visa,3.5
10-12-2024,Madinah Central,Madinah,Small,Electronics,3453.33,50,69.07,,2.5
02-10-2024,Hittin,Riyadh,XLarge,Baby Products,18852.09,194,97.18,Mada,4.2
23-02-2024,Riyadh Central,Riyadh,Large,Dairy,10753.87,122,88.15,Mada,3.6
17-03-2025,Al Olaya,Riyadh,,Baby Products,13501.42,121,111.58,Mada,3.9
05-12-2024,Makkah City,Makkah,Large,Snacks & Confectionery,9911.37,132,75.09,Visa,3.8
31-08-2024,Abha Central,Asir,Small,Bakery,2841.09,50,56.82,STC Pay,4.0
12-02-2024,Hittin,Riyadh,XLarge,Cleaning Supplies,12800.51,174,73.57,Mada,4.5
11-04-2024,Hail Central,Hail,Small,Household,2405.2,50,48.1,Mastercard,3.9
14-02-2024,Jeddah North,Makkah,XLarge,Meat & Poultry,14617.88,144,101.51,STC Pay,4.0
09-01-2025,Hafuf,Eastern Province,Medium,Toys,5127.1,62,82.7,Cash,3.0
20-03-2026,Al Jawf Central,Al Jawf,Small,,2331.05,,46.62,Cash,4.1
02-08-2025,Riyadh East,Riyadh,Large,Baby Products,12308.27,102,120.67,Apple Pay,3.3
17-03-2024,Al Jawf Central,Al Jawf,Small,Frozen Foods,3756.06,50,75.12,Apple Pay,3.6
13-09-2025,Bisha,Asir,Medium,Fresh Produce,6556.06,62,105.74,Mada,3.5
11-04-2025,Al Jawf Central,Al Jawf,Small,Frozen Foods,3326.16,50,66.52,Apple Pay,2.8
26-12-2025,Al Khobar,Eastern Province,Large,Fresh Produce,12465.45,123,101.35,Visa,3.7
16-05-2024,Dammam Central,Eastern Province,Large,Snacks & Confectionery,7759.64,100,77.6,Mada,
01-07-2025,Al Rawdah,Makkah,Large,Clothing,8840.71,80,110.51,Tabby,3.4
09-01-2026,Al Anbariyah,Madinah,Large,Cleaning Supplies,8186.9,96,85.28,Tamara,4.7
23-04-2026,Riyadh Central,Riyadh,Large,Frozen Foods,11066.32,114,97.07,Mada,4.4
09-01-2026,Al Olaya,Riyadh,Large,Meat & Poultry,16266.11,156,104.27,STC Pay,3.9
16-04-2026,Al Rawdah,Makkah,Large,Dairy,10567.67,116,91.1,Visa,4.1
25-08-2024,Hail Central,Hail,Small,Beverages,3099.18,50,61.98,Mada,3.3
04-07-2024,Al Bahah Central,Al Bahah,Small,Snacks & Confectionery,1916.24,50,38.32,Visa,3.8
22-01-2024,Al Khobar,Eastern Province,Large,Cleaning Supplies,6764.71,97,69.74,Mastercard,3.7
12-03-2024,Al Aziziyah,Makkah,Large,Beverages,11013.55,127,86.72,Visa,3.3
14-01-2026,Makkah City,Makkah,Large,Electronics,15077.89,97,155.44,Mada,4.2
26-04-2026,Hittin,Riyadh,XLarge,Snacks & Confectionery,18633.36,266,70.05,,4.0
22-03-2026,Riyadh Central,Riyadh,Large,Baby Products,20604.09,165,124.87,Mastercard,3.5
23-05-2026,Qatif,Eastern Province,XLarge,Bakery,21913.45,289,75.83,Visa,3.8
05-05-2025,Qatif,Eastern Province,XLarge,Electronics,17530.45,145,120.9,Visa,4.1
22-01-2024,Hittin,Riyadh,XLarge,Fresh Produce,17495.91,178,98.29,Visa,4.1
25-01-2024,Madinah Central,Madinah,Small,Meat & Poultry,2315.55,50,46.31,Mada,3.4
04-12-2025,Khamis Mushait,Asir,Small,Snacks & Confectionery,2953.49,50,59.07,Mada,3.7
31-12-2024,Al Khobar,Eastern Province,Large,,10285.44,88,116.88,STC Pay,3.9
14-02-2024,Al Malaz,Riyadh,Large,Fresh Produce,9206.48,103,89.38,Visa,3.7
01-10-2025,Dhahran,Eastern Province,XLarge,Meat & Poultry,24940.92,190,131.27,STC Pay,3.8
28-09-2024,Abha Central,Asir,Small,Toys,4089.96,50,81.8,Cash,3.8
23-11-2024,Jeddah North,Makkah,XLarge,Beverages,20985.64,276,76.03,Tabby,3.9
25-04-2024,Riyadh West,Riyadh,Large,Baby Products,14912.02,,,Cash,4.1
27-12-2024,Khamis Mushait,Asir,Small,Beverages,2774.71,50,55.49,Mada,3.6
21-05-2024,Qatif,Eastern Province,XLarge,Clothing,22903.96,178,128.67,Mada,3.5
03-07-2025,Unaizah,Qassim,Small,Meat & Poultry,3081.02,50,61.62,Mada,3.6
20-12-2025,Madinah Central,Madinah,Small,Meat & Poultry,3634.04,,72.68,Apple Pay,3.3
22-04-2024,Makkah City,Makkah,Large,Meat & Poultry,10246.43,106,96.66,,4.1
28-10-2024,Makkah City,Makkah,,Snacks & Confectionery,8565.69,106,80.81,STC Pay,3.6
27-02-2024,Madinah Central,Madinah,Small,Fresh Produce,2206.54,,,Cash,3.7
13-12-2025,Riyadh North,Riyadh,Large,Meat & Poultry,25516.39,250,102.07,Mastercard,4.5
31-01-2024,Jeddah South,Makkah,Large,Fresh Produce,7458.4,74,100.79,Cash,4.1
02-06-2024,Tabuk Central,Tabuk,Medium,Beverages,6718.5,67,100.28,Visa,4.2
30-03-2025,Qatif,Eastern Province,XLarge,Toys,42659.68,410,104.05,Mada,3.9
10-09-2025,Riyadh East,Riyadh,Large,Household,,98,124.62,Apple Pay,3.5
08-08-2025,Al Anbariyah,Madinah,Large,Toys,12423.73,126,,Mada,3.1
18-06-2025,Al Malaz,Riyadh,Large,Baby Products,9502.36,99,95.98,Mada,
16-04-2026,Riyadh West,Riyadh,Large,Beverages,12784.09,159,80.4,Mada,3.9
17-06-2024,Khamis Mushait,Asir,Small,Meat & Poultry,1750.48,,35.01,Mada,3.9
29-01-2024,Qatif,Eastern Province,XLarge,Fresh Produce,12816.11,119,107.7,Mada,4.2
13-02-2026,Riyadh Central,Riyadh,Large,Fresh Produce,13587.94,132,102.94,STC Pay,3.8
31-07-2025,Riyadh East,Riyadh,Large,Beverages,11202.93,107,104.7,Cash,4.0
09-01-2024,Dhahran,Eastern Province,XLarge,Frozen Foods,18970.21,255,74.39,Visa,3.8
12-05-2024,Hafuf,Eastern Province,Medium,Fresh Produce,7287.56,77,94.64,Mastercard,4.2
29-05-2025,Al Olaya,Riyadh,Large,Fresh Produce,11315.8,130,87.04,Mada,3.1
14-06-2024,Al Khobar,Eastern Province,Large,Beverages,8553.25,116,73.73,Cash,3.4
08-08-2024,Madinah Central,Madinah,Small,Clothing,3304.9,50,66.1,Mada,4.1
26-02-2026,Buraidah Central,Qassim,Medium,Frozen Foods,4233.51,50,84.67,Mada,3.7
10-02-2024,Al Wajh,Tabuk,Medium,Frozen Foods,7954.04,86,92.49,Mada,3.7
03-08-2025,Jeddah North,Makkah,,Beverages,22111.05,291,75.98,Cash,3.9
14-07-2025,Dhahran,Eastern Province,XLarge,Snacks & Confectionery,15737.87,,70.89,Mada,3.8
14-06-2024,Al Khobar,Eastern Province,Large,Personal Care,9033.48,89,101.5,Cash,3.9
21-09-2024,Arar Central,Northern Borders,Small,Baby Products,4885.19,51,95.79,Mada,4.4
10-02-2024,Al Bahah Central,Al Bahah,Small,Dairy,2462.17,50,49.24,Visa,3.2
27-03-2025,Makkah City,Makkah,Large,Snacks & Confectionery,,189,69.68,Mada,3.6
29-11-2025,Al Anbariyah,Madinah,Large,Baby Products,14070.41,110,127.91,Apple Pay,3.4
07-06-2024,Riyadh Central,Riyadh,Large,Dairy,11777.31,,92.73,Mada,4.2
16-11-2025,Arar Central,Northern Borders,Small,Beverages,2497.78,50,49.96,STC Pay,3.8
21-04-2024,Arar Central,Northern Borders,Small,,2806.15,,,STC Pay,3.6
07-03-2024,Qatif,Eastern Province,XLarge,Baby Products,19366.1,183,,Mastercard,3.7
27-04-2024,Najran Central,Najran,Medium,Electronics,11411.65,,152.16,Mada,3.6
07-09-2025,Riyadh East,Riyadh,Large,Electronics,22291.46,192,116.1,Apple Pay,3.5
06-08-2024,Najran Central,Najran,Medium,Snacks & Confectionery,3207.18,50,64.14,Mastercard,3.7
25-05-2024,Al Malaz,Riyadh,Large,Meat & Poultry,12971.02,108,120.1,Mastercard,4.4
21-06-2025,Tabuk Central,Tabuk,Medium,Cleaning Supplies,4934.24,55,89.71,Cash,4.1
17-06-2024,Dhahran,Eastern Province,XLarge,Baby Products,,130,106.18,Visa,3.7
14-12-2025,Jeddah South,Makkah,,Cleaning Supplies,12953.46,170,76.2,Apple Pay,3.0
20-03-2024,Al Aziziyah,Makkah,Large,Personal Care,17426.98,157,111.0,Mastercard,3.5
15-01-2024,Jubail,Eastern Province,Large,Beverages,6668.65,67,99.53,Apple Pay,4.6
26-09-2024,Tabuk Central,Tabuk,Medium,Electronics,,57,134.73,Apple Pay,4.5
11-10-2025,Makkah City,Makkah,Large,Baby Products,17314.55,138,125.47,Mada,4.2
03-03-2026,Unaizah,Qassim,Small,Meat & Poultry,2280.41,50,45.61,Tabby,3.5
14-01-2025,Riyadh Central,Riyadh,Large,Electronics,15184.5,135,112.48,Visa,4.2
27-02-2025,Arar Central,Northern Borders,Small,Meat & Poultry,2447.09,50,48.94,Visa,3.1
26-04-2024,Qatif,Eastern Province,XLarge,Beverages,29547.68,329,89.81,Visa,4.2
15-05-2026,Al Khobar,Eastern Province,Large,Toys,13474.18,149,90.43,Mastercard,4.2
30-03-2024,Al Olaya,Riyadh,Large,Fresh Produce,25752.41,303,84.99,Visa,3.4
12-04-2024,Unaizah,Qassim,Small,Household,4042.25,50,80.84,Mastercard,3.8
04-08-2024,Tabuk Central,Tabuk,Medium,Beverages,5284.58,,89.57,Mada,3.6
26-02-2025,Arar Central,Northern Borders,Small,Clothing,3103.5,50,62.07,Mada,3.6
11-03-2026,Abha Central,Asir,Small,Dairy,1760.3,50,35.21,Mada,4.0
20-11-2025,Tabuk Central,Tabuk,Medium,Cleaning Supplies,4317.69,53,81.47,Cash,3.2
20-03-2026,Jeddah North,Makkah,XLarge,Snacks & Confectionery,18930.15,260,72.81,Visa,3.5
04-09-2024,Al Wajh,Tabuk,Medium,Meat & Poultry,6270.6,59,106.28,Mada,4.7
31-03-2026,Riyadh South,Riyadh,Large,Beverages,11568.9,160,72.31,Mada,3.7
13-06-2025,Jubail,Eastern Province,Large,Bakery,7581.39,109,69.55,Cash,3.4
08-10-2025,Hittin,Riyadh,,Meat & Poultry,22189.45,222,99.95,STC Pay,4.1
27-07-2024,Jubail,Eastern Province,Large,Electronics,15093.9,93,162.3,Apple Pay,3.6
29-01-2024,Jeddah North,Makkah,XLarge,Household,17602.77,209,84.22,Visa,4.6
11-10-2025,Arar Central,Northern Borders,Small,Meat & Poultry,4562.68,50,91.25,STC Pay,3.7
17-07-2024,Dhahran,Eastern Province,XLarge,Bakery,12972.44,192,67.56,Apple Pay,4.1
25-03-2024,Dammam Central,Eastern Province,Large,Personal Care,18133.22,201,90.22,Visa,3.2
23-04-2024,Al Olaya,Riyadh,Large,Personal Care,11733.5,104,112.82,Mada,3.9
14-05-2026,Al Bahah Central,Al Bahah,Small,Snacks & Confectionery,1872.36,50,37.45,,3.5
27-02-2025,Riyadh North,Riyadh,Large,Baby Products,8279.15,65,127.37,,3.6
07-04-2026,Hail Central,Hail,Small,Dairy,1889.21,50,37.78,Mastercard,3.8
30-04-2024,Riyadh East,Riyadh,Large,Baby Products,16645.45,157,106.02,Visa,3.6
04-05-2024,Al Anbariyah,Madinah,,Electronics,16651.53,103,161.67,Visa,3.7
09-08-2024,Jeddah North,Makkah,,Fresh Produce,24124.65,237,101.79,Mada,4.1
01-10-2024,Makkah City,Makkah,Large,Fresh Produce,8736.81,81,107.86,Mastercard,4.4
23-04-2025,Al Khobar,Eastern Province,Large,Beverages,12422.07,146,85.08,Mada,3.9
06-02-2025,Dammam Central,Eastern Province,Large,Snacks & Confectionery,6597.52,,79.49,Mada,4.0
09-01-2026,Al Rawdah,Makkah,Large,Cleaning Supplies,10123.76,125,80.99,Mastercard,4.0
15-03-2025,Khamis Mushait,Asir,Small,Meat & Poultry,5184.1,54,96.0,Apple Pay,3.1
20-06-2024,Hail Central,Hail,Small,Baby Products,2966.64,50,59.33,Mada,2.9
26-12-2024,Buraidah Central,Qassim,,Fresh Produce,5717.02,71,80.52,Mada,3.3
01-01-2025,Jeddah East,Makkah,Large,Bakery,6620.35,83,79.76,Cash,3.8
04-01-2026,Riyadh Central,Riyadh,,Beverages,10962.06,144,76.13,STC Pay,3.9
29-01-2025,Riyadh West,Riyadh,Large,Bakery,6777.92,80,84.72,Visa,3.6
10-08-2025,Riyadh West,Riyadh,Large,Beverages,14613.66,189,77.32,Mada,2.9
21-07-2024,Jubail,Eastern Province,Large,Snacks & Confectionery,9444.03,115,82.12,Tamara,3.6
07-09-2025,Jeddah South,Makkah,Large,,14915.24,139,107.3,Mada,3.9
17-04-2025,Riyadh Central,Riyadh,Large,Snacks & Confectionery,9885.21,115,85.96,,3.9
12-03-2024,Riyadh North,Riyadh,Large,Snacks & Confectionery,12925.62,,85.04,Mada,3.7
10-02-2026,Jubail,Eastern Province,Large,Electronics,11293.72,96,117.64,Mada,4.1
20-05-2025,Arar Central,Northern Borders,Small,,2848.21,50,56.96,Mada,3.7
30-01-2024,Al Olaya,Riyadh,Large,Snacks & Confectionery,6983.68,72,97.0,Tamara,4.2
23-06-2024,Madinah Central,Madinah,Small,Frozen Foods,2107.8,50,42.16,Apple Pay,3.1
06-01-2024,Unaizah,Qassim,Small,Snacks & Confectionery,3544.09,50,70.88,Apple Pay,4.3
27-09-2024,Riyadh West,Riyadh,Large,Personal Care,11868.04,140,84.77,Mada,4.4
21-05-2024,Jeddah South,Makkah,Large,Fresh Produce,9400.35,96,97.92,,3.1
14-10-2025,Tabuk Central,Tabuk,Medium,Fresh Produce,4968.29,55,90.33,Visa,
14-10-2024,Al Bahah Central,Al Bahah,Small,Frozen Foods,1941.62,50,38.83,Mada,3.6
06-11-2025,Madinah North,Madinah,Large,Snacks & Confectionery,11056.11,145,76.25,Cash,4.0
02-03-2024,Al Bahah Central,Al Bahah,Small,,3768.25,50,75.36,Mada,3.2
10-06-2025,Buraidah Central,Qassim,Medium,Frozen Foods,5110.75,53,96.43,Mada,3.8
18-05-2026,Jeddah North,Makkah,XLarge,Cleaning Supplies,12943.18,147,88.05,Mada,4.8
26-07-2024,Al Jawf Central,Al Jawf,Small,Fresh Produce,2993.75,50,59.88,Mada,3.5
14-08-2025,Dhahran,Eastern Province,,Fresh Produce,17976.89,229,78.5,Mastercard,4.1
30-09-2024,Jeddah East,Makkah,,Clothing,8732.43,74,118.01,Mada,4.6
28-12-2024,Al Malaz,Riyadh,Large,Fresh Produce,16094.4,178,90.42,Visa,4.1
20-02-2024,Al Olaya,Riyadh,Large,Frozen Foods,8999.14,99,90.9,Mada,3.9
29-06-2024,Bisha,Asir,Medium,Household,7849.34,78,100.63,Mada,3.6
12-08-2024,Hittin,Riyadh,XLarge,Cleaning Supplies,10245.81,135,75.89,Mada,3.5
13-04-2024,Unaizah,Qassim,Small,Cleaning Supplies,3037.7,50,60.75,Mada,3.4
22-05-2025,Dammam Central,Eastern Province,Large,Frozen Foods,7997.55,85,94.09,Mada,4.0
21-01-2026,Al Khobar,Eastern Province,Large,Fresh Produce,6748.47,87,77.57,Visa,3.7
23-06-2024,Madinah North,Madinah,Large,Electronics,15754.01,106,148.62,STC Pay,3.0
14-01-2024,Jeddah North,Makkah,XLarge,Beverages,22535.65,214,105.31,Tabby,4.2
31-08-2025,Riyadh Central,Riyadh,Large,Beverages,11112.8,104,106.85,STC Pay,3.6
22-04-2024,Najran Central,Najran,Medium,Electronics,6164.68,50,123.29,Mada,3.9
04-03-2026,Jeddah North,Makkah,XLarge,Dairy,12120.96,165,73.46,Mada,4.5
12-07-2025,Hafuf,Eastern Province,Medium,Beverages,5647.17,62,91.08,Cash,3.4
04-03-2026,Buraidah Central,Qassim,Medium,,5184.85,71,73.03,Mada,4.3
03-12-2025,Dammam Central,Eastern Province,Large,Clothing,14380.88,107,134.4,Mada,
24-05-2025,Hafuf,Eastern Province,Medium,Personal Care,5606.94,63,89.0,Mada,5.0
01-02-2026,Al Rawdah,Makkah,Large,Cleaning Supplies,8180.79,99,82.63,Cash,3.7
05-04-2025,Unaizah,Qassim,Small,Cleaning Supplies,4357.0,50,87.14,STC Pay,4.2
05-12-2024,Hafuf,Eastern Province,Medium,Meat & Poultry,6958.6,75,92.78,,4.3
04-05-2026,Qatif,Eastern Province,XLarge,Beverages,,172,86.74,Tabby,4.1
22-10-2024,Hafuf,Eastern Province,Medium,Electronics,5842.19,52,112.35,Cash,3.6
30-09-2025,Al Khobar,Eastern Province,Large,Fresh Produce,9766.47,107,91.28,Cash,3.4
16-01-2024,Al Khobar,Eastern Province,Large,Bakery,7312.23,110,66.47,Cash,3.8
07-11-2025,Hafuf,Eastern Province,,Electronics,11926.84,78,152.91,STC Pay,3.8
12-11-2025,Al Jawf Central,Al Jawf,Small,Household,3371.78,50,67.44,Mastercard,
22-08-2025,Al Wajh,Tabuk,Medium,Dairy,6581.45,66,99.72,STC Pay,4.3
11-04-2026,Madinah North,Madinah,,Meat & Poultry,23350.81,203,115.03,STC Pay,4.5
26-06-2024,Dhahran,Eastern Province,XLarge,Clothing,19750.58,159,124.22,Visa,3.4
13-09-2024,Al Aziziyah,Makkah,Large,Household,11063.78,101,109.54,Cash,3.3
06-07-2024,Unaizah,Qassim,Small,Cleaning Supplies,2471.71,50,49.43,Cash,3.4
11-12-2025,Hail Central,Hail,Small,Baby Products,2821.3,50,56.43,Mada,3.2
17-04-2025,Tabuk Central,Tabuk,Medium,Household,5234.11,61,85.81,,4.0
21-09-2025,Makkah City,Makkah,Large,Frozen Foods,16025.84,187,85.7,Mada,3.2
24-02-2024,Al Khobar,Eastern Province,Large,Meat & Poultry,18172.04,158,115.01,Cash,3.2
16-04-2025,Buraidah Central,Qassim,Medium,Fresh Produce,7065.81,71,99.52,Tamara,4.2
02-08-2025,Al Khobar,Eastern Province,Large,Meat & Poultry,16702.46,125,133.62,Mastercard,4.1
27-01-2026,Al Jawf Central,Al Jawf,Small,Toys,2423.52,50,48.47,Visa,3.8
04-11-2024,Jeddah North,Makkah,XLarge,Toys,19462.12,240,81.09,Apple Pay,4.0
27-04-2024,Al Aziziyah,Makkah,Large,Fresh Produce,13385.65,171,78.28,Visa,3.8
02-05-2026,Riyadh North,Riyadh,Large,Meat & Poultry,16922.76,180,94.02,Mada,4.0
07-07-2024,Najran Central,Najran,Medium,Snacks & Confectionery,6796.1,84,80.91,Apple Pay,3.5
18-03-2025,Hittin,Riyadh,XLarge,Electronics,28928.05,190,152.25,Mastercard,3.3
23-06-2024,Madinah North,Madinah,Large,Toys,12859.44,119,108.06,Mada,3.8
11-01-2025,Al Bahah Central,Al Bahah,,Meat & Poultry,4203.04,50,84.06,Cash,3.8
13-04-2026,Tabuk Central,Tabuk,Medium,Electronics,7825.98,59,132.64,Visa,4.1
13-02-2024,Hail Central,Hail,Small,,2902.74,50,58.05,STC Pay,3.6
10-10-2024,Arar Central,Northern Borders,Small,Fresh Produce,1807.51,50,36.15,Apple Pay,3.8
03-02-2025,Buraidah Central,Qassim,Medium,,4263.91,50,85.28,Mastercard,4.6
15-04-2025,Qatif,Eastern Province,XLarge,Frozen Foods,21249.85,220,96.59,Apple Pay,3.9
20-01-2025,Najran Central,Najran,Medium,Personal Care,5888.78,54,109.05,Mastercard,4.2
05-03-2026,Al Jawf Central,Al Jawf,,Bakery,2219.23,50,44.38,Visa,3.1
10-03-2024,Bisha,Asir,Medium,Snacks & Confectionery,5002.7,52,,Cash,3.5
26-05-2025,Al Olaya,Riyadh,Large,Beverages,10120.37,131,77.25,Tamara,4.0
17-04-2024,Madinah North,Madinah,Large,Fresh Produce,14117.02,181,77.99,Apple Pay,3.2
06-03-2024,Tabuk Central,Tabuk,Medium,Bakery,3334.21,50,66.68,Mastercard,3.4
27-06-2024,Riyadh North,Riyadh,Large,Toys,8781.05,87,100.93,,3.9
19-07-2024,Al Aziziyah,Makkah,Large,Beverages,9325.9,100,93.26,Mada,4.2
29-03-2024,Al Aziziyah,Makkah,Large,Personal Care,20767.01,233,89.13,Mada,4.4
06-01-2024,Makkah City,Makkah,Large,Meat & Poultry,15598.92,144,108.33,Cash,4.1
23-05-2025,Buraidah Central,Qassim,Medium,Bakery,4201.31,63,66.69,Visa,4.4
25-09-2025,Hafuf,Eastern Province,Medium,Snacks & Confectionery,5818.5,79,73.65,Mada,
10-05-2024,Al Malaz,Riyadh,Large,Dairy,12035.26,127,94.77,Mada,3.2
04-12-2024,Unaizah,Qassim,Small,Snacks & Confectionery,1725.46,50,34.51,Apple Pay,
21-10-2024,Jeddah South,Makkah,,Personal Care,7825.73,94,83.25,STC Pay,4.0
15-11-2024,Al Jawf Central,Al Jawf,Small,Electronics,4251.89,50,85.04,Cash,2.7
30-10-2025,Al Anbariyah,Madinah,Large,Meat & Poultry,9812.0,80,122.65,Mada,4.0
22-05-2024,Riyadh South,Riyadh,Large,Snacks & Confectionery,7053.41,80,88.17,Apple Pay,3.9
15-03-2024,Al Bahah Central,Al Bahah,Small,Household,5570.65,58,96.05,Apple Pay,3.5
20-12-2024,Riyadh East,Riyadh,Large,Baby Products,20892.02,206,101.42,Visa,4.2
04-10-2024,Makkah City,Makkah,Large,Fresh Produce,14553.07,161,90.39,Mada,4.0
17-03-2025,Hafuf,Eastern Province,Medium,Frozen Foods,6919.59,90,76.88,Mada,3.9
01-07-2025,Al Aziziyah,Makkah,Large,Meat & Poultry,11267.57,109,103.37,Cash,3.8
23-02-2024,Najran Central,Najran,Medium,,6577.7,50,131.55,,3.6
22-09-2025,Hittin,Riyadh,XLarge,Meat & Poultry,24130.37,192,125.68,Mada,3.9
31-08-2024,Riyadh South,Riyadh,Large,Personal Care,12474.8,116,107.54,Mastercard,4.3
01-04-2026,Riyadh East,Riyadh,Large,Toys,9075.58,107,84.82,Cash,3.3
25-03-2025,Makkah City,Makkah,Large,Electronics,17258.57,124,139.18,Mastercard,3.8
05-05-2025,Bisha,Asir,Medium,Clothing,6193.95,50,123.88,STC Pay,4.1
21-05-2025,Al Rawdah,Makkah,Large,Snacks & Confectionery,9307.37,131,71.05,Apple Pay,3.5
09-03-2026,Abha Central,Asir,Small,Snacks & Confectionery,2055.57,50,41.11,STC Pay,3.7
15-12-2025,Jubail,Eastern Province,Large,Fresh Produce,10754.16,112,96.02,Mada,4.2
27-07-2024,Al Malaz,Riyadh,Large,Snacks & Confectionery,14871.58,182,81.71,Mada,3.7
05-05-2024,Al Rawdah,Makkah,,Snacks & Confectionery,,113,95.99,Tabby,3.6
26-04-2024,Arar Central,Northern Borders,Small,Snacks & Confectionery,2298.53,50,45.97,Visa,3.1
27-04-2026,Dhahran,Eastern Province,XLarge,Electronics,33966.9,298,113.98,Mada,4.4
15-02-2024,Hail Central,Hail,Small,Meat & Poultry,2190.6,50,43.81,Visa,3.6
02-02-2024,Dhahran,Eastern Province,XLarge,Meat & Poultry,23859.59,175,136.34,Visa,4.7
09-04-2026,Al Anbariyah,Madinah,Large,Bakery,11614.14,125,92.91,Mastercard,3.2
13-03-2025,Al Wajh,Tabuk,Medium,Cleaning Supplies,,112,71.34,Apple Pay,2.9
29-05-2026,Al Khobar,Eastern Province,Large,Household,16505.73,160,103.16,Mastercard,3.5
23-09-2024,Buraidah Central,Qassim,Medium,Meat & Poultry,4709.04,,94.18,STC Pay,3.8
28-03-2024,Dammam Central,Eastern Province,Large,Frozen Foods,19294.53,201,,Visa,3.9
22-09-2025,Riyadh East,Riyadh,Large,Dairy,7146.73,80,89.33,Mastercard,3.8
05-08-2025,Dhahran,Eastern Province,XLarge,Snacks & Confectionery,15265.53,212,72.01,Mada,3.9
26-03-2025,Riyadh North,Riyadh,Large,Electronics,15687.99,113,138.83,Visa,3.4
10-10-2024,Al Malaz,Riyadh,Large,Household,,170,85.12,Mada,
23-02-2026,Al Anbariyah,Madinah,Large,Bakery,7916.73,105,75.4,,
26-08-2024,Riyadh South,Riyadh,,Electronics,9956.21,82,121.42,Apple Pay,
12-02-2024,Jubail,Eastern Province,Large,Bakery,7057.72,111,63.58,Tamara,
07-07-2025,Hafuf,Eastern Province,Medium,Personal Care,5104.06,50,102.08,Cash,3.8
25-04-2024,Hail Central,Hail,Small,Bakery,2350.84,50,47.02,Mada,3.8
16-10-2024,Al Wajh,Tabuk,Medium,Dairy,3758.95,52,72.29,Mada,3.4
29-10-2025,Tabuk Central,Tabuk,Medium,Baby Products,5692.1,50,113.84,Cash,3.6
28-08-2025,Jeddah North,Makkah,XLarge,Personal Care,13101.45,154,85.07,Visa,4.2
13-03-2026,Al Jawf Central,Al Jawf,Small,Meat & Poultry,3789.29,50,75.79,Apple Pay,4.2
19-02-2026,Khamis Mushait,Asir,Small,Electronics,3849.65,50,,STC Pay,3.7
01-08-2025,Madinah Central,Madinah,Small,,2842.18,50,56.84,Mada,3.5
28-03-2026,Buraidah Central,Qassim,Medium,Beverages,5626.43,66,85.25,Mada,3.0
18-07-2024,Dammam Central,Eastern Province,Large,Dairy,9868.78,110,89.72,Mada,3.8
18-11-2024,Arar Central,Northern Borders,Small,Fresh Produce,2606.41,50,52.13,Mastercard,3.2
05-01-2025,Tabuk Central,Tabuk,Medium,Household,5656.04,50,113.12,Mada,3.5
23-08-2024,Tabuk Central,Tabuk,Medium,Snacks & Confectionery,5714.47,59,96.86,Visa,3.8
21-11-2025,Tabuk Central,Tabuk,Medium,Fresh Produce,7320.21,73,100.28,Mada,3.7
01-06-2025,Tabuk Central,Tabuk,Medium,,8277.17,91,,Apple Pay,4.0
09-04-2025,Jeddah East,Makkah,Large,Fresh Produce,8601.75,86,100.02,Visa,4.4
04-02-2024,Makkah City,Makkah,Large,Electronics,20622.12,137,150.53,Cash,3.5
26-06-2025,Al Jawf Central,Al Jawf,Small,Cleaning Supplies,2232.32,50,44.65,Mada,3.0
10-12-2024,Hittin,Riyadh,XLarge,Cleaning Supplies,19632.72,260,75.51,Visa,3.8
16-03-2024,Riyadh East,Riyadh,Large,Meat & Poultry,30500.39,271,112.55,Mada,3.1
14-02-2026,Al Khobar,Eastern Province,Large,Fresh Produce,12915.8,125,103.33,Apple Pay,4.0
26-03-2024,Al Jawf Central,Al Jawf,Small,Electronics,3872.43,50,77.45,Mastercard,3.3
04-06-2025,Jeddah East,Makkah,Large,Dairy,8674.29,120,72.29,Mada,3.9
15-12-2024,Al Bahah Central,Al Bahah,Small,Household,2976.81,50,59.54,Visa,3.9
22-11-2024,Khamis Mushait,Asir,Small,Baby Products,4131.8,50,82.64,STC Pay,3.5
16-03-2025,Al Rawdah,Makkah,Large,Personal Care,21842.28,240,91.01,Cash,3.8
13-05-2025,Dammam Central,Eastern Province,Large,Cleaning Supplies,7542.21,88,85.71,,4.0
25-08-2024,Al Olaya,Riyadh,Large,Fresh Produce,13921.84,136,102.37,Apple Pay,3.8
06-07-2025,Riyadh East,Riyadh,Large,Fresh Produce,12628.68,139,90.85,Apple Pay,3.7
27-07-2024,Abha Central,Asir,Small,Baby Products,3147.26,50,62.95,Mada,3.9
03-01-2026,Hittin,Riyadh,XLarge,Snacks & Confectionery,23945.59,285,84.02,Mada,4.3
29-03-2024,Al Anbariyah,Madinah,Large,Baby Products,26284.29,273,96.28,Cash,3.7
14-01-2026,Madinah Central,Madinah,Small,Fresh Produce,1622.91,50,32.46,Mada,3.7
19-11-2025,Al Jawf Central,Al Jawf,Small,Toys,2952.86,50,59.06,STC Pay,2.8
21-11-2024,Buraidah Central,Qassim,Medium,Household,5359.09,60,89.32,Visa,4.2
08-09-2024,Riyadh Central,Riyadh,Large,Meat & Poultry,13238.88,141,93.89,Mastercard,3.8
21-01-2026,Jeddah East,Makkah,Large,Fresh Produce,9185.77,,85.85,Cash,4.0
27-05-2026,Buraidah Central,Qassim,Medium,Bakery,4416.18,57,,Mada,3.3
04-03-2025,Riyadh East,Riyadh,Large,Personal Care,16755.97,,,Mada,3.4
10-05-2025,Hafuf,Eastern Province,Medium,Baby Products,8417.11,92,,Apple Pay,4.2
26-03-2026,Al Bahah Central,Al Bahah,Small,Personal Care,2770.89,50,55.42,Mada,3.2
25-04-2024,Madinah Central,Madinah,Small,Cleaning Supplies,3034.2,50,60.68,Mada,3.3
28-04-2024,Al Wajh,Tabuk,,Baby Products,8003.27,81,98.81,Mada,3.9
22-12-2025,Bisha,Asir,Medium,Cleaning Supplies,3753.23,54,69.5,Apple Pay,3.3
24-10-2024,Riyadh North,Riyadh,Large,Bakery,7832.25,119,65.82,Mada,
24-09-2024,Jubail,Eastern Province,,Meat & Poultry,12662.58,129,98.16,Mada,3.8
15-01-2026,Al Bahah Central,Al Bahah,Small,Clothing,2409.04,50,48.18,Mada,3.7
09-08-2025,Madinah Central,Madinah,Small,Household,4212.04,50,84.24,Cash,4.1
11-09-2025,Makkah City,Makkah,Large,Baby Products,12182.97,93,131.0,Mada,3.7
27-12-2024,Qatif,Eastern Province,XLarge,Household,30993.13,329,94.2,Visa,3.8
08-05-2026,Jeddah South,Makkah,Large,Snacks & Confectionery,,118,92.53,Apple Pay,4.0
05-12-2024,Abha Central,Asir,Small,Household,2847.4,50,56.95,Cash,4.0
14-04-2024,Buraidah Central,Qassim,Medium,Snacks & Confectionery,7570.59,75,100.94,Mada,3.2
23-08-2024,Riyadh North,Riyadh,Large,Toys,13287.38,113,117.59,Mastercard,4.0
14-05-2024,Bisha,Asir,Medium,Cleaning Supplies,4695.22,68,69.05,Cash,3.4
09-01-2026,Al Jawf Central,Al Jawf,Small,Frozen Foods,2914.76,50,58.3,Mastercard,2.7
23-01-2026,Al Olaya,Riyadh,Large,Meat & Poultry,15051.03,154,97.73,Apple Pay,
11-03-2025,Jubail,Eastern Province,Large,Electronics,20966.4,146,143.61,Mada,3.7
20-01-2025,Najran Central,Najran,Medium,Fresh Produce,3968.85,52,76.32,Visa,4.4
18-10-2024,Najran Central,Najran,Medium,Household,9050.57,81,111.74,Cash,3.4
20-02-2026,Abha Central,Asir,Small,Fresh Produce,2609.74,50,52.19,Tabby,3.6
28-02-2026,Bisha,Asir,Medium,Meat & Poultry,7037.98,65,108.28,,3.4
07-04-2024,Al Malaz,Riyadh,Large,Bakery,20144.33,316,63.75,Visa,4.4
24-05-2024,Al Malaz,Riyadh,Large,Snacks & Confectionery,10156.4,125,81.25,Apple Pay,3.8
15-09-2024,Al Bahah Central,Al Bahah,Small,Frozen Foods,2864.47,50,57.29,Cash,3.5
06-01-2024,Tabuk Central,Tabuk,Medium,Bakery,5179.58,70,,Mada,2.8
25-11-2024,Madinah North,Madinah,,Beverages,9306.9,111,83.85,Mastercard,3.8
17-04-2024,Al Malaz,Riyadh,Large,Electronics,16120.15,105,153.53,Cash,3.6
24-03-2025,Al Aziziyah,Makkah,Large,Fresh Produce,16691.37,214,78.0,Mada,3.8
13-05-2025,Buraidah Central,Qassim,Medium,Cleaning Supplies,3235.33,50,64.71,Cash,4.8
19-06-2025,Dammam Central,Eastern Province,Large,Cleaning Supplies,7214.95,94,76.75,Mada,4.7
19-06-2025,Al Khobar,Eastern Province,Large,Snacks & Confectionery,9216.36,132,69.82,Mada,3.4
04-12-2024,Al Rawdah,Makkah,Large,Frozen Foods,13387.63,173,77.39,Cash,3.5
02-01-2026,Buraidah Central,Qassim,Medium,Electronics,10278.42,76,135.24,Mada,4.8
19-12-2025,Dhahran,Eastern Province,,Toys,21439.31,229,93.62,Mada,4.4
01-10-2025,Riyadh South,Riyadh,Large,Fresh Produce,9999.71,104,96.15,Visa,3.9
08-10-2024,Al Aziziyah,Makkah,Large,Cleaning Supplies,7620.56,94,81.07,Mastercard,4.4
01-10-2025,Abha Central,Asir,Small,Baby Products,3100.7,50,62.01,Visa,3.8
18-01-2026,Al Olaya,Riyadh,Large,Fresh Produce,10835.88,123,88.1,Cash,4.3
24-08-2025,Buraidah Central,Qassim,Medium,Meat & Poultry,8657.75,81,106.89,Apple Pay,3.0
02-08-2024,Najran Central,Najran,Medium,Frozen Foods,4859.62,66,73.63,Cash,3.2
26-05-2024,Jeddah North,Makkah,XLarge,,15573.04,185,84.18,STC Pay,4.5
11-03-2025,Hail Central,Hail,Small,Dairy,3188.83,50,,Cash,3.8
21-01-2025,Bisha,Asir,Medium,Toys,5602.23,55,101.86,Apple Pay,3.7
19-06-2024,Al Rawdah,Makkah,Large,Snacks & Confectionery,,130,75.7,Apple Pay,3.9
16-05-2025,Hail Central,Hail,Small,Bakery,2474.09,50,49.48,STC Pay,3.5
25-05-2026,Abha Central,Asir,Small,Clothing,2492.04,50,49.84,Mada,3.4
26-01-2025,Al Aziziyah,Makkah,Large,Baby Products,13904.1,158,88.0,Mada,3.6
02-12-2024,Dhahran,Eastern Province,XLarge,Meat & Poultry,17241.84,141,122.28,STC Pay,4.2
04-02-2024,Dammam Central,Eastern Province,,Clothing,16693.23,139,120.1,Tamara,3.7
08-08-2025,Riyadh South,Riyadh,Large,Snacks & Confectionery,12571.47,179,70.23,Tamara,3.5
17-05-2025,Arar Central,Northern Borders,Small,Frozen Foods,2544.84,50,50.9,Visa,3.9
23-12-2025,Jeddah North,Makkah,XLarge,Cleaning Supplies,18232.76,199,91.62,Mada,4.2
27-02-2024,Hittin,Riyadh,XLarge,Toys,14955.57,145,103.14,,3.9
06-12-2024,Riyadh North,Riyadh,Large,Snacks & Confectionery,15315.15,173,,Mastercard,4.6
12-06-2025,Abha Central,Asir,Small,Clothing,1986.94,50,39.74,Mastercard,3.8
31-05-2024,Al Jawf Central,Al Jawf,Small,Fresh Produce,3017.73,50,60.35,Mada,3.7
06-12-2025,Al Aziziyah,Makkah,Large,Fresh Produce,16757.79,204,82.15,,4.1
30-04-2024,Hafuf,Eastern Province,Medium,Household,5941.89,64,92.84,Visa,3.8
31-03-2024,Arar Central,Northern Borders,Small,Fresh Produce,3717.69,50,74.35,Mada,2.7
18-03-2026,Jeddah South,Makkah,Large,Clothing,9581.85,81,118.29,STC Pay,3.2
11-11-2024,Madinah North,Madinah,Large,Clothing,15185.46,153,99.25,Mada,3.8
23-01-2025,Riyadh South,Riyadh,Large,Fresh Produce,10786.37,102,105.75,Mada,3.6
05-05-2026,Madinah Central,Madinah,Small,,1484.19,50,29.68,Mada,
29-12-2024,Al Bahah Central,Al Bahah,,Meat & Poultry,4504.59,50,90.09,Mada,3.3
07-02-2024,Jeddah South,Makkah,Large,Personal Care,11422.22,103,110.9,Visa,4.2
31-07-2024,Al Khobar,Eastern Province,Large,Baby Products,,92,103.44,Mastercard,3.8
02-04-2024,Dammam Central,Eastern Province,Large,Bakery,13830.75,163,84.85,Mada,4.2
01-05-2025,Jeddah East,Makkah,Large,Personal Care,8271.22,82,,Mada,3.6
26-11-2024,Riyadh East,Riyadh,Large,Personal Care,12184.64,147,82.89,Cash,3.5
10-07-2024,Al Olaya,Riyadh,Large,Dairy,9677.25,119,81.32,Mada,4.0
25-03-2025,Riyadh North,Riyadh,Large,Beverages,15878.14,192,82.7,Mada,3.2
10-01-2026,Al Anbariyah,Madinah,Large,Meat & Poultry,15722.52,153,102.76,Mada,4.2
20-02-2026,Madinah Central,Madinah,Small,Cleaning Supplies,2721.39,50,54.43,Mada,3.5
16-06-2024,Riyadh North,Riyadh,Large,Cleaning Supplies,10562.16,156,67.71,Tabby,4.3
22-07-2024,Buraidah Central,Qassim,Medium,Household,5974.43,51,117.15,Mastercard,3.8
12-11-2024,Al Malaz,Riyadh,Large,Fresh Produce,12055.27,125,96.44,Mada,3.7
01-01-2024,Arar Central,Northern Borders,Small,Bakery,1796.26,50,35.93,Mada,3.9
02-04-2024,Al Wajh,Tabuk,Medium,Fresh Produce,,107,88.73,Apple Pay,4.5
03-05-2025,Riyadh Central,Riyadh,Large,Fresh Produce,11279.75,127,88.82,Mada,3.9
01-05-2026,Khamis Mushait,Asir,Small,Bakery,2195.74,50,43.91,Mada,4.0
20-02-2026,Jubail,Eastern Province,Large,Meat & Poultry,16794.32,142,118.27,Mada,3.4
30-06-2025,Bisha,Asir,Medium,Beverages,3079.89,50,61.6,Visa,3.1
15-09-2025,Madinah Central,Madinah,Small,Bakery,1441.58,50,28.83,Visa,4.1
20-03-2024,Bisha,Asir,Medium,Fresh Produce,8176.78,,103.5,Mada,
05-04-2024,Al Wajh,Tabuk,Medium,Clothing,12933.93,109,118.66,Mada,3.2
24-09-2024,Riyadh East,Riyadh,Large,Beverages,11145.54,113,98.63,Mastercard,4.3
21-04-2025,Al Olaya,Riyadh,Large,Meat & Poultry,15621.95,155,100.79,Mastercard,
22-11-2024,Jeddah South,Makkah,Large,Household,12113.74,130,93.18,Cash,4.2
08-03-2025,Bisha,Asir,Medium,Dairy,11584.89,130,89.11,Visa,3.2
29-05-2025,Hail Central,Hail,Small,Beverages,1953.72,,39.07,Visa,3.2
24-04-2024,Abha Central,Asir,Small,Baby Products,3574.43,50,71.49,Mada,3.5
25-12-2025,Qatif,Eastern Province,XLarge,Fresh Produce,21131.7,264,80.04,Mastercard,3.8
21-03-2025,Arar Central,Northern Borders,Small,Dairy,2901.13,,58.02,Mada,3.0
15-09-2024,Abha Central,Asir,,Clothing,3772.52,50,75.45,Cash,4.2
02-07-2024,Dammam Central,Eastern Province,Large,Meat & Poultry,9468.1,84,112.72,Mada,4.0
28-06-2025,Riyadh East,Riyadh,Large,Bakery,12292.64,136,90.39,Cash,3.8
10-10-2025,Jeddah North,Makkah,XLarge,Cleaning Supplies,19240.07,231,83.29,Mada,3.3
05-08-2025,Buraidah Central,Qassim,Medium,Electronics,6534.69,50,130.69,Cash,3.2
26-01-2025,Al Olaya,Riyadh,Large,Frozen Foods,12581.16,133,94.6,Visa,3.7
03-02-2026,Jeddah East,Makkah,Large,Clothing,9470.66,94,100.75,Apple Pay,4.2
29-04-2024,Al Wajh,Tabuk,Medium,Personal Care,6898.34,,80.21,Visa,3.1
18-01-2025,Riyadh South,Riyadh,Large,Bakery,11955.05,187,63.93,Mada,3.6
10-10-2024,Jeddah East,Makkah,Large,Electronics,15519.97,114,,Mada,3.8
20-01-2024,Al Rawdah,Makkah,Large,Clothing,20306.31,160,126.91,Mada,3.8
09-04-2024,Jubail,Eastern Province,Large,Electronics,20244.31,144,140.59,,3.7
25-08-2025,Arar Central,Northern Borders,Small,Personal Care,2007.66,50,40.15,Mada,4.2
17-12-2024,Riyadh Central,Riyadh,Large,Meat & Poultry,,108,112.72,Mada,3.8
20-11-2025,Jeddah South,Makkah,Large,Meat & Poultry,12935.2,125,103.48,Visa,3.5
08-10-2025,Al Malaz,Riyadh,Large,Baby Products,11779.95,93,126.67,Mastercard,3.5
07-04-2025,Jubail,Eastern Province,Large,Electronics,17341.49,140,,Mada,3.7
01-08-2025,Hafuf,Eastern Province,Medium,Baby Products,6795.63,52,130.69,Tabby,3.4
19-01-2025,Madinah North,Madinah,Large,Fresh Produce,15668.82,181,86.57,Apple Pay,3.6
09-02-2025,Al Olaya,Riyadh,Large,Baby Products,11990.62,117,102.48,Mada,4.2
17-07-2025,Bisha,Asir,Medium,Frozen Foods,4497.89,50,89.96,Visa,4.4
27-02-2026,Jubail,Eastern Province,Large,Fresh Produce,10321.37,132,78.19,Tabby,3.8
29-06-2025,Unaizah,Qassim,Small,Snacks & Confectionery,2375.61,50,47.51,Mada,3.3
09-06-2024,Hail Central,Hail,Small,,3397.01,50,67.94,Visa,3.4
30-11-2025,Jeddah East,Makkah,Large,Meat & Poultry,22039.73,212,103.96,Tabby,
12-07-2024,Tabuk Central,Tabuk,Medium,Personal Care,6633.84,59,112.44,Visa,4.3
24-01-2024,Tabuk Central,Tabuk,Medium,Bakery,3573.41,50,71.47,Mada,3.8
14-01-2025,Al Malaz,Riyadh,Large,Personal Care,7065.03,82,86.16,Mada,3.5
13-04-2025,Jeddah South,Makkah,Large,Cleaning Supplies,13008.25,,89.71,STC Pay,
26-11-2024,Al Aziziyah,Makkah,Large,Electronics,12082.11,75,161.09,Visa,3.2
04-09-2024,Hail Central,Hail,Small,Baby Products,2994.3,50,59.89,Cash,3.8
12-06-2024,Qatif,Eastern Province,XLarge,Frozen Foods,12611.93,118,106.88,Mastercard,3.8
26-04-2025,Buraidah Central,Qassim,Medium,Electronics,15468.9,115,134.51,Mada,3.4
03-05-2024,Unaizah,Qassim,Small,Personal Care,3165.34,50,,Mastercard,2.9
26-10-2024,Riyadh South,Riyadh,Large,Snacks & Confectionery,16224.28,215,75.46,Cash,
03-01-2026,Bisha,Asir,Medium,Personal Care,9211.39,94,97.99,Apple Pay,4.4
09-01-2026,Hittin,Riyadh,XLarge,Meat & Poultry,20259.69,172,117.79,STC Pay,4.5
03-08-2024,Najran Central,Najran,Medium,Meat & Poultry,7579.78,74,102.43,Mada,3.6
16-12-2024,Al Anbariyah,Madinah,Large,Beverages,8844.49,116,76.25,Mastercard,
31-08-2025,Dammam Central,Eastern Province,Large,Fresh Produce,9596.69,107,89.69,Cash,4.2
10-11-2024,Al Khobar,Eastern Province,Large,Fresh Produce,18330.36,214,85.66,Mada,3.4
20-11-2025,Hail Central,Hail,Small,Frozen Foods,2236.92,50,44.74,Cash,3.5
29-01-2024,Madinah Central,Madinah,Small,Personal Care,2491.63,50,49.83,Cash,4.0
08-01-2026,Abha Central,Asir,Small,Cleaning Supplies,1933.0,50,38.66,Mada,4.5
24-08-2025,Jeddah North,Makkah,XLarge,Dairy,23159.78,274,84.52,,3.4
25-10-2025,Al Bahah Central,Al Bahah,Small,Household,3186.6,50,63.73,STC Pay,4.6
18-08-2024,Qatif,Eastern Province,XLarge,Bakery,16389.63,199,82.36,Apple Pay,4.1
27-10-2025,Hittin,Riyadh,XLarge,Beverages,13022.83,157,82.95,Visa,4.7
21-08-2024,Buraidah Central,Qassim,Medium,Meat & Poultry,6533.23,50,130.66,Visa,3.9
03-06-2025,Qatif,Eastern Province,,Household,12465.43,126,98.93,,4.7
02-04-2025,Riyadh South,Riyadh,Large,Bakery,10032.93,120,83.61,Mastercard,3.0
21-08-2024,Madinah North,Madinah,Large,Beverages,9575.06,91,105.22,Visa,3.6
20-01-2026,Al Aziziyah,Makkah,Large,Electronics,15302.44,136,112.52,Visa,3.7
31-07-2024,Riyadh South,Riyadh,Large,Personal Care,8031.46,87,92.32,Mada,3.1
19-03-2026,Jubail,Eastern Province,Large,Fresh Produce,,108,106.55,Cash,3.6
12-04-2024,Al Aziziyah,Makkah,Large,Bakery,12658.26,167,75.8,,3.1
07-01-2026,Hittin,Riyadh,XLarge,Frozen Foods,,185,100.67,Apple Pay,3.6
01-01-2024,Arar Central,Northern Borders,Small,Meat & Poultry,2104.47,50,42.09,Visa,3.4
22-10-2025,Al Khobar,Eastern Province,Large,,8270.25,,91.89,Mada,4.2
12-11-2024,Al Jawf Central,Al Jawf,Small,Fresh Produce,2542.18,50,50.84,Mada,4.4
26-04-2025,Al Jawf Central,Al Jawf,Small,Fresh Produce,3976.19,,79.52,Mastercard,3.6
29-03-2025,Al Olaya,Riyadh,Large,Toys,21375.71,254,84.16,Mada,4.0
28-05-2025,Dhahran,Eastern Province,XLarge,Frozen Foods,13813.48,155,89.12,Mastercard,4.2
07-08-2025,Al Rawdah,Makkah,Large,Dairy,9430.24,103,91.56,Mada,
29-11-2024,Jeddah South,Makkah,Large,Baby Products,,199,99.38,Apple Pay,4.0
22-08-2024,Dammam Central,Eastern Province,Large,,11304.16,151,74.86,Mada,4.0
29-04-2026,Hafuf,Eastern Province,Medium,,6388.55,72,,Mada,4.1
06-01-2024,Tabuk Central,Tabuk,Medium,Meat & Poultry,9896.88,106,93.37,Mada,4.2
20-01-2024,Dammam Central,Eastern Province,Large,Bakery,13468.42,191,70.52,Mada,2.8
25-01-2024,Abha Central,Asir,Small,Snacks & Confectionery,1829.43,50,36.59,Visa,3.7
26-03-2025,Al Jawf Central,Al Jawf,Small,Fresh Produce,4015.45,50,80.31,Mada,3.9
08-01-2026,Najran Central,Najran,Medium,Baby Products,6118.53,68,89.98,Apple Pay,3.0
12-09-2024,Al Bahah Central,Al Bahah,,,2175.82,50,43.52,Cash,4.2
09-10-2024,Qatif,Eastern Province,XLarge,Beverages,16801.46,180,93.34,Mada,4.1
24-04-2026,Tabuk Central,Tabuk,Medium,Fresh Produce,6211.06,63,98.59,Mada,3.7
24-03-2025,Al Malaz,Riyadh,Large,,12691.95,147,86.34,Mada,3.5
23-05-2024,Riyadh North,Riyadh,Large,Electronics,16078.59,137,117.36,Mastercard,3.7
23-05-2026,Jubail,Eastern Province,Large,Frozen Foods,12491.22,155,,Mada,3.7
07-12-2024,Abha Central,Asir,Small,Baby Products,3735.99,50,74.72,Visa,3.9
23-05-2024,Riyadh North,Riyadh,Large,Meat & Poultry,9445.82,82,115.19,Mada,4.3
17-01-2025,Al Jawf Central,Al Jawf,Small,Beverages,1879.32,50,37.59,Visa,3.7
20-03-2026,Jubail,Eastern Province,Large,Dairy,11792.31,137,86.08,Cash,4.0
28-06-2025,Hittin,Riyadh,XLarge,Household,20339.66,231,88.05,Visa,4.1
16-09-2025,Arar Central,Northern Borders,Small,Fresh Produce,2339.24,50,46.78,Mastercard,3.8
28-10-2025,Jeddah North,Makkah,XLarge,Fresh Produce,15496.64,177,87.55,Mada,3.6
22-01-2024,Al Wajh,Tabuk,Medium,Dairy,3762.85,50,75.26,Mada,4.2
22-09-2024,Jeddah North,Makkah,XLarge,Personal Care,28988.44,337,86.02,Visa,4.0
27-02-2026,Al Aziziyah,Makkah,Large,Cleaning Supplies,11319.52,167,67.78,Mastercard,3.6
30-07-2024,Jeddah North,Makkah,XLarge,Fresh Produce,13402.09,150,89.35,STC Pay,3.9
09-03-2026,Riyadh East,Riyadh,Large,Meat & Poultry,9392.4,70,134.18,STC Pay,4.3
06-11-2024,Al Aziziyah,Makkah,Large,Baby Products,10184.78,86,118.43,STC Pay,3.5
28-01-2024,Hafuf,Eastern Province,Medium,Cleaning Supplies,4587.84,57,80.49,Apple Pay,3.5
24-01-2025,Al Rawdah,Makkah,Large,Beverages,8418.72,87,96.77,Apple Pay,4.1
05-04-2024,Hittin,Riyadh,XLarge,Household,51349.02,529,97.07,Visa,4.1
28-01-2026,Al Bahah Central,Al Bahah,Small,Frozen Foods,2172.26,50,43.45,Mada,3.8
29-03-2026,Al Malaz,Riyadh,Large,Beverages,13390.48,158,84.75,STC Pay,4.2
13-02-2025,Tabuk Central,Tabuk,Medium,Fresh Produce,5904.51,61,96.8,Mada,3.8
20-03-2025,Riyadh West,Riyadh,Large,Clothing,24650.21,191,129.06,Mastercard,3.4
17-01-2024,Najran Central,Najran,Medium,Dairy,5225.3,69,,Mada,3.2
17-05-2026,Jeddah North,Makkah,XLarge,Household,21065.04,179,117.68,Mada,3.8
02-09-2025,Riyadh South,Riyadh,Large,Snacks & Confectionery,10029.23,130,77.15,Mada,3.2
23-04-2026,Tabuk Central,Tabuk,,Fresh Produce,5150.2,67,76.87,Tabby,3.8
08-01-2025,Jeddah East,Makkah,Large,Fresh Produce,11073.68,106,104.47,Mada,3.1
17-02-2025,Dhahran,Eastern Province,XLarge,Cleaning Supplies,13054.86,151,86.46,Mada,4.1
05-02-2024,Najran Central,Najran,Medium,Fresh Produce,4768.1,51,93.49,Visa,3.4
22-06-2024,Buraidah Central,Qassim,Medium,Electronics,7932.2,70,113.32,Cash,4.0
20-04-2025,Najran Central,Najran,Medium,Snacks & Confectionery,9526.49,117,81.42,Cash,3.8
14-11-2024,Riyadh Central,Riyadh,Large,Cleaning Supplies,9622.99,111,86.69,Mada,2.8
04-05-2025,Al Olaya,Riyadh,Large,Snacks & Confectionery,11599.45,145,80.0,Cash,3.6
12-05-2024,Al Jawf Central,Al Jawf,Small,Fresh Produce,3400.04,50,68.0,Mastercard,3.5
12-09-2024,Al Olaya,Riyadh,Large,Fresh Produce,8722.37,103,84.68,Mada,
15-11-2025,Arar Central,Northern Borders,Small,Household,4256.73,50,85.13,Mada,3.9
08-11-2025,Abha Central,Asir,Small,Frozen Foods,2891.94,50,57.84,Mastercard,3.4
09-10-2025,Khamis Mushait,Asir,Small,Fresh Produce,1858.73,50,37.17,Cash,4.3
10-02-2025,Jeddah South,Makkah,,Personal Care,7863.13,82,95.89,Mada,4.0
07-04-2025,Bisha,Asir,Medium,Beverages,6741.71,71,94.95,Mada,3.8
11-12-2024,Al Jawf Central,Al Jawf,Small,Cleaning Supplies,2013.92,50,40.28,Apple Pay,3.0
01-03-2026,Al Bahah Central,Al Bahah,Small,Clothing,4233.88,50,84.68,Mada,3.5
12-03-2025,Abha Central,Asir,Small,Baby Products,4232.88,50,,Mada,3.6
29-04-2026,Arar Central,Northern Borders,Small,Household,2336.04,50,46.72,STC Pay,3.4
31-05-2025,Al Malaz,Riyadh,Large,Snacks & Confectionery,10434.22,146,71.47,Visa,4.2
10-05-2026,Jeddah North,Makkah,XLarge,Frozen Foods,23498.2,234,100.42,Mastercard,3.3
21-06-2025,Buraidah Central,Qassim,Medium,Household,5655.93,57,,Mastercard,3.7
19-06-2024,Buraidah Central,Qassim,Medium,Fresh Produce,,50,83.63,Visa,3.2
07-07-2025,Jeddah North,Makkah,XLarge,Personal Care,18843.0,226,83.38,Mada,3.5
30-10-2024,Bisha,Asir,Medium,Household,5468.01,52,105.15,Mada,3.5
01-01-2024,Dhahran,Eastern Province,XLarge,Toys,12138.66,136,,Mada,4.6
01-03-2024,Riyadh West,Riyadh,Large,Fresh Produce,14775.1,162,91.2,Mada,4.9
04-02-2025,Madinah North,Madinah,Large,Clothing,12564.95,104,120.82,,3.6
13-03-2024,Hafuf,Eastern Province,Medium,Baby Products,7548.91,61,123.75,Mada,3.7
29-07-2024,Jeddah North,Makkah,XLarge,Clothing,17875.56,171,,Cash,3.5
17-06-2025,Hittin,Riyadh,XLarge,Fresh Produce,13131.75,153,85.83,,3.8
08-07-2025,Hittin,Riyadh,XLarge,Beverages,15946.06,155,102.88,Tabby,3.7
05-10-2024,Qatif,Eastern Province,XLarge,Electronics,46887.61,409,114.64,Mada,3.7
27-12-2025,Jeddah South,Makkah,Large,Snacks & Confectionery,16787.35,225,74.61,Mada,3.5
31-03-2024,Al Olaya,Riyadh,Large,Personal Care,27393.08,299,91.62,Mada,4.2
07-03-2025,Al Wajh,Tabuk,Medium,Fresh Produce,7385.64,90,82.06,Apple Pay,3.4
14-09-2024,Dammam Central,Eastern Province,Large,Dairy,13887.04,185,75.07,Mada,3.8
05-09-2024,Al Bahah Central,Al Bahah,Small,Bakery,2037.14,50,40.74,Mada,3.7
28-07-2025,Al Bahah Central,Al Bahah,Small,Household,2259.78,50,45.2,STC Pay,3.5
27-08-2025,Al Olaya,Riyadh,Large,Clothing,13891.83,101,137.54,Cash,3.7
04-01-2025,Madinah North,Madinah,Large,Toys,15196.12,166,91.54,Apple Pay,3.8
22-05-2026,Hail Central,Hail,Small,Snacks & Confectionery,2397.08,50,,Mada,3.5
16-11-2025,Al Wajh,Tabuk,Medium,Bakery,7730.94,89,,Visa,3.6
01-04-2026,Tabuk Central,Tabuk,Medium,Beverages,4216.96,57,73.98,Mada,
26-12-2024,Hafuf,Eastern Province,Medium,Bakery,6319.69,82,77.07,Cash,2.6
26-02-2026,Al Anbariyah,Madinah,Large,Bakery,8876.52,131,67.76,Visa,4.1
28-01-2026,Jubail,Eastern Province,Large,Meat & Poultry,10651.3,109,97.72,Apple Pay,4.0
27-01-2026,Unaizah,Qassim,Small,Baby Products,2792.19,50,55.84,Mada,3.3
16-10-2025,Al Malaz,Riyadh,Large,Personal Care,10760.84,119,90.43,Apple Pay,4.0
25-12-2024,Al Bahah Central,Al Bahah,Small,Beverages,2194.33,50,,Mada,4.4
26-11-2024,Jeddah South,Makkah,Large,Fresh Produce,7712.04,79,97.62,Visa,3.6
01-07-2024,Unaizah,Qassim,Small,,1919.42,50,38.39,Cash,3.3
22-05-2026,Bisha,Asir,Medium,Toys,5572.48,59,94.45,Mada,4.0
20-09-2025,Al Khobar,Eastern Province,Large,Fresh Produce,,200,75.38,,3.7
08-09-2024,Riyadh East,Riyadh,Large,Clothing,17632.74,139,126.85,Mada,4.4
19-08-2024,Madinah North,Madinah,Large,Snacks & Confectionery,7664.79,80,,Mada,2.8
28-05-2026,Riyadh North,Riyadh,Large,Snacks & Confectionery,,110,85.3,Visa,3.4
17-08-2025,Buraidah Central,Qassim,Medium,Personal Care,6564.26,80,82.05,Mada,3.6
24-12-2025,Al Anbariyah,Madinah,Large,Meat & Poultry,15782.78,160,98.64,Mada,3.2
23-11-2024,Madinah North,Madinah,Large,Electronics,23585.63,195,120.95,Mada,4.5
25-03-2026,Madinah North,Madinah,Large,Fresh Produce,10379.45,137,75.76,,3.3
17-04-2024,Jubail,Eastern Province,Large,Personal Care,,163,87.68,Mastercard,3.8
21-04-2025,Madinah Central,Madinah,Small,Snacks & Confectionery,2002.95,50,40.06,Mada,3.5
23-01-2024,Jeddah South,Makkah,Large,Household,10318.81,84,122.84,Mada,3.7
06-03-2024,Jeddah North,Makkah,XLarge,Electronics,27643.8,231,119.67,Visa,4.6
17-03-2025,Al Bahah Central,Al Bahah,Small,Baby Products,4121.14,50,82.42,Mada,3.4
13-11-2024,Hail Central,Hail,Small,Clothing,3176.01,50,63.52,Visa,4.3
23-02-2026,Jeddah North,Makkah,XLarge,Toys,15215.05,148,102.8,Cash,3.3
30-12-2025,Riyadh South,Riyadh,Large,Personal Care,13066.54,152,85.96,Cash,4.2
20-01-2026,Jeddah South,Makkah,Large,Baby Products,8776.95,92,95.4,Tamara,4.0
31-01-2024,Jeddah East,Makkah,Large,Beverages,9387.45,93,100.94,Cash,4.3
04-04-2026,Khamis Mushait,Asir,Small,Toys,3997.98,50,79.96,Mada,3.4
14-11-2024,Al Olaya,Riyadh,Large,Toys,,132,82.95,Mada,4.0
25-12-2024,Madinah Central,Madinah,Small,,4101.12,50,82.02,Apple Pay,4.0
20-09-2024,Buraidah Central,Qassim,Medium,Personal Care,4989.8,62,80.48,Cash,3.6
13-01-2024,Buraidah Central,Qassim,,Meat & Poultry,6370.07,50,127.4,STC Pay,4.0
29-05-2026,Abha Central,Asir,Small,,2066.57,50,41.33,Mada,2.5
30-11-2025,Al Olaya,Riyadh,Large,Personal Care,19079.01,206,92.62,STC Pay,3.6
03-06-2025,Jeddah East,Makkah,Large,Snacks & Confectionery,6302.89,62,101.66,Cash,2.8
06-04-2026,Hittin,Riyadh,XLarge,Baby Products,,217,124.75,Mastercard,3.8
20-06-2024,Buraidah Central,Qassim,Medium,Beverages,5429.38,66,82.26,Tamara,4.6
13-03-2026,Khamis Mushait,Asir,Small,Fresh Produce,2887.46,50,57.75,Mada,3.1
24-05-2024,Abha Central,Asir,Small,Snacks & Confectionery,2106.32,50,42.13,Mada,3.0
10-04-2026,Najran Central,Najran,Medium,Clothing,11559.52,110,105.09,,4.5
03-04-2024,Buraidah Central,Qassim,,Dairy,8380.72,,79.82,Visa,3.4
20-10-2025,Unaizah,Qassim,Small,Dairy,1638.42,50,32.77,Mada,3.5
17-02-2025,Al Wajh,Tabuk,Medium,Fresh Produce,4086.91,50,81.74,Cash,3.3
24-05-2025,Dhahran,Eastern Province,XLarge,Frozen Foods,29247.85,368,79.48,Mastercard,3.8
01-05-2026,Buraidah Central,Qassim,Medium,Baby Products,5319.66,50,106.39,Visa,4.2
26-01-2026,Jubail,Eastern Province,Large,Electronics,9508.34,86,110.56,Mada,3.5
04-07-2025,Hafuf,Eastern Province,Medium,Snacks & Confectionery,4054.14,56,72.4,Mastercard,3.6
28-11-2025,Abha Central,Asir,Small,Cleaning Supplies,2985.23,50,59.7,STC Pay,3.6
30-12-2025,Madinah Central,Madinah,Small,Toys,2374.45,50,47.49,Visa,3.5
29-07-2024,Khamis Mushait,Asir,Small,Fresh Produce,2336.95,50,46.74,STC Pay,3.5
30-06-2024,Qatif,Eastern Province,XLarge,Snacks & Confectionery,23853.95,275,86.74,,
28-09-2025,Madinah North,Madinah,Large,Cleaning Supplies,12713.76,157,80.98,Visa,3.9
28-07-2024,Dhahran,Eastern Province,XLarge,Clothing,33516.12,339,98.87,Mada,4.7
11-10-2024,Khamis Mushait,Asir,Small,Fresh Produce,3516.57,50,70.33,Mada,3.6
03-10-2025,Riyadh Central,Riyadh,Large,Electronics,20710.8,176,,Cash,3.7
28-04-2024,Hittin,Riyadh,XLarge,Snacks & Confectionery,20600.24,207,99.52,Visa,3.9
27-01-2026,Jeddah South,Makkah,Large,Toys,8256.4,101,81.75,Mada,3.5
21-04-2024,Al Anbariyah,Madinah,Large,Meat & Poultry,22494.47,236,95.32,Mada,3.7
22-07-2025,Al Malaz,Riyadh,Large,Bakery,8610.96,115,74.88,Cash,3.6
03-05-2026,Riyadh East,Riyadh,Large,Fresh Produce,12012.83,143,84.01,Cash,3.8
22-09-2025,Al Wajh,Tabuk,Medium,Frozen Foods,4281.53,50,85.63,Apple Pay,3.6
25-02-2026,Al Aziziyah,Makkah,Large,Dairy,6544.97,84,77.92,STC Pay,3.4
30-05-2026,Qatif,Eastern Province,XLarge,Cleaning Supplies,25463.47,306,83.21,Mada,3.8
25-10-2024,Jeddah North,Makkah,XLarge,Bakery,,260,,Mada,3.7
26-01-2024,Hail Central,Hail,Small,Electronics,4655.52,50,93.11,Visa,3.4
28-02-2024,Jubail,Eastern Province,Large,Electronics,9966.22,77,129.43,Cash,3.7
11-01-2026,Jeddah South,Makkah,Large,Meat & Poultry,19248.21,150,128.32,Cash,3.8
13-04-2026,Riyadh South,Riyadh,Large,Household,11461.37,130,,Apple Pay,4.2
31-07-2025,Riyadh East,Riyadh,Large,Electronics,13919.38,120,115.99,Mada,3.4
05-04-2025,Khamis Mushait,Asir,Small,Bakery,4052.05,53,76.45,Mada,3.4
05-05-2025,Arar Central,Northern Borders,Small,,2433.52,50,48.67,Mada,4.0
01-02-2025,Jeddah East,Makkah,Large,Cleaning Supplies,14368.22,174,82.58,Cash,4.2
27-05-2024,Dhahran,Eastern Province,XLarge,Meat & Poultry,13739.54,143,96.08,Apple Pay,4.2
01-08-2024,Hafuf,Eastern Province,Medium,Beverages,5836.45,66,88.43,Mastercard,3.8
01-02-2025,Hail Central,Hail,Small,Meat & Poultry,,50,71.63,Cash,3.3
05-08-2025,Al Aziziyah,Makkah,Large,Cleaning Supplies,6519.95,88,74.09,Visa,3.7
15-07-2025,Arar Central,Northern Borders,Small,Snacks & Confectionery,2167.48,50,43.35,Mada,3.2
29-10-2025,Unaizah,Qassim,Small,Cleaning Supplies,1963.19,50,39.26,,3.9
22-02-2024,Tabuk Central,Tabuk,Medium,Meat & Poultry,4851.15,50,97.02,Mastercard,4.2
25-01-2024,Hail Central,Hail,Small,Meat & Poultry,2995.94,50,59.92,Mada,3.4
18-10-2025,Jeddah North,Makkah,XLarge,Frozen Foods,24225.31,242,100.1,Mada,3.2
19-02-2026,Makkah City,Makkah,Large,Dairy,10072.27,147,68.52,Visa,4.0
23-11-2025,Riyadh East,Riyadh,Large,Electronics,16753.94,104,161.1,STC Pay,4.0
16-11-2024,Al Malaz,Riyadh,Large,Meat & Poultry,,240,100.24,Tabby,
10-05-2026,Dhahran,Eastern Province,XLarge,Personal Care,17741.18,172,103.15,STC Pay,3.7
23-10-2024,Jeddah East,Makkah,Large,Snacks & Confectionery,8288.17,87,95.27,STC Pay,3.9
01-03-2025,Jeddah South,Makkah,Large,Cleaning Supplies,15246.35,188,81.1,Visa,3.4
07-12-2025,Dammam Central,Eastern Province,Large,Bakery,15299.99,172,88.95,STC Pay,3.4
09-04-2024,Hail Central,Hail,Small,Fresh Produce,4283.52,50,85.67,Mada,3.6
27-03-2025,Abha Central,Asir,,Fresh Produce,3720.16,50,,Tabby,3.7
13-12-2024,Hafuf,Eastern Province,Medium,Cleaning Supplies,8004.61,84,95.29,Cash,3.7
23-04-2024,Jeddah North,Makkah,XLarge,Snacks & Confectionery,22446.26,292,76.87,Tabby,4.4
26-10-2024,Jubail,Eastern Province,Large,Baby Products,19817.52,157,126.23,Visa,3.8
22-06-2024,Tabuk Central,Tabuk,Medium,Bakery,5198.88,69,75.35,Tamara,3.7
16-05-2025,Riyadh North,Riyadh,Large,Fresh Produce,10613.34,124,85.59,Mastercard,3.7
11-02-2024,Qatif,Eastern Province,XLarge,Baby Products,21263.92,215,98.9,Mastercard,5.0
18-07-2025,Qatif,Eastern Province,XLarge,Cleaning Supplies,12663.4,190,66.65,Cash,3.7
26-04-2025,Al Aziziyah,Makkah,Large,Electronics,23562.86,193,122.09,Mastercard,3.6
10-01-2025,Qatif,Eastern Province,XLarge,Snacks & Confectionery,21352.23,289,73.88,Mada,3.5
19-07-2025,Al Anbariyah,Madinah,Large,,9923.88,103,96.35,Mada,4.6
04-04-2026,Al Malaz,Riyadh,Large,Dairy,16880.31,211,80.0,Cash,4.1
05-09-2024,Al Olaya,Riyadh,,Meat & Poultry,9642.73,75,128.57,Apple Pay,3.1
18-03-2024,Al Malaz,Riyadh,Large,Electronics,14824.79,128,115.82,STC Pay,3.6
08-10-2025,Arar Central,Northern Borders,Small,Frozen Foods,2728.47,50,,Cash,3.4
23-07-2024,Makkah City,Makkah,Large,Cleaning Supplies,9245.31,103,89.76,Mastercard,4.2
03-08-2024,Madinah Central,Madinah,Small,Electronics,,50,69.14,Visa,3.8
17-04-2026,Najran Central,Najran,Medium,Baby Products,7463.93,74,100.86,Mada,3.7
29-03-2025,Riyadh South,Riyadh,Large,Electronics,26550.53,177,150.0,Mada,4.4
09-07-2025,Jeddah North,Makkah,XLarge,Fresh Produce,15894.95,150,105.97,Apple Pay,4.3
15-06-2024,Madinah Central,Madinah,Small,Snacks & Confectionery,2569.3,,51.39,Mada,4.3
11-08-2024,Al Khobar,Eastern Province,Large,Snacks & Confectionery,11185.33,149,75.07,Visa,3.2
15-10-2024,Al Anbariyah,Madinah,Large,Electronics,16324.4,103,158.49,Mada,2.9
26-09-2025,Riyadh South,Riyadh,Large,Beverages,13292.78,167,79.6,STC Pay,2.8
22-11-2024,Al Malaz,Riyadh,Large,Cleaning Supplies,12357.32,149,82.94,Mastercard,4.2
05-08-2025,Riyadh West,Riyadh,Large,Snacks & Confectionery,7152.7,85,84.15,Mastercard,
16-11-2024,Al Bahah Central,Al Bahah,Small,,,50,73.2,Mada,3.7
23-02-2025,Hafuf,Eastern Province,Medium,Beverages,5770.32,79,73.04,Apple Pay,4.2
08-04-2025,Arar Central,Northern Borders,Small,Frozen Foods,2066.66,50,41.33,STC Pay,3.5
18-03-2026,Makkah City,Makkah,Large,Baby Products,10698.75,107,99.99,Mada,4.5
03-06-2024,Jeddah East,Makkah,Large,Fresh Produce,8643.9,80,108.05,Mada,3.9
04-10-2024,Jeddah North,Makkah,XLarge,,29370.76,216,135.98,Mada,4.5
13-07-2024,Madinah Central,Madinah,Small,Frozen Foods,2965.84,50,59.32,STC Pay,3.5
14-05-2025,Jeddah South,Makkah,Large,Electronics,16637.37,151,110.18,Cash,3.6
24-05-2024,Al Khobar,Eastern Province,Large,Baby Products,11768.23,125,94.15,Mada,4.2
11-11-2024,Riyadh Central,Riyadh,Large,Meat & Poultry,13167.04,110,119.7,Visa,3.4
15-10-2024,Buraidah Central,Qassim,Medium,,5717.88,55,103.96,Cash,3.5
05-03-2024,Najran Central,Najran,Medium,Meat & Poultry,4633.2,50,92.66,STC Pay,3.5
11-10-2025,Jubail,Eastern Province,Large,Baby Products,21768.95,231,94.24,Visa,3.0
16-12-2025,Qatif,Eastern Province,XLarge,Fresh Produce,15609.43,161,96.95,Visa,4.3
12-04-2026,Madinah North,Madinah,Large,Beverages,17862.07,207,86.29,Cash,3.7
07-04-2024,Al Jawf Central,Al Jawf,Small,Fresh Produce,5017.88,51,98.39,Visa,2.8
09-03-2024,Dammam Central,Eastern Province,Large,Frozen Foods,14512.49,184,78.87,Mada,4.0
07-01-2025,Jeddah North,Makkah,XLarge,Electronics,26436.95,182,145.26,Visa,3.7
29-07-2025,Najran Central,Najran,Medium,Dairy,3226.87,50,64.54,Tamara,4.5
23-07-2024,Unaizah,Qassim,Small,Clothing,2987.46,50,59.75,Visa,4.1
20-06-2025,Al Aziziyah,Makkah,Large,Dairy,11489.28,160,71.81,Mada,4.2
01-11-2024,Riyadh Central,Riyadh,Large,Fresh Produce,11868.49,106,111.97,Mastercard,3.8
05-03-2026,Arar Central,Northern Borders,Small,Fresh Produce,2993.44,50,59.87,Visa,
15-02-2026,Hail Central,Hail,Small,Baby Products,2906.66,50,58.13,Mada,3.3
26-11-2024,Makkah City,Makkah,Large,Fresh Produce,12967.82,165,78.59,Visa,
25-05-2024,Abha Central,Asir,Small,Frozen Foods,2779.06,50,55.58,Visa,3.4
19-09-2025,Jubail,Eastern Province,Large,Electronics,21101.63,148,142.58,Visa,3.5
07-06-2025,Riyadh East,Riyadh,Large,Toys,10513.41,94,111.84,Cash,4.0
16-06-2024,Buraidah Central,Qassim,Medium,Bakery,6414.53,94,68.24,Tabby,3.9
24-03-2024,Qatif,Eastern Province,XLarge,Frozen Foods,32723.04,370,88.44,Visa,3.4
12-12-2025,Bisha,Asir,Medium,Snacks & Confectionery,5434.66,74,73.44,Mada,3.7
20-02-2026,Hittin,Riyadh,XLarge,Dairy,20721.25,232,89.32,Visa,3.9
05-05-2025,Madinah Central,Madinah,Small,Bakery,1248.91,50,24.98,Mada,3.6
27-05-2025,Makkah City,Makkah,Large,Meat & Poultry,9931.55,95,104.54,Mada,3.5
16-11-2025,Riyadh North,Riyadh,Large,Meat & Poultry,20171.1,151,133.58,Mada,3.8
01-08-2024,Riyadh East,Riyadh,Large,Beverages,7842.06,86,91.19,Cash,4.2
10-02-2025,Jeddah South,Makkah,Large,Household,7738.23,90,85.98,Mastercard,3.5
29-09-2024,Al Khobar,Eastern Province,Large,Household,15399.19,133,115.78,Mada,3.5
23-09-2024,Jubail,Eastern Province,Large,Clothing,11015.83,93,118.45,Mada,3.6
27-02-2026,Al Jawf Central,Al Jawf,Small,Fresh Produce,2417.25,50,48.34,Apple Pay,3.6
16-02-2026,Al Aziziyah,Makkah,Large,,8353.62,107,78.07,Mastercard,3.0
04-01-2025,Dhahran,Eastern Province,,Clothing,29647.31,229,129.46,STC Pay,4.2
13-11-2024,Riyadh North,Riyadh,Large,Snacks & Confectionery,7167.64,100,71.68,Mada,3.6
07-01-2026,Khamis Mushait,Asir,Small,Baby Products,2226.53,50,44.53,Mada,3.1
25-03-2026,Al Khobar,Eastern Province,Large,Snacks & Confectionery,11686.92,,,Visa,3.8
23-05-2026,Riyadh Central,Riyadh,Large,Electronics,14922.22,92,162.2,Mada,4.2
09-04-2024,Jeddah South,Makkah,Large,Bakery,10443.01,122,85.6,Mada,
18-03-2024,Abha Central,Asir,Small,Clothing,3587.61,50,71.75,Cash,3.8
30-03-2026,Arar Central,Northern Borders,Small,Fresh Produce,2683.95,50,53.68,,3.8
02-05-2025,Riyadh North,Riyadh,Large,Fresh Produce,9704.9,117,82.95,Mada,4.3
03-10-2024,Dammam Central,Eastern Province,Large,Household,8872.52,73,121.54,Mastercard,3.4
07-03-2024,Al Rawdah,Makkah,Large,Meat & Poultry,12399.88,91,136.26,Mada,3.6
13-08-2025,Riyadh Central,Riyadh,Large,Clothing,,146,97.71,STC Pay,3.9
06-01-2026,Al Khobar,Eastern Province,Large,Snacks & Confectionery,8106.06,80,101.33,Mada,4.0
09-04-2026,Hail Central,Hail,Small,Clothing,2625.75,50,52.52,Apple Pay,3.4
26-07-2025,Al Wajh,Tabuk,Medium,Beverages,,84,96.04,Apple Pay,4.2
12-04-2025,Abha Central,Asir,Small,Household,5190.02,50,103.8,STC Pay,3.7
29-05-2024,Unaizah,Qassim,Small,Clothing,2429.0,50,48.58,Visa,2.8
31-05-2024,Al Khobar,Eastern Province,Large,Frozen Foods,13435.21,152,88.39,Visa,4.6
18-03-2025,Abha Central,Asir,Small,Bakery,2137.1,50,42.74,STC Pay,3.3
27-11-2025,Unaizah,Qassim,Small,Electronics,3044.31,50,60.89,Apple Pay,3.3
05-09-2025,Jeddah North,Makkah,XLarge,Clothing,24807.65,236,105.12,Apple Pay,3.0
24-04-2026,Al Rawdah,Makkah,Large,Fresh Produce,16392.08,176,93.14,Cash,3.3
11-07-2025,Al Jawf Central,Al Jawf,Small,Fresh Produce,1963.03,50,39.26,STC Pay,3.5
01-12-2025,Madinah Central,Madinah,Small,Meat & Poultry,3269.8,50,65.4,Mastercard,3.4
15-07-2025,Abha Central,Asir,Small,Household,2731.72,50,54.63,Mada,3.4
19-08-2024,Al Olaya,Riyadh,Large,Beverages,8826.56,117,75.44,STC Pay,4.1
03-01-2026,Al Aziziyah,Makkah,Large,Snacks & Confectionery,9205.96,112,82.2,Cash,3.9
04-09-2024,Dhahran,Eastern Province,XLarge,Dairy,16785.94,185,90.73,Visa,4.1
25-01-2024,Al Aziziyah,Makkah,Large,Dairy,6392.64,70,91.32,Apple Pay,3.7
01-05-2024,Hail Central,Hail,Small,Meat & Poultry,2462.99,50,49.26,,3.5
17-12-2024,Dhahran,Eastern Province,XLarge,Bakery,14622.3,189,77.37,Visa,3.5
26-11-2025,Riyadh East,Riyadh,Large,Electronics,15318.8,109,140.54,,
31-05-2026,Najran Central,Najran,Medium,Frozen Foods,7453.82,93,80.15,Mada,3.1
28-01-2024,Al Bahah Central,Al Bahah,Small,Baby Products,3188.62,50,63.77,Cash,3.2
10-07-2025,Al Anbariyah,Madinah,Large,Bakery,6122.79,92,66.55,Visa,4.1
04-09-2024,Qatif,Eastern Province,XLarge,Beverages,16554.37,180,91.97,Visa,4.2
09-08-2024,Hail Central,Hail,Small,Fresh Produce,2851.54,50,57.03,Visa,3.6
31-03-2025,Al Jawf Central,Al Jawf,Small,Fresh Produce,1687.91,50,33.76,Visa,3.5
31-10-2025,Unaizah,Qassim,Small,Bakery,,50,55.47,Visa,3.8
10-02-2024,Jeddah South,Makkah,Large,Meat & Poultry,14183.84,108,131.33,Mada,
22-07-2024,Riyadh West,Riyadh,Large,Bakery,6946.37,88,78.94,Mastercard,3.7
14-02-2024,Khamis Mushait,Asir,Small,Bakery,1484.33,50,29.69,Visa,3.4
22-08-2024,Al Bahah Central,Al Bahah,Small,Snacks & Confectionery,2254.89,50,45.1,Cash,3.7
24-03-2025,Riyadh North,Riyadh,Large,Snacks & Confectionery,12663.73,150,84.42,Mastercard,4.0
12-10-2025,Abha Central,Asir,Small,Meat & Poultry,4038.33,50,80.77,Mada,3.6
26-09-2024,Al Malaz,Riyadh,Large,Clothing,15712.8,,116.39,Visa,3.7
20-05-2024,Madinah North,Madinah,Large,Fresh Produce,6923.37,79,87.64,Mastercard,2.5
24-07-2025,Abha Central,Asir,Small,Electronics,2710.68,50,54.21,Mada,4.0
28-04-2024,Tabuk Central,Tabuk,Medium,Bakery,7140.26,81,88.15,Cash,3.8
06-06-2025,Riyadh South,Riyadh,Large,,12861.12,152,84.61,Visa,3.7
06-11-2024,Riyadh Central,Riyadh,Large,Fresh Produce,12829.63,166,77.29,Apple Pay,3.9
04-05-2025,Najran Central,Najran,Medium,Fresh Produce,6497.81,68,95.56,Visa,3.6
29-05-2026,Unaizah,Qassim,Small,Fresh Produce,3125.76,50,62.52,Visa,3.7
15-03-2024,Al Jawf Central,Al Jawf,Small,Bakery,3716.71,54,68.83,Apple Pay,3.5
18-08-2024,Abha Central,Asir,Small,Meat & Poultry,4198.76,50,83.98,Cash,3.4
18-11-2025,Al Aziziyah,Makkah,Large,Meat & Poultry,14280.75,127,112.45,Apple Pay,4.2
05-02-2026,Madinah Central,Madinah,Small,Beverages,2420.81,50,48.42,Visa,2.9
04-09-2024,Jeddah South,Makkah,Large,Dairy,9067.28,125,72.54,Mada,4.2
03-03-2025,Riyadh North,Riyadh,Large,Fresh Produce,10686.99,137,,Cash,3.6
14-10-2024,Bisha,Asir,Medium,Snacks & Confectionery,4415.16,62,71.21,Mada,3.5
11-09-2025,Unaizah,Qassim,Small,Dairy,1884.59,50,37.69,Visa,3.0
25-04-2025,Makkah City,Makkah,Large,Toys,14306.81,179,79.93,Visa,4.3
14-09-2024,Riyadh West,Riyadh,Large,,18125.38,198,91.54,Visa,3.9
02-09-2024,Jubail,Eastern Province,Large,Meat & Poultry,11577.1,97,119.35,Apple Pay,4.7
23-11-2025,Buraidah Central,Qassim,Medium,Dairy,,78,82.61,Mastercard,3.9
01-04-2026,Makkah City,Makkah,Large,,11828.38,158,74.86,,3.0
20-07-2025,Unaizah,Qassim,Small,Snacks & Confectionery,2330.16,,46.6,Mada,3.5
29-07-2024,Madinah North,Madinah,Large,Clothing,11320.4,92,123.05,STC Pay,3.0
18-01-2025,Al Bahah Central,Al Bahah,Small,Beverages,,50,51.46,Visa,3.4
15-09-2024,Riyadh West,Riyadh,Large,Meat & Poultry,13129.08,121,108.5,Mada,3.7
12-07-2024,Riyadh West,Riyadh,Large,Bakery,11077.48,147,75.36,STC Pay,3.1
04-08-2025,Al Jawf Central,Al Jawf,Small,Dairy,1690.4,50,33.81,Visa,3.4
01-09-2025,Al Bahah Central,Al Bahah,Small,Beverages,1559.53,50,31.19,Cash,4.1
12-02-2024,Riyadh South,Riyadh,Large,Dairy,8681.86,110,78.93,Mada,4.3
30-01-2026,Al Olaya,Riyadh,Large,Bakery,10780.09,166,64.94,Visa,4.2
18-10-2024,Dammam Central,Eastern Province,Large,Bakery,10421.84,,71.87,Visa,3.8
19-07-2025,Dammam Central,Eastern Province,Large,Bakery,10263.85,110,93.31,Visa,3.8
27-07-2024,Khamis Mushait,Asir,Small,Electronics,,50,90.24,Visa,3.4
08-04-2026,Dammam Central,Eastern Province,Large,Fresh Produce,11537.79,145,79.57,Mada,3.6
13-08-2024,Jeddah East,Makkah,Large,Electronics,11458.43,94,121.9,Mada,3.9
01-04-2025,Khamis Mushait,Asir,,Fresh Produce,,50,43.97,Mastercard,
21-05-2026,Khamis Mushait,Asir,Small,Meat & Poultry,2881.04,50,57.62,Mada,3.8
23-03-2025,Al Bahah Central,Al Bahah,Small,Household,6010.19,55,109.28,Mada,3.0
16-01-2025,Al Rawdah,Makkah,Large,Electronics,11353.9,99,114.69,Mastercard,3.3
17-03-2026,Jeddah South,Makkah,Large,Bakery,7860.27,98,80.21,Mada,3.6
06-09-2025,Khamis Mushait,Asir,Small,Baby Products,4659.8,50,93.2,Visa,2.8
08-04-2025,Riyadh West,Riyadh,Large,Electronics,18293.29,,127.04,Mada,
10-03-2025,Hail Central,Hail,Small,Bakery,2068.54,50,41.37,Mada,3.7
05-05-2025,Al Anbariyah,Madinah,Large,Bakery,5913.6,81,73.01,Visa,3.5
25-01-2025,Riyadh East,Riyadh,Large,Frozen Foods,12515.42,118,106.06,STC Pay,3.7
22-09-2025,Al Malaz,Riyadh,Large,Electronics,14598.81,93,156.98,STC Pay,3.5
12-10-2024,Al Wajh,Tabuk,Medium,Fresh Produce,9407.8,100,94.08,Mada,3.9
25-08-2024,Riyadh West,Riyadh,Large,Personal Care,16181.95,175,92.47,Apple Pay,4.4
22-10-2024,Jeddah East,Makkah,Large,Baby Products,11900.41,131,90.84,Mada,3.2
09-09-2025,Al Aziziyah,Makkah,Large,Electronics,15240.44,98,155.51,Apple Pay,3.9
20-07-2025,Arar Central,Northern Borders,Small,Frozen Foods,3153.32,50,63.07,STC Pay,3.8
16-03-2026,Madinah North,Madinah,Large,Snacks & Confectionery,6444.76,86,74.94,Visa,4.3
07-02-2025,Riyadh South,Riyadh,Large,Electronics,12938.22,85,152.21,Cash,3.9
10-08-2025,Abha Central,Asir,Small,Beverages,3178.15,50,63.56,Mastercard,3.5
09-03-2024,Riyadh East,Riyadh,Large,Fresh Produce,19208.54,195,98.51,Visa,3.6
24-11-2025,Al Bahah Central,Al Bahah,Small,Household,2904.34,50,,STC Pay,3.0
28-12-2024,Buraidah Central,Qassim,Medium,Personal Care,10464.34,125,83.71,Mada,3.9
20-06-2025,Al Anbariyah,Madinah,Large,Fresh Produce,13750.41,174,79.03,Cash,4.0
12-05-2026,Abha Central,Asir,Small,Personal Care,1936.03,50,38.72,Mada,3.6
25-01-2024,Abha Central,Asir,Small,Fresh Produce,1999.22,50,39.98,Mada,3.5
26-10-2025,Makkah City,Makkah,Large,Meat & Poultry,19986.26,155,128.94,STC Pay,
15-09-2024,Hail Central,Hail,Small,Beverages,2883.56,50,,STC Pay,
08-09-2024,Riyadh South,Riyadh,,Cleaning Supplies,14460.46,216,66.95,Mada,3.9
24-12-2024,Riyadh South,Riyadh,Large,Meat & Poultry,13062.65,126,103.67,Mada,3.5
18-07-2025,Al Jawf Central,Al Jawf,Small,Baby Products,2999.16,50,59.98,Mada,3.4
05-12-2024,Hafuf,Eastern Province,Medium,Cleaning Supplies,4378.76,50,87.58,Tamara,4.2
02-03-2024,Dammam Central,Eastern Province,Large,Bakery,9470.73,127,74.57,Cash,4.3
08-12-2024,Bisha,Asir,Medium,Beverages,8718.18,107,81.48,Mada,4.3
24-03-2025,Hittin,Riyadh,XLarge,Beverages,25677.9,303,84.75,Mastercard,4.2
09-03-2024,Al Jawf Central,Al Jawf,Small,Fresh Produce,4420.06,,80.36,Mada,3.5
27-05-2024,Dammam Central,Eastern Province,Large,Cleaning Supplies,6085.94,65,,Mada,3.2
13-08-2024,Bisha,Asir,Medium,Dairy,3102.06,50,62.04,Mada,3.4
13-03-2025,Jeddah North,Makkah,XLarge,Bakery,22799.52,354,64.41,Cash,3.8
16-06-2024,Riyadh West,Riyadh,Large,Dairy,12834.8,159,80.72,Cash,2.7
26-04-2024,Al Bahah Central,Al Bahah,Small,Beverages,2483.58,50,49.67,Visa,3.8
21-05-2026,Abha Central,Asir,Small,Baby Products,2546.99,50,50.94,Visa,4.1
23-06-2025,Jubail,Eastern Province,Large,Toys,7084.67,81,87.47,Visa,3.4
05-04-2026,Dammam Central,Eastern Province,Large,Cleaning Supplies,14695.83,167,,Cash,3.4
03-11-2024,Al Jawf Central,Al Jawf,Small,Frozen Foods,3305.34,50,66.11,Tabby,3.6
31-03-2026,Dhahran,Eastern Province,,Fresh Produce,20369.53,194,105.0,Mada,
20-04-2025,Madinah North,Madinah,Large,,17033.1,235,72.48,Visa,3.0
30-01-2026,Tabuk Central,Tabuk,Medium,Household,6357.81,58,109.62,Mada,3.1
04-03-2026,Riyadh West,Riyadh,Large,Cleaning Supplies,7934.56,99,80.15,Apple Pay,3.1
28-02-2025,Jeddah North,Makkah,XLarge,Electronics,27185.71,245,110.96,Cash,4.1
09-02-2025,Al Bahah Central,Al Bahah,Small,Meat & Poultry,3542.99,50,70.86,Mada,4.4
10-12-2024,Jeddah South,Makkah,Large,Dairy,7910.99,94,84.16,Cash,4.4
02-06-2024,Riyadh Central,Riyadh,Large,Beverages,11682.87,115,101.59,Tabby,4.2
22-02-2024,Jeddah North,Makkah,XLarge,Fresh Produce,,109,106.06,Tamara,3.6
13-11-2025,Hafuf,Eastern Province,Medium,Electronics,8677.54,77,112.7,Mada,4.3
19-08-2025,Riyadh East,Riyadh,Large,Electronics,10083.75,,162.64,STC Pay,4.0
20-04-2024,Al Bahah Central,Al Bahah,Small,Dairy,3100.14,,62.0,Cash,2.8
21-05-2024,Al Khobar,Eastern Province,Large,Personal Care,7280.2,69,105.51,Visa,3.7
06-12-2025,Madinah Central,Madinah,Small,Meat & Poultry,4126.08,50,82.52,Mada,3.4
09-04-2026,Najran Central,Najran,Medium,Baby Products,,63,113.87,Mastercard,4.0
24-03-2026,Madinah North,Madinah,Large,Dairy,11138.15,129,86.34,Mada,3.4
21-12-2025,Jeddah North,Makkah,XLarge,,31221.97,248,125.9,Cash,
10-01-2026,Jeddah North,Makkah,XLarge,Frozen Foods,17840.75,217,82.22,Visa,4.3
21-03-2025,Najran Central,Najran,Medium,,7992.8,109,73.33,Mastercard,3.8
29-04-2025,Al Rawdah,Makkah,Large,Meat & Poultry,15054.92,130,115.81,Mada,3.5
02-02-2024,Riyadh South,Riyadh,Large,Snacks & Confectionery,12006.72,139,86.38,Apple Pay,2.8
05-04-2025,Jubail,Eastern Province,Large,Dairy,12445.22,184,67.64,Mada,4.0
08-02-2026,Jubail,Eastern Province,Large,Toys,13236.98,111,119.25,Apple Pay,4.2
08-12-2024,Al Bahah Central,Al Bahah,Small,Cleaning Supplies,2486.16,50,49.72,Visa,3.5
26-07-2024,Dammam Central,Eastern Province,Large,Meat & Poultry,15565.86,156,99.78,Visa,3.6
11-12-2024,Abha Central,Asir,Small,Beverages,1763.03,50,35.26,Visa,2.9
31-05-2024,Al Rawdah,Makkah,Large,Clothing,13673.95,130,105.18,Visa,3.0
21-03-2025,Al Aziziyah,Makkah,Large,Frozen Foods,21091.58,,108.16,Tabby,3.6
05-07-2025,Al Khobar,Eastern Province,Large,Beverages,15989.71,171,93.51,Cash,
30-04-2025,Riyadh West,Riyadh,Large,Meat & Poultry,16718.68,149,112.21,STC Pay,3.2
18-11-2024,Madinah Central,Madinah,,,2261.09,50,45.22,STC Pay,4.0
08-02-2025,Al Anbariyah,Madinah,Large,Household,12700.11,103,123.3,Tabby,3.2
01-09-2024,Hail Central,Hail,,Beverages,2743.63,50,54.87,Apple Pay,3.5
02-03-2025,Unaizah,Qassim,Small,Snacks & Confectionery,3158.53,,63.17,,4.3
26-02-2026,Dhahran,Eastern Province,XLarge,Electronics,24011.4,220,109.14,Mada,3.8
25-05-2026,Hittin,Riyadh,,Baby Products,14908.33,145,102.82,Mada,3.7
02-11-2025,Unaizah,Qassim,Small,Toys,2996.16,50,59.92,Visa,3.7
06-02-2026,Makkah City,Makkah,Large,Fresh Produce,12520.0,127,98.58,Mada,3.8
12-03-2025,Jeddah South,Makkah,Large,Fresh Produce,12405.75,115,107.88,STC Pay,3.6
19-03-2024,Riyadh West,Riyadh,Large,Cleaning Supplies,15734.59,230,68.41,Cash,4.3
08-03-2024,Madinah North,Madinah,Large,Snacks & Confectionery,13611.03,195,69.8,Tabby,4.1
27-05-2025,Hittin,Riyadh,,,17234.04,193,89.3,Cash,4.3
15-03-2026,Dammam Central,Eastern Province,Large,Frozen Foods,10723.37,114,94.06,Mada,4.2
27-09-2025,Riyadh North,Riyadh,,Snacks & Confectionery,15399.93,156,98.72,,4.7
16-12-2024,Jeddah North,Makkah,XLarge,Snacks & Confectionery,13436.97,166,80.95,Mada,4.5
14-12-2024,Riyadh North,Riyadh,Large,Snacks & Confectionery,18111.26,214,84.63,Apple Pay,3.5
05-08-2024,Bisha,Asir,Medium,Personal Care,3876.15,50,77.52,Visa,3.4
04-05-2026,Madinah Central,Madinah,Small,Cleaning Supplies,1866.65,50,37.33,Apple Pay,2.6
25-11-2024,Khamis Mushait,Asir,Small,Fresh Produce,2476.01,50,,Mada,4.0
26-10-2025,Abha Central,Asir,Small,Frozen Foods,2883.8,50,,Mada,3.6
28-03-2024,Arar Central,Northern Borders,Small,Fresh Produce,2859.46,50,57.19,Apple Pay,3.2
02-05-2024,Qatif,Eastern Province,XLarge,Electronics,25664.15,223,115.09,Mada,3.8
03-07-2025,Dhahran,Eastern Province,XLarge,Dairy,16811.43,240,70.05,Cash,3.7
13-12-2025,Makkah City,Makkah,,Meat & Poultry,17773.08,139,127.86,Mada,4.8
17-03-2024,Tabuk Central,Tabuk,,Meat & Poultry,16157.0,146,110.66,Mastercard,3.7
01-12-2024,Al Khobar,Eastern Province,Large,Fresh Produce,12854.24,122,105.36,Visa,3.9
06-01-2025,Al Olaya,Riyadh,Large,Baby Products,8035.72,84,95.66,Mada,4.2
25-08-2024,Al Malaz,Riyadh,Large,,8611.68,118,72.98,Apple Pay,4.2
11-04-2026,Al Malaz,Riyadh,Large,Baby Products,22663.94,247,91.76,Visa,4.3
17-02-2025,Al Olaya,Riyadh,Large,Electronics,13502.6,121,111.59,Mada,3.5
02-10-2024,Qatif,Eastern Province,XLarge,Fresh Produce,19690.81,183,107.6,STC Pay,4.8
25-04-2025,Riyadh East,Riyadh,Large,Meat & Poultry,21167.44,162,130.66,Mada,3.8
24-03-2024,Madinah North,Madinah,Large,Fresh Produce,18658.64,241,77.42,Mastercard,4.4
11-08-2024,Najran Central,Najran,Medium,Fresh Produce,7379.58,89,82.92,Apple Pay,4.2
01-09-2024,Al Jawf Central,Al Jawf,Small,,5608.66,50,112.17,Mada,3.8
19-05-2025,Al Aziziyah,Makkah,,Electronics,12873.65,87,147.97,Mastercard,3.1
24-04-2026,Al Aziziyah,Makkah,Large,Meat & Poultry,18423.35,161,114.43,Visa,4.1
23-09-2025,Madinah North,Madinah,Large,Fresh Produce,11280.9,,93.23,Visa,
02-01-2024,Al Bahah Central,Al Bahah,Small,Meat & Poultry,3158.03,50,63.16,Mada,3.8
18-11-2025,Hittin,Riyadh,XLarge,Toys,16310.56,153,106.6,Mada,4.2
18-01-2026,Riyadh East,Riyadh,Large,Meat & Poultry,12034.85,129,93.29,Mada,3.8
04-01-2026,Al Rawdah,Makkah,Large,Toys,10672.97,,98.82,Mada,3.8
27-05-2024,Hail Central,Hail,Small,Clothing,2057.44,50,41.15,Mada,4.0
27-11-2025,Buraidah Central,Qassim,Medium,Clothing,6498.72,64,101.54,Cash,3.7
27-12-2024,Khamis Mushait,Asir,Small,Clothing,3461.11,50,69.22,Mada,3.3
15-09-2024,Riyadh South,Riyadh,Large,Beverages,9317.72,90,103.53,STC Pay,3.8
05-02-2026,Riyadh South,Riyadh,Large,Dairy,,96,83.32,STC Pay,4.0
26-02-2026,Al Wajh,Tabuk,Medium,Frozen Foods,3419.98,50,68.4,Visa,4.1
06-11-2024,Hafuf,Eastern Province,Medium,Beverages,5575.8,70,79.65,Mada,3.4
06-05-2025,Jeddah South,Makkah,Large,Cleaning Supplies,6628.59,68,97.48,Mada,3.9
28-01-2025,Al Bahah Central,Al Bahah,Small,Baby Products,2037.39,50,40.75,STC Pay,4.1
17-09-2024,Buraidah Central,Qassim,Medium,Dairy,4770.79,63,75.73,Apple Pay,4.2
21-01-2024,Bisha,Asir,Medium,Baby Products,5870.03,50,117.4,STC Pay,3.8
06-07-2024,Buraidah Central,Qassim,Medium,Baby Products,8569.0,65,131.83,Tabby,4.1
25-02-2026,Jubail,Eastern Province,Large,Household,10671.89,109,97.91,Cash,3.9
08-01-2026,Dhahran,Eastern Province,XLarge,Bakery,15842.79,236,67.13,Visa,4.2
16-11-2025,Bisha,Asir,Medium,Personal Care,9507.28,,93.21,,3.5
28-11-2024,Madinah North,Madinah,Large,Meat & Poultry,10395.97,93,,Mada,3.8
19-05-2025,Qatif,Eastern Province,XLarge,Baby Products,14840.66,114,130.18,Cash,3.8
14-02-2024,Tabuk Central,Tabuk,Medium,Meat & Poultry,4612.14,50,92.24,Cash,3.7
05-01-2026,Hail Central,Hail,Small,Frozen Foods,1562.65,50,31.25,Cash,3.6
03-05-2024,Tabuk Central,Tabuk,Medium,Clothing,9763.72,,99.63,STC Pay,4.7
14-12-2024,Al Malaz,Riyadh,Large,,21645.59,190,113.92,Mada,3.3
15-02-2024,Madinah North,Madinah,Large,Dairy,8074.22,87,92.81,Apple Pay,3.4
12-05-2026,Riyadh Central,Riyadh,Large,Baby Products,10438.16,111,94.04,STC Pay,4.2
12-08-2025,Madinah Central,Madinah,Small,Beverages,1710.59,50,34.21,Mada,3.9
23-07-2025,Hail Central,Hail,Small,Electronics,3251.49,50,65.03,Visa,3.9
22-04-2026,Jeddah East,Makkah,Large,Frozen Foods,9273.17,115,80.64,Mada,3.8
21-07-2024,Al Rawdah,Makkah,Large,Beverages,9385.01,117,80.21,Mada,3.9
10-01-2025,Al Rawdah,Makkah,Large,Cleaning Supplies,10885.44,128,85.04,Mastercard,3.9
05-12-2025,Jeddah North,Makkah,XLarge,Cleaning Supplies,16191.15,205,78.98,Cash,3.7
21-04-2024,Tabuk Central,Tabuk,Medium,Fresh Produce,6452.91,59,109.37,Mada,4.2
22-08-2024,Al Wajh,Tabuk,Medium,,5530.58,66,83.8,Mastercard,4.2
08-04-2025,Qatif,Eastern Province,XLarge,Baby Products,18551.74,179,103.64,Visa,3.7
11-03-2025,Hail Central,Hail,Small,Snacks & Confectionery,2474.64,50,49.49,Mada,2.9
19-07-2024,Riyadh North,Riyadh,Large,Meat & Poultry,13213.77,121,109.2,STC Pay,3.2
26-03-2026,Hittin,Riyadh,XLarge,Cleaning Supplies,17614.81,201,87.64,Mastercard,4.2
08-02-2025,Najran Central,Najran,Medium,Personal Care,8657.8,99,87.45,Cash,3.7
03-07-2024,Buraidah Central,Qassim,Medium,Bakery,3899.12,50,77.98,STC Pay,3.3
04-09-2024,Riyadh West,Riyadh,Large,Fresh Produce,9888.97,110,89.9,Cash,3.8
06-12-2024,Al Anbariyah,Madinah,Large,Snacks & Confectionery,13308.54,132,100.82,Mada,3.9
16-12-2025,Madinah Central,Madinah,Small,Household,2968.36,50,59.37,Cash,3.4
23-03-2024,Unaizah,Qassim,Small,Dairy,5067.77,54,93.85,Mada,3.7
09-03-2026,Riyadh Central,Riyadh,Large,Clothing,9160.72,64,143.14,Apple Pay,3.7
26-03-2024,Riyadh North,Riyadh,Large,Frozen Foods,12756.28,162,78.74,Visa,4.0
25-03-2025,Al Olaya,Riyadh,Large,,18460.33,175,105.49,Apple Pay,3.9
06-01-2026,Riyadh North,Riyadh,,Meat & Poultry,8930.29,77,115.98,Cash,4.3
24-09-2024,Al Khobar,Eastern Province,Large,Household,8599.37,73,117.8,Mastercard,3.5
03-05-2025,Unaizah,Qassim,Small,Household,3105.19,50,62.1,Mada,3.7
17-11-2024,Riyadh East,Riyadh,Large,Electronics,19992.78,149,134.18,Cash,3.5
03-01-2024,Riyadh South,Riyadh,Large,Cleaning Supplies,8668.41,105,82.56,Visa,4.3
26-06-2025,Dammam Central,Eastern Province,Large,,9134.36,70,130.49,Mada,4.1
07-06-2025,Dammam Central,Eastern Province,Large,Dairy,9926.07,132,75.2,Mada,4.1
17-01-2026,Khamis Mushait,Asir,Small,Toys,2511.58,50,50.23,Cash,3.0
03-09-2024,Al Rawdah,Makkah,Large,Snacks & Confectionery,8213.26,102,80.52,,3.8
08-07-2024,Buraidah Central,Qassim,Medium,Electronics,4996.62,,99.93,STC Pay,3.7
15-09-2024,Bisha,Asir,Medium,Fresh Produce,,,88.72,Visa,4.4
27-05-2026,Al Anbariyah,Madinah,Large,Household,11013.17,108,101.97,STC Pay,3.8
12-06-2025,Madinah North,Madinah,Large,Toys,8117.55,74,109.7,Visa,3.6
24-05-2024,Riyadh West,Riyadh,Large,Personal Care,13720.85,132,103.95,Mada,4.0
21-02-2025,Dhahran,Eastern Province,XLarge,Electronics,24586.93,217,113.3,Apple Pay,4.4
17-03-2025,Buraidah Central,Qassim,Medium,Dairy,5389.55,74,72.83,Cash,4.3
21-04-2026,Riyadh East,Riyadh,Large,Baby Products,12478.08,125,99.82,Mada,
13-02-2024,Al Khobar,Eastern Province,Large,Frozen Foods,6932.86,85,81.56,Mada,3.7
30-11-2025,Unaizah,Qassim,Small,Fresh Produce,2814.32,50,56.29,Mastercard,3.4
25-02-2025,Dhahran,Eastern Province,XLarge,Snacks & Confectionery,,188,,,3.6
01-06-2025,Buraidah Central,Qassim,Medium,Electronics,11003.42,75,146.71,Cash,3.8
01-07-2024,Buraidah Central,Qassim,Medium,Dairy,4529.58,61,74.26,Cash,4.4
20-11-2025,Riyadh South,Riyadh,Large,Electronics,17886.44,147,121.68,Cash,4.0
01-08-2024,Al Rawdah,Makkah,Large,Snacks & Confectionery,11080.36,118,93.9,Visa,3.6
26-12-2025,Jubail,Eastern Province,Large,Frozen Foods,11095.66,141,78.69,Apple Pay,4.3
22-06-2025,Arar Central,Northern Borders,Small,Cleaning Supplies,2355.32,50,47.11,Cash,3.9
03-09-2024,Al Aziziyah,Makkah,Large,Clothing,12707.81,97,131.01,Mada,3.5
10-02-2024,Madinah Central,Madinah,,Snacks & Confectionery,3281.97,50,65.64,Tabby,3.8
23-05-2025,Al Jawf Central,Al Jawf,,Dairy,2720.17,,54.4,Mada,3.2
09-01-2024,Buraidah Central,Qassim,Medium,Fresh Produce,3412.3,50,,Tamara,3.8
23-08-2025,Riyadh North,Riyadh,Large,Frozen Foods,10648.29,102,104.4,Cash,3.1
05-12-2025,Madinah North,Madinah,Large,Beverages,12557.55,159,78.98,Mada,3.3
22-04-2026,Al Khobar,Eastern Province,Large,Fresh Produce,14611.03,176,83.02,Mada,4.4
05-02-2025,Al Rawdah,Makkah,Large,Snacks & Confectionery,7379.74,76,97.1,Cash,3.8
10-09-2025,Dhahran,Eastern Province,,Fresh Produce,12781.83,143,89.38,Apple Pay,3.9
24-08-2024,Madinah Central,Madinah,Small,Beverages,2815.0,50,56.3,Visa,4.1
18-07-2024,Tabuk Central,Tabuk,Medium,Frozen Foods,3894.04,52,74.89,Visa,3.6
08-10-2024,Hail Central,Hail,Small,Meat & Poultry,2532.48,50,50.65,STC Pay,
13-05-2024,Al Khobar,Eastern Province,Large,Meat & Poultry,10734.16,107,100.32,Apple Pay,3.3
31-08-2024,Qatif,Eastern Province,XLarge,Meat & Poultry,28802.06,255,112.95,Apple Pay,3.5
15-06-2025,Riyadh East,Riyadh,Large,Fresh Produce,13366.17,126,106.08,,3.9
26-02-2024,Al Aziziyah,Makkah,Large,,6935.67,88,78.81,STC Pay,3.8
17-04-2026,Al Malaz,Riyadh,Large,Electronics,25726.72,,151.33,Mada,3.5
28-06-2024,Al Olaya,Riyadh,Large,Bakery,10615.53,132,80.42,Cash,4.4
05-06-2025,Al Wajh,Tabuk,Medium,Beverages,4590.13,50,91.8,Visa,3.1
28-09-2025,Jeddah North,Makkah,XLarge,Household,21649.31,196,,Mastercard,4.1
28-04-2024,Riyadh East,Riyadh,Large,,12055.07,123,98.01,Visa,3.6
31-08-2024,Dhahran,Eastern Province,XLarge,Clothing,29859.96,264,113.11,STC Pay,4.1
21-02-2025,Makkah City,Makkah,Large,Bakery,7021.91,88,79.79,,4.4
08-12-2025,Hail Central,Hail,Small,Personal Care,2802.42,50,56.05,Mada,
02-04-2026,Riyadh West,Riyadh,Large,Personal Care,11487.01,141,81.47,Mastercard,3.5
16-02-2025,Jeddah South,Makkah,Large,Toys,14537.57,160,90.86,Visa,3.9
10-03-2026,Khamis Mushait,Asir,Small,Snacks & Confectionery,2245.21,50,44.9,Apple Pay,3.6
01-04-2024,Arar Central,Northern Borders,Small,Dairy,3909.4,50,78.19,Mada,3.0
14-10-2025,Khamis Mushait,Asir,Small,Bakery,2353.55,50,47.07,Cash,4.1
06-08-2025,Dhahran,Eastern Province,XLarge,Baby Products,19576.89,163,120.1,Mada,4.1
20-04-2024,Al Aziziyah,Makkah,Large,Frozen Foods,14165.89,181,78.26,Mada,4.5
31-07-2025,Bisha,Asir,Medium,Baby Products,5825.1,53,109.91,Mastercard,4.6
07-06-2024,Najran Central,Najran,,Fresh Produce,5415.16,66,82.05,,4.2
12-11-2024,Al Rawdah,Makkah,Large,Baby Products,12556.59,106,118.46,Visa,3.9
17-11-2025,Jubail,Eastern Province,Large,Cleaning Supplies,9481.86,128,74.08,STC Pay,3.2
06-05-2026,Riyadh North,Riyadh,Large,Dairy,9578.59,95,100.83,Mada,3.7
10-11-2025,Tabuk Central,Tabuk,Medium,Fresh Produce,4113.89,50,,Visa,3.5
19-02-2025,Jeddah North,Makkah,XLarge,Meat & Poultry,19152.61,186,102.97,Mada,4.4
05-04-2024,Dammam Central,Eastern Province,Large,Meat & Poultry,,262,115.75,Mada,4.5
29-07-2025,Riyadh Central,Riyadh,Large,Beverages,8149.45,102,79.9,Mastercard,4.1
23-02-2026,Jeddah North,Makkah,,Household,13076.26,,97.58,Tamara,4.0
06-03-2026,Al Aziziyah,Makkah,Large,Household,12634.74,113,111.81,Apple Pay,3.5
20-05-2026,Dhahran,Eastern Province,XLarge,Personal Care,16731.82,143,117.01,Cash,4.4
02-01-2024,Madinah Central,Madinah,Small,Snacks & Confectionery,1377.59,50,27.55,Mada,3.5
05-03-2024,Khamis Mushait,Asir,Small,Fresh Produce,2880.98,50,57.62,Mada,3.6
13-04-2026,Al Aziziyah,Makkah,Large,Snacks & Confectionery,10602.45,,72.62,Cash,4.0
19-01-2025,Riyadh West,Riyadh,Large,Personal Care,13691.82,131,104.52,Mada,3.2
25-02-2024,Jubail,Eastern Province,Large,,11541.05,150,76.94,Visa,
19-10-2025,Hail Central,Hail,Small,Fresh Produce,3074.79,50,61.5,Mada,3.6
27-03-2025,Al Bahah Central,Al Bahah,Small,Dairy,3065.49,50,61.31,Mastercard,
23-05-2024,Hail Central,Hail,Small,Frozen Foods,2434.09,50,48.68,Cash,3.7
02-02-2026,Al Malaz,Riyadh,Large,Frozen Foods,9659.22,124,77.9,STC Pay,3.9
13-06-2024,Riyadh South,Riyadh,Large,Baby Products,11112.46,87,127.73,Apple Pay,4.7
26-09-2024,Unaizah,Qassim,Small,Fresh Produce,1794.22,50,35.88,Mada,3.7
17-11-2024,Makkah City,Makkah,Large,Baby Products,15948.23,133,119.91,STC Pay,3.4
20-04-2025,Al Malaz,Riyadh,Large,Snacks & Confectionery,10846.49,153,70.89,Mada,4.1
21-03-2024,Al Olaya,Riyadh,,Electronics,23726.94,154,154.07,Apple Pay,3.8
15-05-2024,Jubail,Eastern Province,Large,Household,10047.32,119,84.43,Mada,4.3
11-08-2024,Al Aziziyah,Makkah,Large,Cleaning Supplies,10764.31,140,76.89,Mada,3.3
15-08-2025,Jeddah South,Makkah,Large,Fresh Produce,10641.45,113,94.17,Visa,3.4
17-03-2025,Al Olaya,Riyadh,Large,,14290.96,121,118.11,Mada,3.8
01-07-2025,Najran Central,Najran,Medium,Fresh Produce,3539.25,50,70.78,Apple Pay,4.0
23-06-2024,Al Jawf Central,Al Jawf,Small,Electronics,4888.04,50,97.76,Visa,4.2
27-04-2026,Unaizah,Qassim,Small,Personal Care,2197.22,,43.94,STC Pay,3.0
24-06-2024,Tabuk Central,Tabuk,Medium,Meat & Poultry,5376.61,55,97.76,Apple Pay,3.6
26-04-2026,Al Wajh,Tabuk,Medium,Snacks & Confectionery,6475.18,70,92.5,Cash,3.4
30-06-2024,Al Jawf Central,Al Jawf,Small,Baby Products,3304.13,50,66.08,Mada,3.2
19-05-2025,Riyadh North,Riyadh,Large,Personal Care,10579.41,121,87.43,Mada,3.6
09-04-2025,Hittin,Riyadh,XLarge,Electronics,28447.19,250,113.79,Mada,4.4
30-05-2026,Jeddah North,Makkah,XLarge,Meat & Poultry,33457.97,243,137.69,Visa,
05-11-2025,Al Malaz,Riyadh,Large,Fresh Produce,12602.63,147,85.73,Mada,4.5
16-01-2024,Abha Central,Asir,Small,Household,2625.06,50,52.5,Cash,4.6
18-02-2025,Al Anbariyah,Madinah,Large,Frozen Foods,8644.99,99,87.32,Apple Pay,4.3
01-12-2024,Makkah City,Makkah,Large,Baby Products,18706.91,196,95.44,Tabby,4.8
02-03-2026,Unaizah,Qassim,Small,Bakery,2008.17,50,40.16,Visa,3.8
09-05-2024,Jeddah South,Makkah,Large,Electronics,16982.56,121,140.35,Cash,3.0
09-11-2025,Madinah Central,Madinah,Small,Beverages,3780.42,50,75.61,Mastercard,3.6
01-11-2024,Makkah City,Makkah,Large,Meat & Poultry,20055.2,199,100.78,Visa,4.9
24-10-2025,Riyadh West,Riyadh,,Meat & Poultry,12338.23,117,105.45,Visa,4.4
12-12-2025,Riyadh East,Riyadh,Large,Fresh Produce,15415.93,200,77.08,Mada,3.6
15-02-2025,Unaizah,Qassim,Small,Beverages,2743.45,50,54.87,Tabby,4.0
08-10-2024,Hail Central,Hail,Small,Electronics,3072.66,50,61.45,Mastercard,4.5
21-05-2025,Arar Central,Northern Borders,Small,Beverages,2104.16,50,42.08,Apple Pay,3.2
05-01-2026,Al Bahah Central,Al Bahah,Small,Snacks & Confectionery,2145.42,50,42.91,Visa,3.4
20-05-2025,Al Aziziyah,Makkah,Large,Electronics,16442.63,133,,Mada,3.4
29-11-2025,Jeddah East,Makkah,Large,Bakery,14213.34,155,91.7,Mada,3.7
10-11-2025,Riyadh North,Riyadh,Large,Meat & Poultry,,162,92.0,Mada,3.4
01-02-2024,Riyadh East,Riyadh,Large,Fresh Produce,10056.2,129,77.96,Mada,3.4
22-05-2026,Qatif,Eastern Province,XLarge,Bakery,15666.3,245,,Mada,3.8
26-04-2026,Hafuf,Eastern Province,Medium,,8628.3,113,76.36,Visa,3.7
30-11-2025,Makkah City,Makkah,Large,Personal Care,15894.68,151,105.26,Mada,4.3
13-07-2025,Al Aziziyah,Makkah,Large,Cleaning Supplies,13377.0,201,66.55,Mada,3.2
23-09-2024,Jeddah South,Makkah,,Toys,7478.11,73,102.44,Visa,3.2
01-07-2024,Najran Central,Najran,Medium,Meat & Poultry,6465.3,50,129.31,Visa,4.8
26-08-2025,Bisha,Asir,Medium,Toys,4154.82,50,83.1,Visa,3.7
18-04-2024,Al Jawf Central,Al Jawf,Small,Meat & Poultry,3537.83,50,70.76,Tabby,3.4
15-06-2025,Al Bahah Central,Al Bahah,Small,Meat & Poultry,2952.07,50,59.04,Mada,3.1
24-04-2026,Al Khobar,Eastern Province,Large,Electronics,18710.14,132,141.74,Visa,3.4
24-04-2026,Al Jawf Central,Al Jawf,Small,Cleaning Supplies,3063.67,50,61.27,Mada,3.5
03-05-2026,Buraidah Central,Qassim,Medium,Personal Care,7699.98,73,105.48,Cash,3.8
03-08-2024,Abha Central,Asir,Small,Fresh Produce,2976.4,50,59.53,Cash,3.7
16-01-2026,Al Rawdah,Makkah,Large,Personal Care,10236.93,95,107.76,Mada,3.6
09-04-2024,Buraidah Central,Qassim,Medium,Beverages,6879.69,92,74.78,Cash,4.1
14-12-2025,Jeddah North,Makkah,XLarge,,28887.45,321,89.99,Apple Pay,3.9
06-02-2024,Al Malaz,Riyadh,Large,Fresh Produce,9787.8,103,95.03,Visa,4.4
29-04-2025,Buraidah Central,Qassim,Medium,Personal Care,6373.23,76,83.86,Apple Pay,3.8
05-10-2024,Riyadh Central,Riyadh,Large,Bakery,11764.89,157,74.94,Visa,3.8
04-12-2024,Makkah City,Makkah,Large,Cleaning Supplies,9951.34,141,70.58,Mada,3.4
02-03-2026,Jubail,Eastern Province,Large,Meat & Poultry,12266.53,122,100.55,Visa,3.7
19-05-2025,Makkah City,Makkah,Large,Household,10724.26,127,84.44,STC Pay,4.6
08-07-2025,Dammam Central,Eastern Province,,Frozen Foods,9123.92,100,91.24,Mada,4.3
01-07-2024,Al Khobar,Eastern Province,,Dairy,7489.29,97,77.21,,3.3
11-04-2026,Al Malaz,Riyadh,Large,Baby Products,22449.64,173,129.77,STC Pay,3.9
31-03-2026,Jeddah North,Makkah,XLarge,Clothing,,175,111.57,STC Pay,4.0
30-08-2024,Riyadh West,Riyadh,Large,Cleaning Supplies,8173.31,120,68.11,Apple Pay,4.0
01-08-2024,Riyadh West,Riyadh,Large,Meat & Poultry,8722.04,64,136.28,Mada,
22-07-2025,Al Wajh,Tabuk,Medium,Toys,5334.55,,104.6,Mada,3.3
23-08-2025,Khamis Mushait,Asir,Small,,3544.59,50,70.89,Tabby,3.5
09-03-2025,Madinah Central,Madinah,Small,Clothing,5818.46,50,116.37,STC Pay,3.5
12-05-2024,Riyadh Central,Riyadh,Large,Household,13181.71,144,91.54,Mada,3.6
21-10-2024,Abha Central,Asir,Small,Baby Products,2161.72,50,43.23,Apple Pay,3.8
24-01-2026,Al Olaya,Riyadh,Large,Snacks & Confectionery,10104.33,,97.16,Visa,4.2
03-10-2025,Riyadh Central,Riyadh,Large,Fresh Produce,,122,95.37,Cash,4.1
16-05-2025,Al Anbariyah,Madinah,Large,Toys,10147.96,105,96.65,Cash,4.0
24-02-2026,Jeddah South,Makkah,Large,Household,9326.98,,121.13,Mada,4.0
20-04-2025,Najran Central,Najran,Medium,Frozen Foods,7337.62,78,94.07,Visa,
18-05-2024,Najran Central,Najran,Medium,Snacks & Confectionery,6047.41,86,70.32,Mada,3.4
26-01-2025,Arar Central,Northern Borders,,Household,3941.89,50,78.84,Mada,3.3
05-01-2026,Jeddah East,Makkah,Large,Fresh Produce,8408.76,92,91.4,Cash,3.7
01-08-2025,Al Rawdah,Makkah,Large,Baby Products,14861.53,167,88.99,STC Pay,3.6
05-07-2024,Jubail,Eastern Province,Large,Personal Care,9907.43,107,92.59,Visa,3.8
20-01-2026,Al Olaya,Riyadh,Large,Dairy,,109,70.5,Cash,3.0
29-08-2024,Dhahran,Eastern Province,XLarge,Fresh Produce,17125.89,220,77.84,Mada,3.3
27-07-2024,Unaizah,Qassim,,Baby Products,3220.65,50,,Cash,4.4
24-01-2026,Arar Central,Northern Borders,Small,Beverages,3369.25,50,67.39,Mada,3.6
24-09-2024,Qatif,Eastern Province,XLarge,Personal Care,20498.52,254,80.7,Mada,4.1
03-07-2024,Hittin,Riyadh,XLarge,Personal Care,19528.12,234,83.45,Visa,4.5
12-03-2024,Hail Central,Hail,Small,Meat & Poultry,3297.92,50,65.96,Visa,3.6
24-05-2025,Buraidah Central,Qassim,Medium,Bakery,6609.93,95,69.58,Apple Pay,
05-09-2024,Buraidah Central,Qassim,Medium,,6090.04,50,121.8,,4.6
23-03-2026,Makkah City,Makkah,Large,Frozen Foods,8708.23,107,81.39,Cash,3.8
28-09-2024,Riyadh East,Riyadh,Large,Beverages,15643.94,206,75.94,Mastercard,3.9
15-06-2025,Arar Central,Northern Borders,Small,Snacks & Confectionery,2526.18,50,50.52,,3.4
14-11-2025,Abha Central,Asir,Small,Fresh Produce,3135.84,50,,Mada,3.0
28-03-2026,Riyadh South,Riyadh,Large,Frozen Foods,17621.06,240,73.42,Apple Pay,3.9
29-08-2024,Dhahran,Eastern Province,XLarge,Clothing,26100.47,255,102.35,Apple Pay,
22-04-2024,Jubail,Eastern Province,Large,Meat & Poultry,13130.82,137,95.85,Tabby,4.2
24-01-2024,Al Malaz,Riyadh,,Clothing,13517.95,,133.84,STC Pay,3.4
10-11-2025,Hafuf,Eastern Province,Medium,Dairy,3425.32,50,,Mastercard,3.8
06-01-2024,Al Aziziyah,Makkah,,Baby Products,,133,126.05,Mastercard,3.5
05-04-2024,Al Bahah Central,Al Bahah,Small,Fresh Produce,5209.56,55,94.72,Visa,3.6
30-04-2024,Jeddah South,Makkah,Large,Cleaning Supplies,11788.12,,66.23,Mada,3.6
24-02-2024,Makkah City,Makkah,Large,Frozen Foods,10145.62,123,82.48,Cash,3.7
12-02-2024,Jeddah East,Makkah,Large,Frozen Foods,6413.0,71,90.32,Mastercard,3.9
17-02-2026,Buraidah Central,Qassim,Medium,Bakery,3530.86,55,64.2,Mastercard,3.9
17-03-2025,Al Aziziyah,Makkah,Large,Bakery,10861.09,116,93.63,Mada,4.1
06-03-2026,Dhahran,Eastern Province,XLarge,Fresh Produce,22529.33,278,81.04,Mada,
02-10-2025,Bisha,Asir,Medium,Cleaning Supplies,4848.73,71,68.29,Visa,3.8
17-05-2024,Jubail,Eastern Province,Large,Dairy,8489.44,90,94.33,Apple Pay,3.3
24-12-2024,Abha Central,Asir,Small,Snacks & Confectionery,,50,50.76,Mastercard,3.3
04-04-2026,Riyadh Central,Riyadh,Large,Toys,22657.15,245,92.48,Mada,3.9
05-03-2026,Riyadh North,Riyadh,Large,Baby Products,9817.56,79,,Mada,
02-01-2025,Al Wajh,Tabuk,Medium,Household,5698.38,54,105.53,Apple Pay,4.3
17-03-2024,Al Anbariyah,Madinah,Large,Frozen Foods,24197.89,222,109.0,Tamara,4.4
08-03-2025,Riyadh South,Riyadh,,Personal Care,18627.81,194,96.02,Visa,3.8
29-03-2025,Riyadh South,Riyadh,Large,Baby Products,28838.33,267,108.01,Apple Pay,4.0
26-02-2025,Riyadh North,Riyadh,Large,Fresh Produce,7446.22,75,,Mastercard,4.1
11-06-2024,Al Anbariyah,Madinah,Large,Toys,10579.88,117,90.43,Mada,3.6
03-02-2024,Al Khobar,Eastern Province,Large,Fresh Produce,11320.16,131,86.41,STC Pay,3.4
12-01-2025,Hail Central,Hail,Small,Frozen Foods,2738.61,50,54.77,Mada,3.9
15-01-2025,Hafuf,Eastern Province,Medium,Snacks & Confectionery,3814.44,54,70.64,Mada,3.9
17-04-2025,Al Anbariyah,Madinah,Large,Fresh Produce,11835.96,134,88.33,Apple Pay,3.6
05-05-2024,Al Jawf Central,Al Jawf,Small,Electronics,3175.19,50,,Apple Pay,3.4
09-10-2024,Bisha,Asir,Medium,Fresh Produce,5969.97,57,104.74,Visa,
14-01-2024,Unaizah,Qassim,Small,Snacks & Confectionery,2685.65,50,53.71,Mada,3.7
16-12-2024,Al Olaya,Riyadh,Large,Beverages,11025.12,113,97.57,Cash,3.9
14-04-2024,Hail Central,Hail,Small,Beverages,3010.96,50,60.22,Cash,4.4
27-06-2025,Abha Central,Asir,Small,Beverages,2990.3,50,59.81,Mada,3.8
21-12-2025,Hittin,Riyadh,XLarge,Electronics,32071.65,240,133.63,Mada,4.4
12-03-2025,Hail Central,Hail,Small,Personal Care,3946.43,50,78.93,Mada,
07-12-2024,Riyadh Central,Riyadh,Large,Clothing,,178,100.57,Mada,3.2
17-09-2024,Hail Central,Hail,Small,Cleaning Supplies,2216.76,50,44.34,Cash,4.0
22-08-2025,Hafuf,Eastern Province,Medium,Bakery,3860.44,50,77.21,Apple Pay,3.9
16-02-2025,Dammam Central,Eastern Province,Large,Fresh Produce,11554.3,152,76.02,Visa,3.8
12-02-2026,Riyadh North,Riyadh,Large,Fresh Produce,7067.95,76,93.0,Mada,2.9
21-01-2024,Riyadh East,Riyadh,Large,Dairy,12878.42,143,,Apple Pay,4.0
20-04-2026,Riyadh West,Riyadh,Large,Frozen Foods,11971.55,155,77.24,Visa,3.8
14-11-2025,Madinah North,Madinah,Large,Electronics,24915.04,213,116.97,Cash,3.8
08-02-2024,Al Jawf Central,Al Jawf,Small,Dairy,,50,43.57,Apple Pay,
19-05-2025,Buraidah Central,Qassim,Medium,Clothing,6136.64,,122.73,Visa,3.6
13-04-2026,Hittin,Riyadh,XLarge,Personal Care,18953.97,219,86.55,Cash,4.8
09-08-2024,Jeddah North,Makkah,XLarge,Baby Products,23326.22,220,106.03,Visa,3.5
26-08-2024,Madinah North,Madinah,Large,Frozen Foods,10006.47,,90.97,Mada,3.6
19-08-2025,Al Khobar,Eastern Province,Large,Fresh Produce,9327.98,108,86.37,Apple Pay,3.4
29-12-2025,Riyadh West,Riyadh,Large,Dairy,10969.9,158,69.43,Apple Pay,4.0
23-04-2025,Al Rawdah,Makkah,Large,Beverages,8332.8,113,73.74,Apple Pay,3.7
01-04-2024,Al Olaya,Riyadh,Large,Snacks & Confectionery,13808.22,179,77.14,Mastercard,3.4
07-04-2024,Al Anbariyah,Madinah,Large,Cleaning Supplies,24093.23,314,76.73,,3.4
28-08-2024,Al Malaz,Riyadh,Large,Toys,9032.36,,91.24,Visa,2.5
30-05-2024,Hail Central,Hail,Small,Fresh Produce,2693.63,,53.87,Cash,3.6
30-05-2025,Unaizah,Qassim,Small,Baby Products,3347.4,50,66.95,Visa,
12-02-2025,Unaizah,Qassim,Small,Dairy,2145.81,50,42.92,Apple Pay,2.9
30-12-2024,Hail Central,Hail,Small,Frozen Foods,2378.9,50,47.58,Tamara,4.0
06-07-2025,Riyadh Central,Riyadh,Large,Snacks & Confectionery,9295.49,102,91.13,Cash,3.7
23-11-2024,Najran Central,Najran,Medium,Fresh Produce,8101.61,102,,Apple Pay,3.7
03-04-2024,Bisha,Asir,Medium,Clothing,12648.1,129,98.05,Visa,3.9
21-11-2025,Al Bahah Central,Al Bahah,,Dairy,3236.86,50,64.74,Mastercard,3.2
13-01-2026,Arar Central,Northern Borders,Small,Personal Care,2464.53,50,49.29,STC Pay,3.4
11-11-2025,Najran Central,Najran,Medium,Dairy,5108.55,66,,Mada,4.4
20-03-2026,Al Malaz,Riyadh,Large,Fresh Produce,13560.38,146,92.88,Mada,4.4
30-06-2024,Madinah North,Madinah,Large,Clothing,15367.38,150,102.45,Visa,3.9
19-04-2024,Hafuf,Eastern Province,Medium,Beverages,8294.05,109,76.09,Apple Pay,4.4
05-07-2024,Bisha,Asir,Medium,Electronics,7518.49,60,125.31,Mada,3.3
27-01-2025,Khamis Mushait,Asir,Small,Frozen Foods,1991.08,,39.82,Mada,3.0
08-04-2025,Dammam Central,Eastern Province,Large,Fresh Produce,11436.56,124,92.23,Mada,3.6
30-12-2024,Jeddah South,Makkah,Large,Bakery,9143.28,128,71.43,Mada,4.1
08-05-2024,Unaizah,Qassim,Small,Baby Products,1795.95,50,35.92,Apple Pay,3.6
21-08-2024,Al Jawf Central,Al Jawf,Small,Cleaning Supplies,1934.44,50,38.69,Mada,4.0
03-06-2024,Najran Central,Najran,Medium,Frozen Foods,5230.07,58,90.17,Visa,3.3
01-04-2024,Riyadh West,Riyadh,Large,,11840.53,178,66.52,Visa,4.1
01-01-2025,Madinah North,Madinah,Large,Baby Products,11664.09,117,99.69,Mada,3.9
20-04-2024,Tabuk Central,Tabuk,Medium,Beverages,7253.68,82,88.46,Cash,3.6
11-09-2024,Jeddah East,Makkah,Large,Bakery,6095.92,83,73.44,Cash,3.4
18-06-2024,Riyadh North,Riyadh,Large,Baby Products,9199.18,96,,Mada,4.5
07-05-2024,Al Anbariyah,Madinah,Large,Beverages,9027.79,112,80.61,STC Pay,3.7
15-02-2025,Tabuk Central,Tabuk,Medium,Beverages,7527.63,97,77.6,STC Pay,3.5
01-03-2026,Riyadh West,Riyadh,Large,Toys,15036.86,164,91.69,Visa,3.7
16-01-2026,Unaizah,Qassim,Small,Meat & Poultry,2408.53,50,48.17,Cash,
22-03-2024,Dammam Central,Eastern Province,Large,Meat & Poultry,22325.04,231,96.65,Cash,3.9
07-02-2025,Jeddah East,Makkah,Large,Baby Products,13878.47,134,103.57,Visa,
24-09-2025,Unaizah,Qassim,Small,Bakery,2146.72,50,42.93,Mada,3.3
25-01-2025,Al Jawf Central,Al Jawf,Small,Toys,,50,69.01,,3.3
17-11-2024,Al Anbariyah,Madinah,Large,Electronics,24857.51,162,153.44,Cash,3.6
04-01-2025,Najran Central,Najran,Medium,Cleaning Supplies,5314.97,,68.14,Cash,3.7
13-03-2024,Hittin,Riyadh,XLarge,Beverages,23549.66,302,77.98,Mada,3.4
31-07-2024,Bisha,Asir,Medium,,3657.77,58,63.06,Visa,3.4
11-06-2025,Al Olaya,Riyadh,Large,Dairy,8078.6,105,76.94,,3.9
06-04-2026,Dhahran,Eastern Province,XLarge,Household,16824.65,173,97.25,Mada,4.0
20-01-2025,Al Khobar,Eastern Province,Large,Toys,11628.03,111,104.76,STC Pay,4.2
24-05-2025,Al Wajh,Tabuk,Medium,Dairy,6006.74,73,82.28,Mada,3.4
18-11-2024,Dhahran,Eastern Province,XLarge,Meat & Poultry,20219.79,202,100.1,Mada,4.4
25-02-2026,Dhahran,Eastern Province,XLarge,,,166,67.73,Apple Pay,3.7
11-03-2025,Riyadh North,Riyadh,Large,Snacks & Confectionery,10535.54,121,87.07,Apple Pay,4.3
27-02-2026,Jeddah East,Makkah,Large,Toys,,97,115.93,Mada,3.3
10-09-2025,Qatif,Eastern Province,XLarge,Bakery,14641.18,160,91.51,Mastercard,3.9
01-05-2024,Jeddah East,Makkah,Large,Dairy,6752.67,100,67.53,Apple Pay,3.6
04-05-2025,Al Wajh,Tabuk,Medium,Beverages,6853.69,77,89.01,Apple Pay,3.5
21-03-2024,Al Olaya,Riyadh,Large,Toys,13582.5,120,113.19,Mada,3.5
14-04-2026,Al Jawf Central,Al Jawf,Small,,,50,71.87,,4.2
16-01-2024,Unaizah,Qassim,Small,Personal Care,1714.61,50,34.29,Mada,3.8
26-07-2025,Al Bahah Central,Al Bahah,Small,Cleaning Supplies,2119.18,50,42.38,Visa,4.0
01-04-2026,Riyadh Central,Riyadh,Large,Fresh Produce,10208.93,123,83.0,Apple Pay,3.6
15-10-2025,Jeddah South,Makkah,Large,Electronics,17150.18,144,119.1,STC Pay,4.3
23-01-2026,Madinah Central,Madinah,Small,Beverages,2891.98,50,57.84,Mada,3.8
09-02-2026,Khamis Mushait,Asir,Small,Beverages,1808.14,50,36.16,Apple Pay,4.2
28-06-2024,Al Jawf Central,Al Jawf,Small,Fresh Produce,,50,45.72,Apple Pay,4.6
28-11-2024,Al Jawf Central,Al Jawf,Small,Meat & Poultry,3780.35,50,75.61,Tabby,4.2
17-09-2024,Al Wajh,Tabuk,Medium,Meat & Poultry,5331.9,51,104.55,Mada,4.0
20-07-2024,Jeddah North,Makkah,XLarge,Electronics,39235.76,258,152.08,Mada,5.0
27-02-2026,Al Khobar,Eastern Province,Large,Frozen Foods,11109.45,137,81.09,Mada,3.3
06-04-2025,Al Malaz,Riyadh,Large,Frozen Foods,15263.15,191,79.91,Mada,3.6
16-05-2025,Jeddah South,Makkah,Large,Fresh Produce,9674.24,121,79.95,Visa,
19-04-2026,Jeddah South,Makkah,Large,Beverages,11751.65,150,78.34,Mastercard,4.5
09-09-2024,Khamis Mushait,Asir,Small,Bakery,2047.97,50,40.96,Mada,3.9
15-09-2025,Khamis Mushait,Asir,Small,Baby Products,3086.58,50,61.73,,3.8
04-12-2024,Madinah Central,Madinah,Small,,2618.39,50,52.37,Apple Pay,3.3
11-06-2025,Al Olaya,Riyadh,Large,,5808.48,72,80.67,Visa,3.7
19-12-2024,Al Wajh,Tabuk,Medium,Dairy,6785.18,76,89.28,Mastercard,3.8
24-09-2024,Abha Central,Asir,Small,,2727.41,50,54.55,Apple Pay,4.0
09-09-2025,Najran Central,Najran,Medium,Beverages,4895.28,64,76.49,Cash,3.4
03-09-2024,Jubail,Eastern Province,Large,Fresh Produce,10201.03,115,88.7,Tabby,3.5
22-01-2026,Unaizah,Qassim,Small,Personal Care,2200.13,50,,Tamara,3.6
10-06-2025,Buraidah Central,Qassim,Medium,Cleaning Supplies,4362.72,61,71.52,Visa,3.4
15-08-2025,Najran Central,Najran,,Snacks & Confectionery,6109.84,62,98.55,Apple Pay,4.9
16-09-2024,Makkah City,Makkah,Large,Electronics,12340.72,79,156.21,Mastercard,3.3
28-12-2025,Khamis Mushait,Asir,Small,Dairy,2726.11,50,54.52,Apple Pay,3.2
29-08-2025,Madinah Central,Madinah,Small,Household,2905.3,50,58.11,Apple Pay,3.7
31-01-2024,Al Bahah Central,Al Bahah,Small,Snacks & Confectionery,1805.18,50,36.1,Visa,3.8
13-06-2025,Jeddah East,Makkah,Large,Cleaning Supplies,11554.75,160,72.22,Visa,3.9
15-04-2026,Riyadh East,Riyadh,Large,Fresh Produce,9234.56,89,103.76,Cash,4.0
09-12-2025,Riyadh West,Riyadh,Large,Beverages,10408.11,116,89.73,Cash,4.6
02-01-2026,Najran Central,Najran,Medium,Electronics,8201.34,52,157.72,,
27-01-2025,Abha Central,Asir,Small,Dairy,2047.0,50,40.94,Mada,2.7
18-10-2025,Madinah North,Madinah,,Personal Care,19934.79,231,86.3,Apple Pay,3.5
07-03-2025,Dammam Central,Eastern Province,Large,,21223.33,246,86.27,Cash,3.6
02-05-2026,Jubail,Eastern Province,Large,Fresh Produce,15108.52,134,112.75,,4.2
13-04-2025,Riyadh North,Riyadh,Large,Meat & Poultry,23281.25,184,,Mada,4.2
24-03-2025,Khamis Mushait,Asir,Small,Meat & Poultry,4588.54,50,91.77,Cash,2.7
15-11-2025,Al Wajh,Tabuk,Medium,Dairy,6874.7,,96.83,STC Pay,3.5
26-12-2025,Al Malaz,Riyadh,Large,Snacks & Confectionery,10117.27,147,68.82,,4.0
02-01-2024,Al Khobar,Eastern Province,Large,Household,11648.11,97,,Visa,
12-02-2024,Najran Central,Najran,,Electronics,6190.98,52,119.06,Apple Pay,3.5
05-03-2025,Al Wajh,Tabuk,Medium,Dairy,6916.12,74,93.46,Visa,3.3
01-02-2025,Jeddah South,Makkah,Large,Frozen Foods,13519.49,155,87.22,Visa,3.6
12-10-2025,Buraidah Central,Qassim,Medium,Beverages,7103.17,100,71.03,Mastercard,3.3
01-02-2024,Abha Central,Asir,Small,Personal Care,2066.47,50,41.33,Mada,3.7
06-08-2025,Riyadh West,Riyadh,Large,Meat & Poultry,10972.05,107,102.54,Mada,4.0
19-12-2025,Al Wajh,Tabuk,Medium,Meat & Poultry,10214.09,105,97.28,Visa,3.8
24-01-2025,Jeddah East,Makkah,Large,Baby Products,10145.49,98,103.53,Cash,4.6
22-05-2024,Abha Central,Asir,Small,Frozen Foods,2542.93,50,50.86,Visa,3.3
16-04-2025,Hittin,Riyadh,XLarge,Dairy,17585.2,183,96.09,Mastercard,3.6
13-03-2026,Jeddah East,Makkah,Large,Household,11143.85,124,89.87,Visa,3.8
14-10-2024,Jeddah North,Makkah,XLarge,Toys,13575.26,137,99.09,Cash,4.0
08-12-2024,Najran Central,Najran,Medium,Electronics,11568.21,73,158.47,Mastercard,4.0
08-01-2026,Al Anbariyah,Madinah,Large,Dairy,9706.01,103,,Apple Pay,3.6
03-05-2026,Al Bahah Central,Al Bahah,Small,Dairy,3063.44,50,61.27,Cash,3.9
09-05-2024,Jeddah North,Makkah,XLarge,Meat & Poultry,24114.1,248,97.23,Mastercard,4.6
09-10-2025,Riyadh West,Riyadh,Large,Cleaning Supplies,8801.43,130,67.7,,3.9
15-04-2025,Riyadh South,Riyadh,Large,Snacks & Confectionery,8530.69,,90.75,Apple Pay,4.3
08-01-2026,Jubail,Eastern Province,Large,Dairy,10419.78,,97.38,Mada,3.8
06-07-2024,Buraidah Central,Qassim,Medium,Dairy,4998.83,,81.95,Cash,4.0
24-03-2026,Unaizah,Qassim,Small,Electronics,3763.23,50,75.26,Apple Pay,3.6
03-04-2024,Riyadh South,Riyadh,Large,Meat & Poultry,16356.8,119,137.45,Mada,3.1
18-11-2024,Al Malaz,Riyadh,Large,Fresh Produce,8367.08,107,78.2,Mastercard,4.0
16-04-2026,Madinah Central,Madinah,Small,Beverages,3163.35,,63.27,Cash,4.0
30-08-2025,Al Wajh,Tabuk,Medium,Electronics,9229.73,83,,Mada,3.9
31-05-2025,Al Malaz,Riyadh,Large,Dairy,12756.45,172,74.17,Mastercard,3.9
24-04-2025,Buraidah Central,Qassim,Medium,Household,6684.47,59,113.3,Apple Pay,4.4
14-05-2024,Hafuf,Eastern Province,Medium,Dairy,4323.18,53,81.57,Cash,3.9
24-05-2024,Al Jawf Central,Al Jawf,Small,Bakery,2813.35,50,56.27,Visa,3.5
28-02-2026,Al Rawdah,Makkah,Large,Electronics,21172.17,147,144.03,Cash,3.5
15-08-2024,Bisha,Asir,Medium,Electronics,7930.22,70,113.29,Mada,4.2
24-03-2025,Abha Central,Asir,Small,Frozen Foods,2705.31,50,54.11,Mada,4.0
19-02-2025,Riyadh South,Riyadh,Large,Baby Products,12146.37,112,108.45,Mastercard,3.6
17-07-2024,Hail Central,Hail,Small,Bakery,1777.81,50,35.56,Mada,3.4
14-07-2025,Al Aziziyah,Makkah,Large,,7529.5,93,80.96,Mada,4.3
19-02-2025,Dhahran,Eastern Province,XLarge,Household,20302.69,189,107.42,Cash,4.4
06-02-2025,Riyadh South,Riyadh,Large,Personal Care,8984.04,88,102.09,Mada,3.0
12-06-2024,Bisha,Asir,Medium,Fresh Produce,3776.05,50,75.52,Visa,3.5
19-04-2024,Jubail,Eastern Province,Large,Personal Care,11828.81,115,102.86,Cash,
27-08-2024,Al Olaya,Riyadh,Large,Fresh Produce,7064.99,65,108.69,Apple Pay,4.0
25-05-2024,Riyadh North,Riyadh,Large,Dairy,11140.4,163,68.35,Mastercard,3.7
04-12-2025,Riyadh South,Riyadh,Large,Fresh Produce,,117,111.43,,3.6
16-12-2025,Dammam Central,Eastern Province,Large,Toys,14214.16,179,79.41,STC Pay,4.0
05-07-2024,Makkah City,Makkah,Large,Dairy,9783.38,136,71.94,Visa,3.9
30-05-2026,Jeddah South,Makkah,Large,Snacks & Confectionery,12020.48,171,70.3,Cash,3.7
11-12-2024,Hittin,Riyadh,XLarge,Toys,17069.8,156,109.42,STC Pay,4.6
26-03-2025,Al Anbariyah,Madinah,Large,Personal Care,16683.52,142,117.49,Mada,3.7
12-04-2024,Al Bahah Central,Al Bahah,Small,Toys,4092.91,50,81.86,Mada,2.7
21-10-2025,Abha Central,Asir,Small,Bakery,1414.51,50,28.29,Cash,3.3
06-02-2025,Riyadh Central,Riyadh,,Clothing,10419.51,80,130.24,,3.8
04-01-2024,Hittin,Riyadh,XLarge,Fresh Produce,14662.55,132,111.08,Mada,
02-06-2025,Riyadh East,Riyadh,Large,Baby Products,10180.61,88,115.69,Cash,3.6
14-08-2024,Al Olaya,Riyadh,Large,Meat & Poultry,14206.83,135,105.24,STC Pay,4.3
02-01-2025,Unaizah,Qassim,Small,Frozen Foods,1991.56,50,39.83,Mastercard,3.5
13-03-2024,Khamis Mushait,Asir,Small,Meat & Poultry,3088.07,50,61.76,STC Pay,3.7
21-10-2025,Riyadh Central,Riyadh,Large,Personal Care,7789.02,96,81.14,STC Pay,3.7
04-01-2026,Khamis Mushait,Asir,Small,Dairy,2512.0,50,50.24,STC Pay,3.6
27-05-2025,Najran Central,Najran,Medium,Toys,,50,85.48,Tabby,3.5
10-11-2024,Al Khobar,Eastern Province,Large,Baby Products,18015.73,162,111.21,Mada,3.4
06-02-2025,Riyadh Central,Riyadh,Large,,11191.15,115,97.31,Mada,3.7
28-04-2026,Hafuf,Eastern Province,,Beverages,4071.94,57,71.44,Mada,4.0
04-02-2025,Makkah City,Makkah,,Fresh Produce,7076.96,79,89.58,Mada,4.0
12-08-2024,Jeddah North,Makkah,XLarge,Dairy,15298.6,218,70.18,Cash,4.1
08-08-2025,Riyadh East,Riyadh,Large,Cleaning Supplies,7674.12,95,,Mastercard,3.8
23-07-2025,Unaizah,Qassim,Small,Household,2765.38,50,55.31,Mada,
31-03-2024,Hittin,Riyadh,XLarge,Beverages,31098.29,408,76.22,Visa,4.9
12-04-2025,Qatif,Eastern Province,XLarge,Cleaning Supplies,23597.62,310,76.12,Apple Pay,4.0
06-04-2025,Unaizah,Qassim,Small,Household,3711.21,50,74.22,Mada,3.5
20-06-2024,Dhahran,Eastern Province,XLarge,Bakery,12406.68,188,65.99,Mada,3.3
27-03-2026,Jeddah East,Makkah,Large,Toys,10099.7,104,97.11,Mada,3.9
26-01-2024,Arar Central,Northern Borders,Small,Fresh Produce,2968.62,50,59.37,Cash,3.9
12-05-2026,Hafuf,Eastern Province,Medium,Toys,3998.75,50,79.97,Mada,2.9
24-10-2025,Al Olaya,Riyadh,Large,Frozen Foods,14720.12,145,101.52,Mada,4.2
15-03-2026,Buraidah Central,Qassim,Medium,Personal Care,6123.19,64,95.67,Cash,3.7
02-03-2026,Al Olaya,Riyadh,Large,Beverages,7183.48,85,84.51,Mada,3.9
17-01-2026,Al Malaz,Riyadh,Large,Dairy,12852.16,176,73.02,Mastercard,3.2
25-01-2025,Al Olaya,Riyadh,,Electronics,20536.77,129,159.2,Tamara,3.9
30-08-2024,Qatif,Eastern Province,XLarge,Frozen Foods,19483.97,239,81.52,Apple Pay,5.0
04-06-2025,Jeddah North,Makkah,XLarge,Beverages,17208.89,175,98.34,Visa,4.5
14-11-2024,Qatif,Eastern Province,XLarge,Clothing,29477.2,307,96.02,Cash,3.9
25-02-2024,Riyadh Central,Riyadh,Large,Bakery,8344.52,102,,Cash,3.4
18-05-2024,Madinah Central,Madinah,Small,Fresh Produce,3430.02,50,68.6,Mada,3.3
18-01-2026,Al Rawdah,Makkah,Large,Frozen Foods,10026.71,115,87.19,Cash,3.8
03-01-2025,Tabuk Central,Tabuk,,Toys,6647.59,75,88.63,Mastercard,3.7
06-02-2024,Makkah City,Makkah,Large,Baby Products,10659.82,92,115.87,Mastercard,3.2
12-08-2024,Jeddah North,Makkah,XLarge,Fresh Produce,17715.35,,92.27,Mada,4.6
06-09-2024,Al Olaya,Riyadh,Large,Fresh Produce,11532.98,148,77.93,Apple Pay,3.5
05-04-2024,Al Jawf Central,Al Jawf,Small,Cleaning Supplies,4078.26,50,81.57,Mada,4.8
18-12-2024,Riyadh South,Riyadh,Large,Personal Care,13116.07,162,80.96,Mada,3.8
30-12-2024,Arar Central,Northern Borders,Small,Personal Care,2399.16,50,47.98,Mada,3.7
04-09-2025,Jeddah South,Makkah,Large,Toys,8416.09,99,85.01,Tabby,3.2
25-04-2025,Riyadh West,Riyadh,Large,Snacks & Confectionery,12069.21,120,100.58,STC Pay,2.9
02-05-2024,Al Rawdah,Makkah,Large,Electronics,17373.55,120,144.78,Tabby,3.3
20-04-2026,Unaizah,Qassim,Small,Personal Care,2330.12,50,46.6,Mada,4.3
05-03-2025,Hittin,Riyadh,XLarge,Household,27891.89,264,105.65,Visa,4.4
11-05-2026,Abha Central,Asir,Small,Baby Products,2215.16,50,44.3,Tabby,3.7
18-12-2025,Madinah Central,Madinah,Small,Fresh Produce,2534.69,50,50.69,Apple Pay,3.5
05-01-2025,Abha Central,Asir,Small,Personal Care,2356.26,50,47.13,Apple Pay,3.6
04-02-2025,Al Wajh,Tabuk,Medium,Toys,5818.31,63,92.35,Mada,3.9
04-08-2025,Madinah Central,Madinah,,Electronics,2741.27,50,54.83,Mada,3.4
29-01-2025,Jeddah South,Makkah,Large,Cleaning Supplies,6411.75,69,92.92,Mada,3.9
18-09-2024,Jeddah North,Makkah,XLarge,Meat & Poultry,17207.05,133,129.38,Apple Pay,3.7
29-09-2024,Jubail,Eastern Province,Large,Fresh Produce,14705.62,164,89.67,Visa,4.3
30-06-2025,Riyadh East,Riyadh,Large,Baby Products,10816.52,106,102.04,Mastercard,4.3
31-05-2024,Tabuk Central,Tabuk,Medium,Frozen Foods,6355.1,83,76.57,Mastercard,4.1
26-09-2024,Khamis Mushait,Asir,Small,,2207.37,50,44.15,STC Pay,3.4
16-04-2025,Al Khobar,Eastern Province,Large,Fresh Produce,14580.51,153,95.3,Cash,2.8
29-08-2024,Unaizah,Qassim,Small,Dairy,,50,33.64,Apple Pay,3.7
24-12-2025,Al Malaz,Riyadh,Large,Snacks & Confectionery,11970.41,147,81.43,Mada,3.5
06-01-2026,Abha Central,Asir,Small,,1639.57,50,32.79,Mada,
04-12-2024,Al Bahah Central,Al Bahah,,Meat & Poultry,3606.27,50,72.13,Mastercard,3.0
09-01-2026,Dammam Central,Eastern Province,Large,Cleaning Supplies,11678.06,157,74.38,,3.6
31-07-2025,Abha Central,Asir,Small,Snacks & Confectionery,1929.69,,38.59,STC Pay,3.8
26-01-2025,Al Jawf Central,Al Jawf,Small,Electronics,5266.25,50,105.33,Mada,3.9
23-01-2024,Abha Central,Asir,Small,,1816.29,50,36.33,STC Pay,3.8
04-06-2025,Dhahran,Eastern Province,XLarge,Meat & Poultry,14222.96,142,100.16,Visa,3.6
10-02-2025,Khamis Mushait,Asir,Small,Beverages,1588.6,50,31.77,STC Pay,4.5
09-04-2025,Riyadh Central,Riyadh,Large,Dairy,12383.92,138,89.74,Apple Pay,3.6
29-01-2025,Jeddah East,Makkah,Large,Snacks & Confectionery,6685.9,66,101.3,Mastercard,3.7
28-10-2025,Al Anbariyah,Madinah,Large,Fresh Produce,10181.8,126,80.81,Mada,3.6
12-11-2024,Jubail,Eastern Province,Large,Snacks & Confectionery,8032.77,96,83.67,Mada,3.9
19-08-2024,Arar Central,Northern Borders,Small,Cleaning Supplies,1356.0,50,,Cash,3.2
27-06-2025,Al Bahah Central,Al Bahah,Small,Cleaning Supplies,2587.82,50,51.76,Cash,3.1
17-01-2026,Abha Central,Asir,Small,Fresh Produce,3237.87,50,,,3.8
26-01-2026,Dammam Central,Eastern Province,Large,Beverages,9953.13,136,73.18,Apple Pay,4.1
30-09-2024,Al Anbariyah,Madinah,Large,Clothing,13847.83,129,107.35,Cash,3.2
25-10-2025,Jeddah South,Makkah,Large,Clothing,24030.68,,107.28,Mada,3.8
29-01-2026,Qatif,Eastern Province,XLarge,Bakery,16261.19,212,76.7,Mada,3.6
20-02-2025,Jubail,Eastern Province,Large,,7237.17,71,101.93,STC Pay,3.6
20-02-2026,Riyadh East,Riyadh,Large,Meat & Poultry,14559.15,113,128.84,Mada,
29-11-2024,Abha Central,Asir,Small,Clothing,4294.39,50,85.89,Cash,3.6
10-05-2025,Jeddah North,Makkah,XLarge,Fresh Produce,28186.42,266,105.96,Mada,3.7
02-05-2024,Al Aziziyah,Makkah,Large,Personal Care,9842.49,92,106.98,Visa,4.3
26-02-2026,Hittin,Riyadh,XLarge,Frozen Foods,18887.65,,87.04,Visa,5.0
22-07-2024,Riyadh East,Riyadh,Large,Meat & Poultry,8198.06,69,118.81,Mastercard,4.5
05-03-2026,Buraidah Central,Qassim,Medium,Cleaning Supplies,4504.54,50,90.09,Visa,3.3
13-03-2026,Al Bahah Central,Al Bahah,Small,Fresh Produce,2565.81,50,51.32,Visa,3.3
28-08-2024,Al Rawdah,Makkah,,,7465.66,89,83.88,Apple Pay,3.9
09-09-2025,Buraidah Central,Qassim,Medium,Electronics,7443.03,54,137.83,Mada,4.3
11-03-2026,Madinah Central,Madinah,Small,Fresh Produce,2142.63,50,42.85,Cash,3.5
03-04-2024,Bisha,Asir,Medium,Household,11736.25,115,,Visa,3.9
13-09-2025,Khamis Mushait,Asir,Small,Baby Products,3870.0,50,77.4,Apple Pay,3.7
11-04-2024,Riyadh East,Riyadh,Large,Fresh Produce,9070.72,96,94.49,Mada,3.6
25-07-2025,Madinah Central,Madinah,Small,Clothing,3642.88,50,72.86,Cash,4.0
25-12-2025,Al Wajh,Tabuk,Medium,Household,7663.61,69,111.07,Mada,3.3
28-11-2024,Al Aziziyah,Makkah,Large,Dairy,9689.34,103,94.07,Tabby,4.9
25-05-2024,Jeddah North,Makkah,XLarge,Cleaning Supplies,25484.04,327,77.93,Visa,3.7
16-09-2024,Al Khobar,Eastern Province,Large,Meat & Poultry,14163.66,154,91.97,Apple Pay,3.2
01-07-2024,Jeddah East,Makkah,Large,Meat & Poultry,11579.54,86,134.65,Mada,3.5
04-08-2024,Qatif,Eastern Province,XLarge,Electronics,29466.32,216,136.42,Apple Pay,3.6
09-03-2024,Madinah North,Madinah,Large,Fresh Produce,18162.58,165,110.08,Mada,3.3
09-10-2024,Al Bahah Central,Al Bahah,Small,Bakery,1526.17,50,30.52,Mada,4.2
30-10-2025,Hittin,Riyadh,XLarge,Fresh Produce,19013.03,244,77.92,Cash,3.2
27-06-2024,Khamis Mushait,Asir,Small,Electronics,2877.19,50,57.54,Mastercard,3.7
03-11-2025,Najran Central,Najran,Medium,Electronics,6935.32,58,119.57,Apple Pay,
05-01-2025,Riyadh East,Riyadh,Large,Household,12816.92,143,89.63,STC Pay,3.6
07-01-2026,Al Wajh,Tabuk,Medium,Electronics,,50,119.67,Mastercard,3.5
14-03-2025,Qatif,Eastern Province,XLarge,Household,31494.41,336,93.73,Visa,3.2
06-04-2025,Jubail,Eastern Province,Large,Meat & Poultry,20230.15,160,126.44,Mada,4.6
10-04-2026,Riyadh Central,Riyadh,Large,Bakery,9966.68,129,77.26,Mada,4.4
08-04-2024,Al Bahah Central,Al Bahah,Small,Clothing,3740.85,50,74.82,Cash,3.7
08-08-2025,Al Aziziyah,Makkah,Large,Toys,10704.05,130,82.34,Visa,3.3
19-02-2025,Arar Central,Northern Borders,Small,Baby Products,,50,34.93,Cash,3.7
17-05-2025,Al Wajh,Tabuk,Medium,Bakery,7163.61,106,67.58,Tamara,4.0
22-11-2025,Khamis Mushait,Asir,Small,Beverages,3940.08,50,78.8,Visa,4.0
01-07-2025,Buraidah Central,Qassim,Medium,Clothing,6099.62,51,119.6,Mada,3.6
26-07-2024,Dhahran,Eastern Province,XLarge,Fresh Produce,15490.55,190,81.53,Mada,3.8
01-02-2024,Al Aziziyah,Makkah,Large,Clothing,14621.22,141,103.7,Visa,3.9
11-06-2024,Riyadh East,Riyadh,Large,Electronics,9808.74,85,115.4,Apple Pay,4.0
06-04-2026,Al Bahah Central,Al Bahah,Small,Baby Products,2735.98,50,54.72,Mada,4.0
02-01-2024,Riyadh South,Riyadh,Large,Baby Products,8470.89,79,107.23,Mada,3.6
12-11-2025,Unaizah,Qassim,Small,Beverages,2624.1,50,52.48,Mada,3.3
05-03-2025,Al Malaz,Riyadh,Large,Meat & Poultry,21082.83,179,117.78,Mastercard,3.9
20-09-2024,Riyadh East,Riyadh,Large,Electronics,,157,135.74,Mada,3.7
25-08-2025,Riyadh East,Riyadh,Large,,11440.08,111,103.06,Visa,3.4
27-03-2025,Arar Central,Northern Borders,Small,Cleaning Supplies,2387.19,50,47.74,Mada,3.2
29-07-2024,Jubail,Eastern Province,Large,Meat & Poultry,7800.22,69,,Cash,3.6
24-12-2024,Abha Central,Asir,Small,Household,2187.45,50,43.75,Mastercard,3.3
23-05-2026,Al Malaz,Riyadh,Large,Dairy,,139,79.46,Apple Pay,3.9
18-09-2025,Qatif,Eastern Province,XLarge,Cleaning Supplies,14322.18,177,80.92,Mada,3.9
26-10-2024,Al Anbariyah,Madinah,Large,Dairy,15345.89,173,88.7,Cash,4.1
18-09-2025,Dhahran,Eastern Province,XLarge,Household,15517.71,161,96.38,Mada,3.4
09-10-2024,Al Anbariyah,Madinah,,Dairy,9420.43,121,77.85,Mada,3.3
27-09-2024,Tabuk Central,Tabuk,Medium,Frozen Foods,4611.36,59,78.16,Mastercard,3.9
27-05-2025,Qatif,Eastern Province,XLarge,Personal Care,15583.32,162,96.19,STC Pay,4.3
19-10-2025,Unaizah,Qassim,Small,Household,4108.28,50,82.17,Mada,3.6
17-02-2026,Riyadh Central,Riyadh,Large,Fresh Produce,8848.67,105,84.27,Cash,4.0
18-02-2026,Najran Central,Najran,,Dairy,3008.7,50,60.17,Visa,4.0
14-01-2025,Tabuk Central,Tabuk,Medium,Snacks & Confectionery,3846.48,50,76.93,Apple Pay,4.3
07-09-2024,Riyadh East,Riyadh,Large,Dairy,9520.41,122,78.04,Apple Pay,3.7
03-08-2025,Madinah Central,Madinah,Small,Electronics,3211.14,50,64.22,STC Pay,3.7
19-05-2024,Al Olaya,Riyadh,Large,Bakery,12243.6,187,65.47,Mada,3.5
13-07-2024,Bisha,Asir,Medium,Meat & Poultry,7639.15,74,103.23,Mada,4.0
22-07-2025,Riyadh Central,Riyadh,Large,Baby Products,12565.17,99,126.92,Visa,3.8
19-07-2025,Abha Central,Asir,Small,Bakery,2270.6,50,,Mada,3.7
15-03-2024,Al Malaz,Riyadh,Large,Household,17823.52,169,105.46,STC Pay,3.7
10-06-2024,Tabuk Central,Tabuk,Medium,Frozen Foods,5101.64,50,102.03,Mada,4.0
13-04-2025,Dhahran,Eastern Province,XLarge,Dairy,21864.37,241,90.72,Cash,3.8
31-05-2025,Tabuk Central,Tabuk,Medium,Clothing,10245.65,94,109.0,Apple Pay,4.4
01-05-2026,Unaizah,Qassim,Small,Household,2229.9,50,44.6,STC Pay,3.4
05-08-2025,Jeddah North,Makkah,XLarge,Meat & Poultry,22497.01,211,106.62,Cash,4.6
24-10-2025,Al Malaz,Riyadh,Large,,13345.03,181,73.73,Cash,3.7
31-07-2024,Dhahran,Eastern Province,,Electronics,26109.37,179,145.86,Apple Pay,5.0
18-02-2024,Abha Central,Asir,Small,Snacks & Confectionery,2066.04,50,41.32,Mada,3.4
17-01-2026,Qatif,Eastern Province,XLarge,,24602.15,272,90.45,Mada,4.2
05-06-2024,Buraidah Central,Qassim,Medium,Bakery,3983.93,50,79.68,Cash,2.8
28-07-2024,Al Rawdah,Makkah,Large,Bakery,12405.03,,84.97,Mada,4.5
27-03-2025,Arar Central,Northern Borders,Small,Toys,,50,57.69,Mada,2.7
24-03-2025,Riyadh Central,Riyadh,Large,Fresh Produce,16587.89,182,91.14,Visa,4.1
12-09-2024,Jubail,Eastern Province,Large,Electronics,17927.64,125,143.42,Mada,4.7
24-08-2024,Jeddah East,Makkah,Large,Household,17268.13,155,111.41,Mada,4.1
30-01-2024,Madinah North,Madinah,Large,Toys,8054.01,100,80.54,Cash,4.0
29-03-2026,Riyadh West,Riyadh,Large,Frozen Foods,14416.1,196,73.55,Apple Pay,4.0
10-04-2025,Al Malaz,Riyadh,Large,,,162,98.68,Cash,4.2
13-04-2026,Hail Central,Hail,Small,Meat & Poultry,3689.95,50,73.8,Mastercard,3.7
18-04-2025,Unaizah,Qassim,Small,Baby Products,4448.65,50,88.97,Mada,3.3
27-02-2025,Al Anbariyah,Madinah,Large,Frozen Foods,7094.63,,85.48,Apple Pay,
21-02-2024,Al Anbariyah,Madinah,Large,Clothing,10459.69,81,129.13,,3.1
06-10-2025,Najran Central,Najran,Medium,Household,4453.14,52,85.64,Mada,4.1
05-09-2025,Jubail,Eastern Province,Large,Baby Products,10876.35,115,94.58,Mada,3.4
03-06-2025,Al Anbariyah,Madinah,Large,Fresh Produce,9551.67,95,100.54,Mada,4.1
07-04-2025,Al Aziziyah,Makkah,Large,Baby Products,13311.82,141,94.41,Cash,4.8
27-06-2025,Hittin,Riyadh,,Household,20738.07,185,112.1,Mada,4.6
06-04-2026,Tabuk Central,Tabuk,Medium,Personal Care,7296.67,82,88.98,STC Pay,4.2
24-04-2026,Riyadh South,Riyadh,Large,Toys,15548.93,,84.97,STC Pay,3.5
26-12-2024,Jeddah North,Makkah,XLarge,Baby Products,18513.75,184,100.62,Mastercard,4.2
20-05-2025,Hittin,Riyadh,XLarge,Fresh Produce,12130.39,156,77.76,STC Pay,4.3
12-09-2024,Al Anbariyah,Madinah,Large,Beverages,8207.16,83,98.88,Mada,3.7
29-06-2024,Khamis Mushait,Asir,Small,Dairy,2481.29,50,49.63,Visa,3.8
20-05-2026,Khamis Mushait,Asir,Small,Cleaning Supplies,2270.95,50,45.42,Cash,3.3
28-10-2024,Al Khobar,Eastern Province,Large,Cleaning Supplies,7440.52,,68.89,Mada,3.7
26-05-2025,Buraidah Central,Qassim,Medium,Personal Care,4739.53,50,94.79,Mada,4.0
20-09-2025,Abha Central,Asir,Small,,3566.26,50,71.33,Cash,3.6
13-07-2024,Jubail,Eastern Province,Large,Beverages,14575.5,154,94.65,Mastercard,4.0
12-06-2024,Al Rawdah,Makkah,Large,Personal Care,11412.16,111,102.81,Mada,4.2
08-04-2025,Jeddah East,Makkah,Large,Beverages,13160.22,173,76.07,Mada,3.7
23-03-2024,Tabuk Central,Tabuk,Medium,Meat & Poultry,16783.24,127,132.15,Apple Pay,4.0
29-01-2024,Makkah City,Makkah,Large,Personal Care,9932.17,122,81.41,Mada,3.8
11-08-2024,Tabuk Central,Tabuk,Medium,Personal Care,5233.08,51,102.61,Mastercard,4.0
26-08-2024,Bisha,Asir,Medium,Beverages,4076.0,52,,Mada,3.2
11-11-2025,Al Khobar,Eastern Province,Large,Fresh Produce,11893.61,128,92.92,Cash,4.2
30-09-2025,Al Anbariyah,Madinah,Large,Clothing,12195.16,108,112.92,Cash,3.9
17-02-2026,Unaizah,Qassim,Small,Electronics,3344.78,50,66.9,Apple Pay,
22-12-2025,Madinah Central,Madinah,Small,Electronics,4136.03,50,82.72,Mada,4.2
11-03-2026,Jeddah East,Makkah,Large,Frozen Foods,7683.48,87,88.32,STC Pay,4.6
29-12-2025,Hittin,Riyadh,XLarge,Fresh Produce,16800.92,,92.82,Mada,3.6
16-04-2024,Riyadh Central,Riyadh,Large,Fresh Produce,12972.59,134,96.81,Visa,3.8
02-02-2025,Riyadh South,Riyadh,Large,Dairy,,103,93.8,Apple Pay,4.5
06-08-2025,Jeddah East,Makkah,Large,Cleaning Supplies,9806.84,125,78.45,Visa,3.8
07-09-2024,Najran Central,Najran,Medium,Household,9781.15,108,90.57,Tabby,3.6
05-02-2026,Bisha,Asir,Medium,Frozen Foods,4157.47,,83.15,Mastercard,3.6
30-10-2024,Al Rawdah,Makkah,Large,Fresh Produce,11035.58,105,105.1,STC Pay,3.9
06-07-2024,Al Aziziyah,Makkah,Large,Toys,10453.65,90,116.15,Mada,3.6
28-06-2025,Al Anbariyah,Madinah,Large,Baby Products,12938.85,112,115.53,Mada,3.0
02-04-2024,Hittin,Riyadh,XLarge,Personal Care,29357.04,266,110.36,Apple Pay,3.9
12-08-2025,Dammam Central,Eastern Province,Large,Fresh Produce,9917.91,95,104.4,Mastercard,4.2
12-08-2024,Riyadh South,Riyadh,Large,,9860.3,93,106.02,Mastercard,4.1
24-12-2025,Jeddah South,Makkah,Large,Electronics,11791.52,106,111.24,Mastercard,3.5
12-07-2024,Bisha,Asir,Medium,Electronics,10151.55,82,123.8,Mada,3.7
03-10-2024,Jeddah East,Makkah,Large,Household,10291.62,92,111.87,Mastercard,
03-03-2025,Jeddah South,Makkah,Large,Personal Care,17403.32,194,89.71,Visa,
02-03-2024,Riyadh South,Riyadh,Large,Household,16506.18,160,103.16,Apple Pay,3.8
30-06-2024,Madinah Central,Madinah,Small,Baby Products,3824.45,50,76.49,STC Pay,2.7
20-11-2025,Khamis Mushait,Asir,Small,Baby Products,3465.21,50,69.3,Mada,3.7
12-10-2025,Qatif,Eastern Province,XLarge,Clothing,24534.12,216,113.58,Apple Pay,
30-06-2024,Bisha,Asir,Medium,Fresh Produce,5884.9,63,,Mada,3.8
13-07-2024,Riyadh West,Riyadh,Large,Household,12103.19,,116.38,STC Pay,3.8
11-04-2024,Jeddah North,Makkah,XLarge,Snacks & Confectionery,20942.6,279,75.06,Mada,4.4
25-06-2025,Riyadh West,Riyadh,Large,Toys,9087.73,105,86.55,STC Pay,3.5
19-02-2025,Riyadh North,Riyadh,Large,Beverages,10233.14,114,89.76,Mastercard,3.3
25-04-2026,Abha Central,Asir,Small,Electronics,6009.69,53,113.39,Visa,3.9
26-05-2026,Al Olaya,Riyadh,,Dairy,8659.43,119,72.77,Visa,
29-04-2024,Tabuk Central,Tabuk,Medium,Household,6140.53,51,120.4,Tabby,3.9
16-08-2025,Tabuk Central,Tabuk,Medium,Clothing,10789.68,95,113.58,Mada,3.7
03-01-2026,Riyadh North,Riyadh,Large,Fresh Produce,16187.1,171,94.66,Mada,3.6
30-06-2025,Bisha,Asir,Medium,Fresh Produce,3971.79,50,79.44,Visa,4.1
11-11-2024,Al Rawdah,Makkah,Large,Personal Care,11287.38,137,82.39,Mada,4.0
16-08-2024,Jubail,Eastern Province,Large,Clothing,15849.22,144,110.06,Cash,3.5
16-08-2025,Makkah City,Makkah,Large,Electronics,23806.56,166,143.41,Mada,3.9
09-03-2025,Tabuk Central,Tabuk,Medium,Baby Products,12884.67,101,127.57,Mada,3.5
20-07-2025,Riyadh Central,Riyadh,Large,Beverages,13457.1,170,79.16,Mada,3.5
03-12-2025,Hafuf,Eastern Province,,Personal Care,6429.24,65,98.91,Cash,3.1
17-05-2026,Al Jawf Central,Al Jawf,Small,Meat & Poultry,3191.6,50,63.83,Apple Pay,3.6
07-10-2025,Buraidah Central,Qassim,Medium,Meat & Poultry,5725.48,53,108.03,,4.1
29-01-2024,Unaizah,Qassim,Small,Dairy,1543.29,50,30.87,Mada,3.8
05-04-2026,Al Jawf Central,Al Jawf,Small,Electronics,5028.27,50,100.57,Cash,3.7
22-05-2024,Bisha,Asir,Medium,Electronics,8527.31,62,137.54,Visa,3.7
19-01-2024,Riyadh South,Riyadh,Large,Fresh Produce,13902.32,156,89.12,Mada,3.1
23-07-2025,Riyadh Central,Riyadh,Large,Personal Care,,104,108.76,Mastercard,3.7
03-12-2024,Riyadh East,Riyadh,Large,Clothing,13786.18,121,113.94,Mada,3.4
20-07-2025,Al Olaya,Riyadh,Large,Baby Products,13259.13,112,118.39,Cash,3.5
18-03-2026,Hail Central,Hail,Small,Electronics,3124.67,50,62.49,Cash,
14-04-2024,Bisha,Asir,Medium,Snacks & Confectionery,7938.63,100,79.39,Visa,4.1
01-01-2025,Riyadh North,Riyadh,Large,Fresh Produce,8645.97,86,100.53,Visa,4.3
18-03-2025,Al Khobar,Eastern Province,,Electronics,20256.37,172,,STC Pay,2.8
31-10-2025,Riyadh North,Riyadh,Large,Beverages,9759.99,110,88.73,Visa,4.0
13-03-2025,Al Rawdah,Makkah,Large,Toys,15306.05,131,116.84,Mada,3.8
06-11-2024,Al Khobar,Eastern Province,Large,Bakery,11021.57,152,72.51,STC Pay,
08-03-2025,Qatif,Eastern Province,XLarge,,33899.32,489,69.32,Mada,4.2
09-02-2024,Dhahran,Eastern Province,,Frozen Foods,17447.4,168,103.85,Mada,3.7
20-05-2024,Najran Central,Najran,Medium,Beverages,3803.14,50,76.06,STC Pay,4.2
07-05-2024,Jeddah East,Makkah,Large,Meat & Poultry,11640.0,93,125.16,Visa,3.6
21-09-2024,Riyadh North,Riyadh,Large,Beverages,13714.12,154,89.05,Visa,3.4
16-01-2025,Jubail,Eastern Province,Large,Personal Care,10788.0,105,102.74,Cash,3.9
16-11-2024,Madinah Central,Madinah,Small,Snacks & Confectionery,2446.31,50,48.93,Mada,3.3
11-08-2024,Hafuf,Eastern Province,Medium,Toys,5454.9,65,83.92,Visa,4.1
05-11-2025,Makkah City,Makkah,Large,Fresh Produce,8853.0,112,79.04,STC Pay,3.8
30-08-2024,Najran Central,Najran,Medium,Clothing,9481.04,86,110.24,Mada,4.2
19-10-2025,Unaizah,Qassim,Small,Bakery,2756.43,50,55.13,Mada,4.2
21-07-2025,Jubail,Eastern Province,Large,Fresh Produce,7624.72,90,84.72,Mada,3.9
13-04-2024,Jubail,Eastern Province,Large,Baby Products,19316.01,171,112.96,Mada,3.6
04-04-2025,Al Malaz,Riyadh,Large,Meat & Poultry,13930.83,103,135.25,Apple Pay,4.1
21-09-2024,Al Malaz,Riyadh,Large,Dairy,12556.28,155,81.01,Apple Pay,3.9
31-12-2024,Al Rawdah,Makkah,Large,Dairy,11096.45,159,69.79,Mastercard,4.0
01-05-2024,Arar Central,Northern Borders,Small,Dairy,1725.55,50,,Visa,3.3
23-09-2024,Al Aziziyah,Makkah,Large,Cleaning Supplies,7032.37,79,89.02,Mada,3.3
18-07-2024,Madinah Central,Madinah,Small,Bakery,1430.99,50,28.62,Apple Pay,3.6
02-09-2024,Al Aziziyah,Makkah,Large,Household,11939.91,124,96.29,Mada,4.2
01-07-2025,Al Jawf Central,Al Jawf,Small,Snacks & Confectionery,2193.95,50,43.88,Mada,3.4
06-05-2025,Jeddah East,Makkah,Large,Fresh Produce,9206.52,93,98.99,,4.0
04-07-2024,Jubail,Eastern Province,Large,Toys,7916.32,80,98.95,Apple Pay,4.4
01-12-2024,Al Rawdah,Makkah,Large,Beverages,16406.55,216,75.96,Visa,4.2
30-12-2024,Al Olaya,Riyadh,Large,Beverages,9535.25,102,93.48,Apple Pay,4.1
30-03-2024,Al Bahah Central,Al Bahah,Small,Beverages,5378.04,60,89.63,Mada,3.8
13-11-2024,Riyadh West,Riyadh,Large,Snacks & Confectionery,8272.6,86,96.19,Visa,3.3
20-01-2025,Al Anbariyah,Madinah,Large,Beverages,8776.51,122,71.94,Mada,3.4
07-12-2025,Riyadh North,Riyadh,Large,Electronics,16794.41,134,125.33,Mada,3.5
14-08-2025,Madinah Central,Madinah,Small,Cleaning Supplies,1425.41,50,28.51,Mastercard,3.5
07-07-2025,Al Malaz,Riyadh,Large,Clothing,11299.16,90,125.55,Mada,4.0
03-02-2025,Al Khobar,Eastern Province,Large,Baby Products,8455.81,89,95.01,Mada,3.8
19-08-2025,Arar Central,Northern Borders,Small,Fresh Produce,1913.89,50,38.28,Mada,2.7
02-12-2024,Al Bahah Central,Al Bahah,Small,Personal Care,2722.26,50,54.45,Cash,3.4
02-07-2024,Riyadh South,Riyadh,Large,Beverages,6654.87,80,83.19,Mastercard,3.8
19-04-2026,Riyadh West,Riyadh,Large,Household,14449.97,126,114.68,Visa,4.3
15-01-2024,Arar Central,Northern Borders,Small,Frozen Foods,2386.53,50,47.73,STC Pay,2.9
02-12-2024,Al Anbariyah,Madinah,Large,Frozen Foods,12002.53,152,78.96,Mada,3.0
04-02-2025,Buraidah Central,Qassim,Medium,Fresh Produce,5517.6,53,104.11,Mada,3.8
02-08-2024,Riyadh North,Riyadh,Large,Meat & Poultry,,129,113.09,Visa,3.9
04-05-2026,Al Bahah Central,Al Bahah,,Dairy,1802.47,50,36.05,Visa,3.1
25-01-2026,Riyadh North,Riyadh,Large,Clothing,18914.97,188,100.61,Apple Pay,3.1
31-03-2025,Al Olaya,Riyadh,Large,Electronics,13636.5,97,140.58,Visa,3.5
09-03-2025,Al Wajh,Tabuk,Medium,Bakery,9179.48,136,67.5,Cash,4.0
05-07-2025,Al Jawf Central,Al Jawf,Small,Frozen Foods,3389.55,50,67.79,Mastercard,3.3
18-07-2024,Jubail,Eastern Province,Large,Meat & Poultry,9192.85,91,101.02,Cash,3.2
11-01-2024,Al Malaz,Riyadh,Large,Snacks & Confectionery,7656.05,79,96.91,Visa,3.5
10-11-2024,Najran Central,Najran,Medium,Snacks & Confectionery,5573.82,63,88.47,Mada,3.3
01-12-2024,Buraidah Central,Qassim,Medium,Snacks & Confectionery,8518.78,118,72.19,Mastercard,4.0
17-10-2024,Riyadh East,Riyadh,Large,Cleaning Supplies,8444.18,99,85.29,Mastercard,3.8
14-12-2025,Qatif,Eastern Province,XLarge,Household,34134.62,301,113.4,Apple Pay,4.1
26-03-2025,Makkah City,Makkah,Large,Toys,12048.96,127,94.87,Visa,3.6
28-03-2026,Madinah North,Madinah,Large,Toys,17128.9,189,90.63,Visa,3.7
02-04-2024,Al Wajh,Tabuk,Medium,Baby Products,9180.58,,108.01,Mada,3.3
02-09-2024,Khamis Mushait,Asir,Small,Household,2429.03,50,48.58,Apple Pay,3.0
13-04-2024,Hittin,Riyadh,XLarge,Bakery,23301.44,367,63.49,Visa,3.6
27-04-2025,Madinah North,Madinah,Large,Beverages,15133.64,203,74.55,Visa,3.2
23-02-2026,Tabuk Central,Tabuk,Medium,Meat & Poultry,,50,111.84,Mada,3.9
19-09-2024,Al Anbariyah,Madinah,Large,Toys,8294.65,84,98.75,Cash,3.9
30-09-2025,Al Olaya,Riyadh,Large,Beverages,11340.71,157,72.23,Visa,3.9
23-02-2025,Dhahran,Eastern Province,XLarge,Electronics,35261.74,257,137.21,Cash,4.5
16-11-2025,Al Aziziyah,Makkah,Large,Electronics,,169,130.57,Mada,3.8
08-03-2025,Al Rawdah,Makkah,Large,Snacks & Confectionery,16199.96,226,71.68,Mada,4.3
23-11-2025,Al Anbariyah,Madinah,Large,Fresh Produce,12976.76,158,82.13,Mada,3.7
12-08-2025,Riyadh North,Riyadh,Large,Snacks & Confectionery,7809.54,92,84.89,Mada,4.1
06-08-2025,Riyadh Central,Riyadh,Large,Household,8434.21,93,90.69,Mada,3.5
23-11-2024,Dammam Central,Eastern Province,Large,Meat & Poultry,,230,96.52,Mada,3.5
04-07-2025,Qatif,Eastern Province,XLarge,Beverages,,279,74.89,Cash,4.0
05-04-2026,Al Wajh,Tabuk,Medium,Household,9486.34,80,,Cash,4.1
09-05-2026,Khamis Mushait,Asir,Small,Dairy,3304.14,50,66.08,Apple Pay,3.9
17-02-2026,Al Jawf Central,Al Jawf,Small,Electronics,2848.55,50,56.97,Visa,4.5
29-10-2025,Hail Central,Hail,Small,,3072.21,50,61.44,Mada,3.0
15-01-2024,Hail Central,Hail,Small,Fresh Produce,2337.56,50,46.75,Visa,4.0
23-12-2024,Hittin,Riyadh,XLarge,Snacks & Confectionery,13724.95,192,71.48,Tabby,4.1
23-12-2024,Makkah City,Makkah,Large,Fresh Produce,9190.97,83,110.73,Mada,4.0
26-08-2024,Jeddah South,Makkah,Large,Personal Care,11115.12,127,87.52,Mada,3.8
08-03-2024,Dammam Central,Eastern Province,Large,Toys,10182.2,106,,Visa,3.8
12-04-2024,Dammam Central,Eastern Province,Large,Fresh Produce,15370.48,161,95.47,Apple Pay,4.1
28-09-2025,Riyadh South,Riyadh,Large,Personal Care,14068.86,124,113.46,Visa,3.3
27-05-2024,Jeddah North,Makkah,XLarge,Household,18780.17,185,101.51,Visa,4.0
18-09-2024,Khamis Mushait,Asir,Small,Personal Care,2795.4,50,55.91,Mada,3.1
22-05-2025,Al Malaz,Riyadh,Large,Snacks & Confectionery,10473.72,111,94.36,Cash,4.1
25-06-2024,Al Rawdah,Makkah,Large,Fresh Produce,8154.41,102,79.95,Cash,3.3
08-11-2024,Al Aziziyah,Makkah,Large,Beverages,12048.0,152,79.26,Mada,3.6
04-04-2025,Bisha,Asir,Medium,Fresh Produce,8435.31,110,76.68,Mada,3.8
02-02-2024,Riyadh East,Riyadh,Large,Frozen Foods,11444.27,116,98.66,STC Pay,
20-07-2024,Abha Central,Asir,Small,Household,,50,64.59,Mada,3.7
11-09-2025,Najran Central,Najran,Medium,Electronics,6833.08,52,131.41,Cash,4.3
27-01-2024,Riyadh Central,Riyadh,Large,Bakery,13344.96,175,76.26,Mada,3.7
01-11-2025,Riyadh East,Riyadh,Large,Fresh Produce,15566.13,,107.35,Visa,3.7
28-04-2025,Al Jawf Central,Al Jawf,Small,Clothing,3867.86,50,77.36,Mada,3.7
03-04-2026,Riyadh North,Riyadh,Large,Dairy,15494.58,226,68.56,Apple Pay,3.8
23-04-2024,Al Bahah Central,Al Bahah,Small,Household,2994.01,50,59.88,Cash,2.9
10-04-2025,Riyadh Central,Riyadh,Large,Bakery,8890.31,97,91.65,Tabby,4.1
27-05-2026,Al Khobar,Eastern Province,Large,Cleaning Supplies,9201.1,103,89.33,Cash,3.2
16-01-2024,Bisha,Asir,Medium,Fresh Produce,3743.52,50,74.87,Mada,4.7
20-08-2025,Riyadh North,Riyadh,Large,Frozen Foods,7894.74,87,90.74,Apple Pay,4.3
19-01-2025,Jeddah East,Makkah,Large,Bakery,11319.16,131,86.41,Visa,3.7
26-04-2025,Makkah City,Makkah,Large,Clothing,21190.24,191,110.94,Mada,3.9
24-11-2025,Riyadh North,Riyadh,Large,,9434.05,101,93.41,Mada,3.6
14-05-2024,Riyadh East,Riyadh,Large,Personal Care,7488.26,66,113.46,Tabby,3.8
18-08-2025,Unaizah,Qassim,Small,Fresh Produce,2436.46,50,48.73,Visa,3.0
20-01-2026,Al Khobar,Eastern Province,Large,Household,10569.27,102,103.62,Mada,4.2
21-03-2026,Al Wajh,Tabuk,Medium,Baby Products,11014.07,112,98.34,Cash,2.3
27-05-2025,Riyadh Central,Riyadh,Large,Dairy,8107.25,91,89.09,Visa,4.1
24-03-2025,Madinah Central,Madinah,Small,Household,4146.29,50,82.93,Visa,3.2
28-03-2024,Makkah City,Makkah,Large,Electronics,21727.21,160,135.8,Mastercard,
23-04-2026,Buraidah Central,Qassim,Medium,Baby Products,8422.29,70,120.32,Visa,3.8
15-03-2026,Al Aziziyah,Makkah,Large,Bakery,,144,74.12,Visa,3.6
04-04-2025,Dammam Central,Eastern Province,Large,Electronics,26570.67,176,150.97,Mada,4.2
18-03-2025,Dammam Central,Eastern Province,Large,Toys,12668.37,107,118.4,Cash,3.7
23-07-2024,Jeddah South,Makkah,Large,,9304.38,128,72.69,Cash,4.7
01-08-2024,Riyadh Central,Riyadh,Large,Electronics,15997.74,99,161.59,Visa,3.9
11-09-2024,Khamis Mushait,Asir,Small,Frozen Foods,2505.47,50,50.11,,3.1
12-06-2025,Riyadh Central,Riyadh,Large,Frozen Foods,9099.28,106,85.84,Cash,3.5
01-05-2024,Al Anbariyah,Madinah,Large,Electronics,12622.65,100,126.23,Apple Pay,4.2
20-04-2026,Jeddah North,Makkah,XLarge,Toys,17040.9,157,108.54,Mada,4.3
02-03-2026,Unaizah,Qassim,Small,Beverages,2159.44,50,43.19,Cash,
03-11-2024,Qatif,Eastern Province,XLarge,Snacks & Confectionery,23651.11,240,98.55,Apple Pay,4.0
06-05-2025,Al Wajh,Tabuk,Medium,Meat & Poultry,7172.8,53,135.34,Cash,
10-10-2024,Al Jawf Central,Al Jawf,Small,Bakery,2247.09,50,44.94,Cash,3.2
01-04-2025,Madinah North,Madinah,Large,Fresh Produce,8819.01,112,78.74,Mada,3.5
11-12-2025,Abha Central,Asir,Small,Household,2600.23,50,52.0,Tabby,3.2
02-06-2024,Dhahran,Eastern Province,XLarge,Fresh Produce,26021.82,261,99.7,Apple Pay,4.4
19-02-2026,Jubail,Eastern Province,Large,Meat & Poultry,9672.76,71,136.24,Mada,3.8
17-10-2024,Al Anbariyah,Madinah,Large,Toys,11830.65,142,83.31,Mada,3.9
17-07-2025,Riyadh South,Riyadh,Large,Cleaning Supplies,6568.49,91,72.18,Apple Pay,3.9
03-04-2024,Unaizah,Qassim,Small,Fresh Produce,4242.46,,84.85,Mada,2.7
02-01-2024,Al Khobar,Eastern Province,Large,Cleaning Supplies,6330.36,69,91.74,Visa,4.1
12-03-2024,Al Jawf Central,Al Jawf,Small,Toys,3473.19,50,69.46,Mada,3.7
25-02-2025,Al Aziziyah,Makkah,Large,Baby Products,8939.08,75,119.19,Tamara,3.4
09-01-2024,Riyadh North,Riyadh,Large,Fresh Produce,8006.09,74,108.19,Apple Pay,4.3
19-04-2024,Qatif,Eastern Province,XLarge,Toys,27581.44,341,80.88,Visa,3.8
20-12-2024,Jubail,Eastern Province,Large,Dairy,13089.53,187,70.0,Mada,3.9
12-08-2024,Jeddah East,Makkah,Large,Beverages,6249.69,59,105.93,Cash,3.7
18-06-2025,Madinah North,Madinah,Large,Fresh Produce,7049.19,65,108.45,STC Pay,4.0
04-08-2025,Makkah City,Makkah,Large,Cleaning Supplies,8481.75,105,80.78,Mada,3.7
31-01-2024,Makkah City,Makkah,Large,Dairy,8859.2,112,79.1,Mada,3.4
17-08-2024,Jubail,Eastern Province,Large,Frozen Foods,16796.43,,80.75,Tabby,3.8
15-11-2024,Al Anbariyah,Madinah,Large,Electronics,18418.58,162,113.69,Mastercard,4.7
12-08-2024,Tabuk Central,Tabuk,Medium,Dairy,4723.57,66,71.57,Cash,3.1
06-12-2024,Al Malaz,Riyadh,Large,Meat & Poultry,14937.62,147,101.62,Apple Pay,4.8
18-05-2025,Dhahran,Eastern Province,XLarge,Bakery,21641.11,271,79.86,Tabby,3.9
17-05-2025,Al Malaz,Riyadh,Large,Household,19444.45,168,115.74,Mada,4.3
15-11-2025,Arar Central,Northern Borders,Small,Meat & Poultry,5549.51,60,92.49,Visa,4.0
21-12-2025,Tabuk Central,Tabuk,Medium,Baby Products,10822.96,120,90.19,Apple Pay,4.6
19-03-2024,Dammam Central,Eastern Province,Large,Personal Care,18948.14,194,97.67,Tamara,3.6
28-03-2025,Unaizah,Qassim,Small,Snacks & Confectionery,3946.69,53,74.47,Mada,3.4
15-08-2025,Jeddah South,Makkah,Large,Bakery,,80,93.57,Mada,3.8
