transaction_date,branch_name,region,branch_size,product_category,total_revenue_sar,number_of_transactions,payment_method,sat_score,total_revenue_sar_log,year,month,day_name,rev_per_trans,revenue_category,quarter_period,weekends,csat_category,digital_payment
2025-01-23,Arar Central,Northern Borders,Small,Cleaning Supplies,1686.61,50,Mada,3.3,7.43047587621107,2025,1,Thursday,33.73,LOW,2025Q1,0,Medium CSAT,1
2024-08-22,Riyadh South,Riyadh,Large,Snacks & Confectionery,10377.89,121,Cash,4.4,9.247432860526743,2024,8,Thursday,85.77,HIGH,2024Q3,0,High CSAT,0
2024-08-05,Jubail,Eastern Province,Large,Meat & Poultry,11507.93,121,Mada,3.8,9.350791641927877,2024,8,Monday,95.11,HIGH,2024Q3,0,Medium CSAT,1
2024-09-26,Unaizah,Qassim,Small,Beverages,2499.71,50,Mada,3.9,7.823930004127772,2024,9,Thursday,49.99,LOW,2024Q3,0,Medium CSAT,1
2025-06-05,Makkah City,Makkah,Large,Frozen Foods,8966.15,116,Mada,4.1,9.101211654443834,2025,6,Thursday,77.29,MEDIUM,2025Q2,0,High CSAT,1
2025-01-29,Riyadh West,Riyadh,Large,Baby Products,10053.65,96,Tabby,4.3,9.215691031631449,2025,1,Wednesday,104.73,HIGH,2025Q1,0,High CSAT,0
2025-11-27,Riyadh Central,Riyadh,Large,Toys,13277.67,141,Mada,3.7,9.493838955829727,2025,11,Thursday,94.17,HIGH,2025Q4,0,Medium CSAT,1
2024-06-10,Al Wajh,Tabuk,Medium,Baby Products,4817.32,52,Mada,3.8,8.479973035812584,2024,6,Monday,92.64,LOW,2024Q2,0,Medium CSAT,1
2026-02-19,Al Jawf Central,Al Jawf,Small,Fresh Produce,1508.54,50,Mada,3.8,7.318897574654589,2026,2,Thursday,30.17,LOW,2026Q1,0,Medium CSAT,1
2025-01-17,Jeddah North,Makkah,XLarge,Household,25550.97,283,Visa,3.6,10.148430559686158,2025,1,Friday,90.29,HIGH,2025Q1,1,Medium CSAT,0
2025-09-05,Riyadh Central,Riyadh,Large,Electronics,9201.130000000001,145,STC Pay,3.8,9.127081581581582,2025,9,Friday,63.46,MEDIUM,2025Q3,1,Medium CSAT,0
2024-09-03,Riyadh South,Riyadh,Large,Baby Products,13290.72,105,Mada,3.5,9.494821326312055,2024,9,Tuesday,126.58,HIGH,2024Q3,0,Medium CSAT,1
2026-02-17,Riyadh West,Riyadh,Large,Fresh Produce,9201.130000000001,102,Mada,4.0,9.127081581581582,2026,2,Tuesday,90.21,MEDIUM,2026Q1,0,Medium CSAT,1
2024-08-04,Al Wajh,Tabuk,Medium,Fresh Produce,7905.86,96,Mastercard,4.2,8.975359535630021,2024,8,Sunday,82.35,MEDIUM,2024Q3,0,High CSAT,0
2025-11-18,Bisha,Asir,Medium,Beverages,5467.17,64,Cash,3.9,8.606516394076438,2025,11,Tuesday,85.42,MEDIUM,2025Q4,0,Medium CSAT,0
2025-08-25,Madinah Central,Madinah,Small,Electronics,2438.55,50,Mada,3.8,7.799158879348343,2025,8,Monday,48.77,LOW,2025Q3,0,Medium CSAT,1
2026-05-30,Riyadh East,Riyadh,Large,Household,13941.09,127,Mada,3.2,9.542595873510171,2026,5,Saturday,109.77,HIGH,2026Q2,1,Medium CSAT,1
2024-09-05,Najran Central,Najran,Medium,Fresh Produce,5522.52,59,Cash,3.6,8.616589556835926,2024,9,Thursday,93.6,MEDIUM,2024Q3,0,Medium CSAT,0
2024-12-28,Al Wajh,Tabuk,Medium,Beverages,7782.9,99,Mastercard,4.0,8.959684298360848,2024,12,Saturday,78.62,MEDIUM,2024Q4,1,Medium CSAT,0
2026-01-15,Bisha,Asir,Medium,Snacks & Confectionery,4158.86,50,Mada,3.8,8.33299627723837,2026,1,Thursday,83.18,LOW,2026Q1,0,Medium CSAT,1
2024-05-23,Hail Central,Hail,Small,Dairy,1890.74,50,STC Pay,2.9,7.544723565815634,2024,5,Thursday,37.81,LOW,2024Q2,0,Low CSAT,0
2024-02-21,Al Olaya,Riyadh,Large,Household,10477.02,99,Cash,4.1,9.256939566294543,2024,2,Wednesday,105.83,HIGH,2024Q1,0,High CSAT,0
2024-06-19,Madinah North,Madinah,Large,Beverages,7819.86,105,STC Pay,3.8,8.9644219305658,2024,6,Wednesday,74.47,MEDIUM,2024Q2,0,Medium CSAT,0
2024-09-28,Khamis Mushait,Asir,Small,Frozen Foods,3990.37,50,Mastercard,3.6,8.291639237414152,2024,9,Saturday,79.81,LOW,2024Q3,1,Medium CSAT,0
2024-06-07,Al Bahah Central,Al Bahah,Small,Bakery,1768.7,50,Mastercard,3.9,7.478000092440748,2024,6,Friday,35.37,LOW,2024Q2,1,Medium CSAT,0
2025-08-21,Riyadh South,Riyadh,Large,Cleaning Supplies,8313.22,107,Cash,3.9,9.025602297754467,2025,8,Thursday,77.69,MEDIUM,2025Q3,0,Medium CSAT,0
2024-03-23,Al Jawf Central,Al Jawf,Small,Electronics,8680.31,55,Apple Pay,2.8,9.06881252130237,2024,3,Saturday,157.82,MEDIUM,2024Q1,1,Low CSAT,1
2025-08-15,Madinah North,Madinah,Large,Personal Care,13040.72,132,Visa,4.3,9.475832048680294,2025,8,Friday,98.79,HIGH,2025Q3,1,High CSAT,0
2024-11-19,Buraidah Central,Qassim,Medium,Bakery,5506.37,79,Mada,3.3,8.613660882863588,2024,11,Tuesday,69.7,MEDIUM,2024Q4,0,Medium CSAT,1
2025-04-13,Dhahran,Eastern Province,XLarge,Frozen Foods,24390.89,229,Mada,4.4,10.101964980909113,2025,4,Sunday,106.51,HIGH,2025Q2,0,High CSAT,1
2024-03-16,Al Olaya,Riyadh,Large,Household,25075.21,213,Mada,4.1,10.12963498767044,2024,3,Saturday,117.72,HIGH,2024Q1,1,High CSAT,1
2024-06-10,Al Khobar,Eastern Province,Large,Fresh Produce,8844.69,81,Tamara,3.9,9.087572557929942,2024,6,Monday,109.19,MEDIUM,2024Q2,0,Medium CSAT,0
2024-01-09,Buraidah Central,Qassim,Medium,Household,5604.5,65,Cash,4.0,8.63132512546115,2024,1,Tuesday,86.22,MEDIUM,2024Q1,0,Medium CSAT,0
2026-01-30,Al Olaya,Riyadh,Large,Dairy,10750.07,140,Mastercard,3.6,9.282667545162516,2026,1,Friday,76.79,HIGH,2026Q1,1,Medium CSAT,0
2025-12-04,Al Rawdah,Makkah,Large,Dairy,11204.41,139,STC Pay,3.9,9.324062729783998,2025,12,Thursday,80.61,HIGH,2025Q4,0,Medium CSAT,0
2026-04-29,Al Wajh,Tabuk,Medium,Electronics,7599.91,64,Visa,3.7,8.93589168409904,2026,4,Wednesday,118.75,MEDIUM,2026Q2,0,Medium CSAT,0
2024-06-14,Al Anbariyah,Madinah,Large,Household,13978.95,135,Cash,4.5,9.54530790567097,2024,6,Friday,103.55,HIGH,2024Q2,1,High CSAT,0
2025-07-12,Jeddah North,Makkah,XLarge,Meat & Poultry,21034.44,195,Mada,4.4,9.953916373374069,2025,7,Saturday,107.87,HIGH,2025Q3,1,High CSAT,1
2024-11-11,Riyadh East,Riyadh,Large,Baby Products,10887.46,99,Cash,3.4,9.295366947216007,2024,11,Monday,109.97,HIGH,2024Q4,0,Medium CSAT,0
2024-12-28,Al Olaya,Riyadh,Large,Cleaning Supplies,16657.52,205,Visa,4.3,9.720617045096335,2024,12,Saturday,81.26,HIGH,2024Q4,1,High CSAT,0
2026-03-12,Qatif,Eastern Province,XLarge,Snacks & Confectionery,20644.22,288,Apple Pay,4.1,9.935190656061282,2026,3,Thursday,71.68,HIGH,2026Q1,0,High CSAT,1
2024-06-12,Dammam Central,Eastern Province,Large,Fresh Produce,10061.89,128,Apple Pay,3.9,9.216510298771272,2024,6,Wednesday,78.61,HIGH,2024Q2,0,Medium CSAT,1
2024-12-24,Arar Central,Northern Borders,Small,Snacks & Confectionery,9201.130000000001,50,Cash,4.3,9.127081581581582,2024,12,Tuesday,184.02,MEDIUM,2024Q4,0,High CSAT,0
2025-02-12,Al Aziziyah,Makkah,Large,Snacks & Confectionery,7210.79,104,Mada,3.5,8.883333794318245,2025,2,Wednesday,69.33,MEDIUM,2025Q1,0,Medium CSAT,1
2024-12-05,Unaizah,Qassim,Small,Fresh Produce,3320.97,50,Mada,3.3,8.108012187912278,2024,12,Thursday,66.42,LOW,2024Q4,0,Medium CSAT,1
2024-02-09,Al Anbariyah,Madinah,Large,Beverages,8309.75,106,Mada,3.4,9.025184803161094,2024,2,Friday,78.39,MEDIUM,2024Q1,1,Medium CSAT,1
2025-08-13,Khamis Mushait,Asir,Large,Electronics,9201.130000000001,50,Visa,3.3,9.127081581581582,2025,8,Wednesday,184.02,MEDIUM,2025Q3,0,Medium CSAT,0
2025-12-04,Unaizah,Qassim,Small,Frozen Foods,2937.23,50,Mada,4.1,7.985222239334365,2025,12,Thursday,58.74,LOW,2025Q4,0,High CSAT,1
2025-09-30,Qatif,Eastern Province,XLarge,Snacks & Confectionery,13315.74,176,Mada,4.3,9.496702073121295,2025,9,Tuesday,75.66,HIGH,2025Q3,0,High CSAT,1
2025-11-13,Dhahran,Eastern Province,XLarge,Meat & Poultry,22406.42,187,Cash,3.2,10.017102803922008,2025,11,Thursday,119.82,HIGH,2025Q4,0,Medium CSAT,0
2025-09-22,Jeddah East,Makkah,Large,Meat & Poultry,11595.64,119,Mada,4.3,9.358384444371639,2025,9,Monday,97.44,HIGH,2025Q3,0,High CSAT,1
2025-03-16,Al Rawdah,Makkah,Large,Fresh Produce,24935.42,243,Mada,3.6,10.124044561632232,2025,3,Sunday,102.61,HIGH,2025Q1,0,Medium CSAT,1
2025-11-05,Jeddah South,Makkah,Large,Household,9201.16,96,Mada,3.4,9.127084842045361,2025,11,Wednesday,95.85,MEDIUM,2025Q4,0,Medium CSAT,1
2025-11-19,Madinah North,Madinah,Large,Snacks & Confectionery,8720.24,91,Cash,4.3,9.073402039460056,2025,11,Wednesday,95.83,MEDIUM,2025Q4,0,High CSAT,0
2025-04-11,Riyadh West,Riyadh,Large,Personal Care,14957.63,138,Mastercard,3.7,9.612976816518412,2025,4,Friday,108.39,HIGH,2025Q2,1,Medium CSAT,0
2025-02-13,Al Bahah Central,Al Bahah,Small,Clothing,2318.35,50,Apple Pay,3.6,7.748611004736202,2025,2,Thursday,46.37,LOW,2025Q1,0,Medium CSAT,1
2024-08-12,Al Wajh,Tabuk,Medium,Baby Products,4307.57,50,Cash,3.6,8.368129218995522,2024,8,Monday,86.15,LOW,2024Q3,0,Medium CSAT,0
2026-05-18,Madinah North,Madinah,Large,Fresh Produce,6925.0,75,Mada,3.5,8.842893331055539,2026,5,Monday,92.33,MEDIUM,2026Q2,0,Medium CSAT,1
2025-09-19,Hail Central,Hail,Small,Cleaning Supplies,2866.22,50,STC Pay,3.5,7.960749367479746,2025,9,Friday,57.32,LOW,2025Q3,1,Medium CSAT,0
2024-06-11,Hail Central,Hail,Large,Beverages,2080.66,50,Mada,3.2,7.640440430056232,2024,6,Tuesday,41.61,LOW,2024Q2,0,Medium CSAT,1
2025-05-11,Buraidah Central,Qassim,Medium,Fresh Produce,6239.86,64,Mada,3.3,8.738713025214349,2025,5,Sunday,97.5,MEDIUM,2025Q2,0,Medium CSAT,1
2024-12-09,Dammam Central,Eastern Province,Large,Household,10558.44,90,Mada,3.6,9.264680819074776,2024,12,Monday,117.32,HIGH,2024Q4,0,Medium CSAT,1
2025-02-28,Riyadh West,Riyadh,Large,Household,11763.22,113,Mada,3.2,9.372732993497442,2025,2,Friday,104.1,HIGH,2025Q1,1,Medium CSAT,1
2025-02-02,Tabuk Central,Tabuk,Medium,Personal Care,8000.63,90,Apple Pay,3.8,8.987275567561355,2025,2,Sunday,88.9,MEDIUM,2025Q1,0,Medium CSAT,1
2024-12-26,Riyadh Central,Riyadh,Large,Meat & Poultry,12817.98,134,Apple Pay,3.8,9.458604151757134,2024,12,Thursday,95.66,HIGH,2024Q4,0,Medium CSAT,1
2026-02-04,Unaizah,Qassim,Small,Snacks & Confectionery,2044.05,50,Mada,3.5,7.62268841286394,2026,2,Wednesday,40.88,LOW,2026Q1,0,Medium CSAT,1
2024-12-10,Khamis Mushait,Asir,Small,Snacks & Confectionery,2473.77,99,Apple Pay,4.1,7.813498581775452,2024,12,Tuesday,24.99,LOW,2024Q4,0,High CSAT,1
2025-09-29,Makkah City,Makkah,Large,Cleaning Supplies,8073.55,107,Mastercard,4.2,8.996348565403384,2025,9,Monday,75.45,MEDIUM,2025Q3,0,High CSAT,0
2024-07-05,Arar Central,Northern Borders,Small,Meat & Poultry,2413.43,50,Mada,3.8,7.788804251158081,2024,7,Friday,48.27,LOW,2024Q3,1,Medium CSAT,1
2024-10-11,Khamis Mushait,Asir,Small,Snacks & Confectionery,3072.38,50,Cash,4.1,8.030207784534273,2024,10,Friday,61.45,LOW,2024Q4,1,High CSAT,0
2024-08-17,Hafuf,Eastern Province,Medium,Frozen Foods,7500.08,90,Apple Pay,3.9,8.92266896613418,2024,8,Saturday,83.33,MEDIUM,2024Q3,1,Medium CSAT,1
2024-07-23,Madinah North,Madinah,Large,Personal Care,10871.55,102,Mada,4.5,9.293904564245883,2024,7,Tuesday,106.58,HIGH,2024Q3,0,High CSAT,1
2025-12-17,Arar Central,Northern Borders,Small,Meat & Poultry,2704.88,50,Tabby,4.2,7.902812828004494,2025,12,Wednesday,54.1,LOW,2025Q4,0,High CSAT,0
2025-02-10,Khamis Mushait,Asir,Small,Fresh Produce,2327.7,50,Apple Pay,4.2,7.752635934568013,2025,2,Monday,46.55,LOW,2025Q1,0,High CSAT,1
2024-04-14,Madinah North,Madinah,Large,Dairy,15868.39,212,Apple Pay,3.9,9.672084359098767,2024,4,Sunday,74.85,HIGH,2024Q2,0,Medium CSAT,1
2024-12-21,Riyadh East,Riyadh,Large,Clothing,21725.24,156,Mada,3.3,9.98622999725324,2024,12,Saturday,139.26,HIGH,2024Q4,1,Medium CSAT,1
2026-05-19,Riyadh Central,Riyadh,Large,Beverages,8133.08,93,Mada,4.1,9.003694974587106,2026,5,Tuesday,87.45,MEDIUM,2026Q2,0,High CSAT,1
2026-03-04,Unaizah,Qassim,Small,Beverages,2176.11,50,Mada,4.0,7.685294158168739,2026,3,Wednesday,43.52,LOW,2026Q1,0,Medium CSAT,1
2024-10-12,Al Malaz,Riyadh,Large,Bakery,15316.58,99,Visa,3.2,9.636691180775449,2024,10,Saturday,154.71,HIGH,2024Q4,1,Medium CSAT,0
2024-12-10,Khamis Mushait,Asir,Small,Snacks & Confectionery,1694.61,50,Mada,3.7,7.435207904844557,2024,12,Tuesday,33.89,LOW,2024Q4,0,Medium CSAT,1
2025-07-23,Dammam Central,Eastern Province,Large,Fresh Produce,7663.88,60,Mastercard,3.5,8.944273661908072,2025,7,Wednesday,127.73,MEDIUM,2025Q3,0,Medium CSAT,0
2025-07-22,Al Bahah Central,Al Bahah,Small,Toys,2393.48,50,Mada,3.6,7.780503652833583,2025,7,Tuesday,47.87,LOW,2025Q3,0,Medium CSAT,1
2025-02-18,Madinah Central,Madinah,Small,Dairy,1910.06,50,Mada,3.4,7.554889934159844,2025,2,Tuesday,38.2,LOW,2025Q1,0,Medium CSAT,1
2024-12-18,Buraidah Central,Qassim,Medium,Frozen Foods,5377.51,56,Mastercard,3.8,8.589980720740343,2024,12,Wednesday,96.03,MEDIUM,2024Q4,0,Medium CSAT,0
2026-01-08,Hittin,Riyadh,XLarge,Fresh Produce,13904.44,156,Apple Pay,4.3,9.539963492574083,2026,1,Thursday,89.13,HIGH,2026Q1,0,High CSAT,1
2024-07-15,Jeddah East,Makkah,Large,Beverages,6739.04,86,Tabby,3.5,8.815672760527354,2024,7,Monday,78.36,MEDIUM,2024Q3,0,Medium CSAT,0
2026-05-02,Al Olaya,Riyadh,Large,Bakery,9614.51,111,Cash,3.7,9.17102869468579,2026,5,Saturday,86.62,MEDIUM,2026Q2,1,Medium CSAT,0
2024-05-09,Unaizah,Qassim,Small,Baby Products,2276.5,50,Mastercard,4.2,7.730394454774837,2024,5,Thursday,45.53,LOW,2024Q2,0,High CSAT,0
2024-04-15,Al Bahah Central,Al Bahah,Small,Personal Care,3178.31,50,Mada,4.2,8.064104887965575,2024,4,Monday,63.57,LOW,2024Q2,0,High CSAT,1
2024-02-22,Jeddah East,Makkah,Large,Snacks & Confectionery,7270.46,74,Cash,3.3,8.891574842253515,2024,2,Thursday,98.25,MEDIUM,2024Q1,0,Medium CSAT,0
2024-06-04,Riyadh South,Riyadh,Large,Household,7688.22,70,Tamara,3.8,8.947444566265672,2024,6,Tuesday,109.83,MEDIUM,2024Q2,0,Medium CSAT,0
2025-07-25,Hittin,Riyadh,XLarge,Personal Care,23528.26,276,Mada,3.6,10.065957530835812,2025,7,Friday,85.25,HIGH,2025Q3,1,Medium CSAT,1
2024-10-31,Hail Central,Hail,Large,Fresh Produce,3416.1,50,Visa,3.5,8.136254828484669,2024,10,Thursday,68.32,LOW,2024Q4,0,Medium CSAT,0
2026-02-20,Al Olaya,Riyadh,Large,Bakery,7827.17,111,Mada,3.9,8.965356293257228,2026,2,Friday,70.52,MEDIUM,2026Q1,1,Medium CSAT,1
2025-02-22,Riyadh Central,Riyadh,Large,Personal Care,13436.32,129,Mada,3.9,9.50571676706066,2025,2,Saturday,104.16,HIGH,2025Q1,1,Medium CSAT,1
2025-03-11,Al Aziziyah,Makkah,Large,Bakery,9532.49,109,Mada,3.3,9.16246124268842,2025,3,Tuesday,87.45,MEDIUM,2025Q1,0,Medium CSAT,1
2024-03-14,Jeddah North,Makkah,XLarge,Snacks & Confectionery,18568.47,235,Mada,4.4,9.82922025999928,2024,3,Thursday,79.01,HIGH,2024Q1,0,High CSAT,1
2025-12-06,Arar Central,Northern Borders,Small,Meat & Poultry,4177.16,50,Visa,3.4,8.33738686876715,2025,12,Saturday,83.54,LOW,2025Q4,1,Medium CSAT,0
2024-03-23,Hail Central,Hail,Small,Cleaning Supplies,4612.58,64,Visa,3.9,8.436542632371816,2024,3,Saturday,72.07,LOW,2024Q1,1,Medium CSAT,0
2026-02-22,Riyadh North,Riyadh,Large,Fresh Produce,11757.43,119,Apple Pay,3.8,9.372240660154871,2026,2,Sunday,98.8,HIGH,2026Q1,0,Medium CSAT,1
2025-06-15,Najran Central,Najran,Medium,Cleaning Supplies,5835.36,65,Visa,3.5,8.671691239475594,2025,6,Sunday,89.77,MEDIUM,2025Q2,0,Medium CSAT,0
2025-04-26,Al Malaz,Riyadh,Large,Meat & Poultry,19571.26,190,Apple Pay,3.5,9.88181744257917,2025,4,Saturday,103.01,HIGH,2025Q2,1,Medium CSAT,1
2025-02-25,Qatif,Eastern Province,XLarge,Dairy,14338.63,211,Apple Pay,3.6,9.57071257263011,2025,2,Tuesday,67.96,HIGH,2025Q1,0,Medium CSAT,1
2024-09-15,Jubail,Eastern Province,Large,Baby Products,14206.95,130,Visa,3.7,9.561486560474036,2024,9,Sunday,109.28,HIGH,2024Q3,0,Medium CSAT,0
2025-11-04,Riyadh Central,Riyadh,Large,Beverages,11789.44,113,Visa,3.5,9.374959494523798,2025,11,Tuesday,104.33,HIGH,2025Q4,0,Medium CSAT,0
2026-02-17,Hail Central,Hail,Small,Dairy,1315.16,50,Mada,3.3,7.181713610214108,2026,2,Tuesday,26.3,LOW,2026Q1,0,Medium CSAT,1
2024-05-04,Al Bahah Central,Al Bahah,Small,Clothing,3012.2,50,Mastercard,3.6,8.010425987777749,2024,5,Saturday,60.24,LOW,2024Q2,1,Medium CSAT,0
2024-04-05,Tabuk Central,Tabuk,Medium,Snacks & Confectionery,8600.38,88,STC Pay,3.9,9.059561667311936,2024,4,Friday,97.73,MEDIUM,2024Q2,1,Medium CSAT,0
2025-05-25,Jeddah North,Makkah,XLarge,Dairy,23996.22,324,Mada,3.6,10.085651596925656,2025,5,Sunday,74.06,HIGH,2025Q2,0,Medium CSAT,1
2025-07-18,Arar Central,Northern Borders,Small,Fresh Produce,2106.4,50,Mastercard,3.6,7.6527356081821,2025,7,Friday,42.13,LOW,2025Q3,1,Medium CSAT,0
2024-03-12,Makkah City,Makkah,Large,Snacks & Confectionery,11560.49,99,STC Pay,3.1,9.355348528871295,2024,3,Tuesday,116.77,HIGH,2024Q1,0,Medium CSAT,0
2026-01-13,Al Khobar,Eastern Province,Large,Personal Care,8470.73,106,Mada,3.8,9.044371970472985,2026,1,Tuesday,79.91,MEDIUM,2026Q1,0,Medium CSAT,1
2025-04-02,Jeddah North,Makkah,XLarge,Meat & Poultry,24858.17,230,Visa,3.7,10.12094175012671,2025,4,Wednesday,108.08,HIGH,2025Q2,0,Medium CSAT,0
2025-12-15,Al Aziziyah,Makkah,Large,Meat & Poultry,11056.08,114,Mada,3.9,9.310735781871287,2025,12,Monday,96.98,HIGH,2025Q4,0,Medium CSAT,1
2026-02-01,Jubail,Eastern Province,Large,Cleaning Supplies,10341.28,126,Tamara,4.0,9.243898931503448,2026,2,Sunday,82.07,HIGH,2026Q1,0,Medium CSAT,0
2025-05-22,Jeddah North,Makkah,XLarge,Fresh Produce,20804.22,274,Mada,3.4,9.942911129726493,2025,5,Thursday,75.93,HIGH,2025Q2,0,Medium CSAT,1
2026-05-15,Al Olaya,Riyadh,Large,Household,12646.01,124,Mastercard,3.3,9.445097029382124,2026,5,Friday,101.98,HIGH,2026Q2,1,Medium CSAT,0
2026-05-22,Al Malaz,Riyadh,Large,Clothing,13642.09,120,Tabby,3.2,9.520915145466029,2026,5,Friday,113.68,HIGH,2026Q2,1,Medium CSAT,0
2025-07-08,Al Bahah Central,Al Bahah,Small,Electronics,2160.38,50,STC Pay,3.0,7.678039411130985,2025,7,Tuesday,43.21,LOW,2025Q3,0,Low CSAT,0
2026-02-03,Madinah Central,Madinah,Small,Baby Products,1773.43,50,Mastercard,3.8,7.48067080346009,2026,2,Tuesday,35.47,LOW,2026Q1,0,Medium CSAT,0
2024-01-30,Dhahran,Eastern Province,XLarge,Snacks & Confectionery,10629.61,118,Mada,4.1,9.271398782045829,2024,1,Tuesday,90.08,HIGH,2024Q1,0,High CSAT,1
2025-05-24,Madinah North,Madinah,Large,Fresh Produce,16860.5,184,Mada,4.2,9.732728887106626,2025,5,Saturday,91.63,HIGH,2025Q2,1,High CSAT,1
2025-11-13,Al Anbariyah,Madinah,Large,Snacks & Confectionery,7549.55,106,Mastercard,4.0,8.929243237817756,2025,11,Thursday,71.22,MEDIUM,2025Q4,0,Medium CSAT,0
2025-08-24,Hafuf,Eastern Province,Medium,Baby Products,6841.86,70,Mada,4.2,8.830814903474945,2025,8,Sunday,97.74,MEDIUM,2025Q3,0,High CSAT,1
2024-07-22,Dhahran,Eastern Province,XLarge,Snacks & Confectionery,16667.82,171,Mada,3.8,9.721235193347963,2024,7,Monday,97.47,HIGH,2024Q3,0,Medium CSAT,1
2024-01-23,Al Khobar,Eastern Province,Large,Clothing,9201.130000000001,114,Visa,4.1,9.127081581581582,2024,1,Tuesday,80.71,MEDIUM,2024Q1,0,High CSAT,0
2025-09-12,Riyadh South,Riyadh,Large,Snacks & Confectionery,12760.22,180,Apple Pay,3.9,9.45408779812946,2025,9,Friday,70.89,HIGH,2025Q3,1,Medium CSAT,1
2025-10-13,Madinah Central,Madinah,Small,Bakery,1525.41,50,Apple Pay,3.8,7.330018505366183,2025,10,Monday,30.51,LOW,2025Q4,0,Medium CSAT,1
2025-10-05,Makkah City,Makkah,Large,Personal Care,11687.54,100,Apple Pay,4.2,9.366278596050979,2025,10,Sunday,116.88,HIGH,2025Q4,0,High CSAT,1
2024-04-02,Makkah City,Makkah,Large,Dairy,17868.22,215,Mada,3.9,9.790778994910202,2024,4,Tuesday,83.11,HIGH,2024Q2,0,Medium CSAT,1
2025-01-09,Unaizah,Qassim,Small,Cleaning Supplies,1955.98,50,Mada,3.8,7.5786466255936125,2025,1,Thursday,39.12,LOW,2025Q1,0,Medium CSAT,1
2026-02-03,Al Khobar,Eastern Province,Large,Snacks & Confectionery,9309.75,112,Cash,3.4,9.138817517064167,2026,2,Tuesday,83.12,MEDIUM,2026Q1,0,Medium CSAT,0
2026-05-30,Madinah Central,Madinah,Large,Clothing,4412.74,50,Apple Pay,3.4,8.392251090697263,2026,5,Saturday,88.25,LOW,2026Q2,1,Medium CSAT,1
2024-01-15,Bisha,Asir,Medium,Fresh Produce,3904.62,50,Mastercard,3.7,8.269915746399185,2024,1,Monday,78.09,LOW,2024Q1,0,Medium CSAT,0
2025-08-21,Al Anbariyah,Madinah,Large,Clothing,9201.130000000001,95,Mastercard,3.8,9.127081581581582,2025,8,Thursday,96.85,MEDIUM,2025Q3,0,Medium CSAT,0
2025-09-16,Jubail,Eastern Province,Large,Electronics,11634.98,101,STC Pay,3.9,9.361771356783475,2025,9,Tuesday,115.2,HIGH,2025Q3,0,Medium CSAT,0
2025-10-26,Dhahran,Eastern Province,XLarge,Fresh Produce,23024.04,301,Mada,3.8,10.04429416644322,2025,10,Sunday,76.49,HIGH,2025Q4,0,Medium CSAT,1
2024-05-18,Unaizah,Qassim,Small,Meat & Poultry,3625.65,50,Mastercard,3.6,8.195788861559425,2024,5,Saturday,72.51,LOW,2024Q2,1,Medium CSAT,0
2025-03-05,Unaizah,Qassim,Small,Frozen Foods,3450.37,50,Mastercard,3.9,8.146236750651736,2025,3,Wednesday,69.01,LOW,2025Q1,0,Medium CSAT,0
2024-02-03,Dammam Central,Eastern Province,Large,Bakery,12009.64,156,Mada,3.3,9.393464939603954,2024,2,Saturday,76.98,HIGH,2024Q1,1,Medium CSAT,1
2024-04-11,Abha Central,Asir,Small,Meat & Poultry,4312.12,50,Visa,3.9,8.36918494151515,2024,4,Thursday,86.24,LOW,2024Q2,0,Medium CSAT,0
2026-05-18,Hittin,Riyadh,XLarge,Fresh Produce,17490.04,171,Visa,4.1,9.769386855031188,2026,5,Monday,102.28,HIGH,2026Q2,0,High CSAT,0
2024-02-21,Riyadh North,Riyadh,Large,Bakery,8382.65,95,Visa,3.8,9.033919372603185,2024,2,Wednesday,88.24,MEDIUM,2024Q1,0,Medium CSAT,0
2025-08-23,Al Rawdah,Makkah,Large,Snacks & Confectionery,10659.2,121,Cash,4.1,9.27417864799936,2025,8,Saturday,88.09,HIGH,2025Q3,1,High CSAT,0
2024-10-10,Riyadh Central,Riyadh,Large,Fresh Produce,12800.21,121,Mada,4.1,9.457216856023127,2024,10,Thursday,105.79,HIGH,2024Q4,0,High CSAT,1
2024-05-14,Riyadh North,Riyadh,Large,Frozen Foods,6507.35,66,Mada,4.3,8.780687586276512,2024,5,Tuesday,98.6,MEDIUM,2024Q2,0,High CSAT,1
2024-09-28,Jeddah East,Makkah,Large,Frozen Foods,10794.44,123,Mastercard,3.1,9.286786465734851,2024,9,Saturday,87.76,HIGH,2024Q3,1,Medium CSAT,0
2025-08-30,Al Jawf Central,Al Jawf,Small,Household,2770.13,50,Cash,3.7,7.926649529488082,2025,8,Saturday,55.4,LOW,2025Q3,1,Medium CSAT,0
2024-11-04,Buraidah Central,Qassim,Medium,Baby Products,5901.83,50,Mada,3.3,8.683017751292724,2024,11,Monday,118.04,MEDIUM,2024Q4,0,Medium CSAT,1
2025-12-30,Al Bahah Central,Al Bahah,Small,Electronics,4386.51,50,Visa,4.0,8.386289201287713,2025,12,Tuesday,87.73,LOW,2025Q4,0,Medium CSAT,0
2024-05-09,Riyadh West,Riyadh,Large,Clothing,10912.93,96,Mada,4.3,9.297703603724333,2024,5,Thursday,113.68,HIGH,2024Q2,0,High CSAT,1
2025-06-01,Arar Central,Northern Borders,Small,Fresh Produce,2924.06,50,Apple Pay,3.6,7.980728340494982,2025,6,Sunday,58.48,LOW,2025Q2,0,Medium CSAT,1
2025-03-16,Al Rawdah,Makkah,Large,Bakery,16624.95,207,Mada,3.6,9.718659858000736,2025,3,Sunday,80.31,HIGH,2025Q1,0,Medium CSAT,1
2024-11-16,Al Wajh,Tabuk,Medium,Meat & Poultry,10936.05,85,STC Pay,3.9,9.29981995044893,2024,11,Saturday,128.66,HIGH,2024Q4,1,Medium CSAT,0
2024-04-03,Riyadh West,Riyadh,Large,Fresh Produce,19854.5,185,Mastercard,4.0,9.896185960674606,2024,4,Wednesday,107.32,HIGH,2024Q2,0,Medium CSAT,0
2025-11-17,Qatif,Eastern Province,XLarge,Meat & Poultry,16810.36,162,Apple Pay,3.5,9.72975064199726,2025,11,Monday,103.77,HIGH,2025Q4,0,Medium CSAT,1
2024-10-21,Riyadh South,Riyadh,Large,Meat & Poultry,12372.63,115,Mada,3.6,9.423242053944007,2024,10,Monday,107.59,HIGH,2024Q4,0,Medium CSAT,1
2024-12-24,Al Olaya,Riyadh,Large,Meat & Poultry,15779.03,158,Visa,3.6,9.666437122295031,2024,12,Tuesday,99.87,HIGH,2024Q4,0,Medium CSAT,0
2026-05-15,Al Wajh,Tabuk,Medium,Frozen Foods,6106.03,99,Mastercard,3.3,8.717032086482885,2026,5,Friday,61.68,MEDIUM,2026Q2,1,Medium CSAT,0
2024-01-30,Dammam Central,Eastern Province,Large,Toys,7868.67,76,Mada,3.6,8.970644330941928,2024,1,Tuesday,103.54,MEDIUM,2024Q1,0,Medium CSAT,1
2024-07-04,Riyadh Central,Riyadh,Large,Household,12525.84,120,Cash,3.7,9.435548989572514,2024,7,Thursday,104.38,HIGH,2024Q3,0,Medium CSAT,0
2024-08-08,Buraidah Central,Qassim,Large,Beverages,9201.130000000001,50,Mada,3.7,9.127081581581582,2024,8,Thursday,184.02,MEDIUM,2024Q3,0,Medium CSAT,1
2026-03-06,Jubail,Eastern Province,Large,Personal Care,16966.78,205,Mada,3.8,9.739012593612438,2026,3,Friday,82.76,HIGH,2026Q1,1,Medium CSAT,1
2024-10-05,Al Malaz,Riyadh,Large,Beverages,13968.49,171,Mada,3.7,9.544559357647364,2024,10,Saturday,81.69,HIGH,2024Q4,1,Medium CSAT,1
2026-02-12,Al Rawdah,Makkah,Large,Meat & Poultry,11321.32,86,Mastercard,3.4,9.334442952732868,2026,2,Thursday,131.64,HIGH,2026Q1,0,Medium CSAT,0
2024-02-16,Dhahran,Eastern Province,XLarge,Baby Products,18937.38,148,Mada,3.7,9.848893025597985,2024,2,Friday,127.96,HIGH,2024Q1,1,Medium CSAT,1
2026-02-24,Al Rawdah,Makkah,Large,Bakery,5720.57,71,Cash,3.8,8.651823729758728,2026,2,Tuesday,80.57,MEDIUM,2026Q1,0,Medium CSAT,0
2025-06-29,Khamis Mushait,Asir,Small,Household,3411.06,99,Apple Pay,3.4,8.134778372413457,2025,6,Sunday,34.46,LOW,2025Q2,0,Medium CSAT,1
2025-02-10,Riyadh West,Riyadh,Large,Electronics,14201.12,88,STC Pay,4.1,9.561076113718459,2025,2,Monday,161.38,HIGH,2025Q1,0,High CSAT,0
2025-12-27,Bisha,Asir,Medium,Dairy,8212.68,99,Tabby,3.4,9.013434580360894,2025,12,Saturday,82.96,MEDIUM,2025Q4,1,Medium CSAT,0
2026-03-31,Jeddah South,Makkah,Large,Beverages,11647.89,147,Mada,3.6,9.362880326710556,2026,3,Tuesday,79.24,HIGH,2026Q1,0,Medium CSAT,1
2025-08-26,Al Wajh,Tabuk,Large,Electronics,6326.79,55,Mastercard,3.9,8.752548277510225,2025,8,Tuesday,115.03,MEDIUM,2025Q3,0,Medium CSAT,0
2024-12-07,Madinah Central,Madinah,Small,Electronics,6342.77,51,Visa,3.8,8.755070860531887,2024,12,Saturday,124.37,MEDIUM,2024Q4,1,Medium CSAT,0
2026-01-14,Hafuf,Eastern Province,Medium,Clothing,7533.8,56,Cash,4.4,8.927154841576293,2026,1,Wednesday,134.53,MEDIUM,2026Q1,0,High CSAT,0
2024-07-21,Al Anbariyah,Madinah,Large,Fresh Produce,9201.130000000001,125,Cash,4.3,9.127081581581582,2024,7,Sunday,73.61,MEDIUM,2024Q3,0,High CSAT,0
2026-02-11,Arar Central,Northern Borders,Small,Personal Care,2175.23,50,STC Pay,3.4,7.684889685058388,2026,2,Wednesday,43.5,LOW,2026Q1,0,Medium CSAT,0
2025-10-04,Jubail,Eastern Province,Large,Beverages,12986.81,99,Visa,4.0,9.47168950598844,2025,10,Saturday,131.18,HIGH,2025Q4,1,Medium CSAT,0
2025-06-03,Hafuf,Eastern Province,Medium,Beverages,3194.22,50,Mada,3.3,8.0690982055513,2025,6,Tuesday,63.88,LOW,2025Q2,0,Medium CSAT,1
2024-03-19,Al Khobar,Eastern Province,Large,Baby Products,18128.75,144,Visa,3.4,9.80525435487446,2024,3,Tuesday,125.89,HIGH,2024Q1,0,Medium CSAT,0
2025-04-05,Riyadh East,Riyadh,Large,Personal Care,22443.35,206,Visa,4.1,10.018749635481962,2025,4,Saturday,108.95,HIGH,2025Q2,1,High CSAT,0
2024-06-03,Al Jawf Central,Al Jawf,Small,Beverages,2213.88,50,Apple Pay,3.8,7.7025019112576745,2024,6,Monday,44.28,LOW,2024Q2,0,Medium CSAT,1
2024-02-10,Jeddah East,Makkah,Large,Beverages,10678.31,122,Visa,3.8,9.275969860292589,2024,2,Saturday,87.53,HIGH,2024Q1,1,Medium CSAT,0
2025-01-07,Jeddah South,Makkah,Large,Fresh Produce,7452.08,89,Mada,3.2,8.91624846703691,2025,1,Tuesday,83.73,MEDIUM,2025Q1,0,Medium CSAT,1
2024-03-08,Qatif,Eastern Province,XLarge,Household,22491.62,214,Mada,3.6,10.02089807437341,2024,3,Friday,105.1,HIGH,2024Q1,1,Medium CSAT,1
2025-09-01,Makkah City,Makkah,Large,Fresh Produce,10173.24,115,Visa,3.3,9.227516022376273,2025,9,Monday,88.46,HIGH,2025Q3,0,Medium CSAT,0
2026-04-12,Qatif,Eastern Province,XLarge,Toys,23378.17,290,Tamara,4.2,10.05955795993527,2026,4,Sunday,80.61,HIGH,2026Q2,0,High CSAT,0
2025-06-04,Al Wajh,Tabuk,Medium,Meat & Poultry,5073.38,50,Mada,3.7,8.531762541128389,2025,6,Wednesday,101.47,MEDIUM,2025Q2,0,Medium CSAT,1
2024-07-15,Al Bahah Central,Al Bahah,Small,Fresh Produce,1641.45,50,Apple Pay,4.2,7.4033352765325615,2024,7,Monday,32.83,LOW,2024Q3,0,High CSAT,1
2024-02-08,Buraidah Central,Qassim,Medium,Cleaning Supplies,4457.8,59,Visa,4.2,8.402410649772092,2024,2,Thursday,75.56,LOW,2024Q1,0,High CSAT,0
2024-06-15,Jeddah North,Makkah,XLarge,Toys,19609.91,99,STC Pay,4.0,9.883790329684704,2024,6,Saturday,198.08,HIGH,2024Q2,1,Medium CSAT,0
2025-11-23,Abha Central,Asir,Small,Fresh Produce,4411.22,50,Apple Pay,3.5,8.391906574172928,2025,11,Sunday,88.22,LOW,2025Q4,0,Medium CSAT,1
2024-08-27,Hail Central,Hail,Small,Dairy,1861.42,50,Mada,3.8,7.529094916294725,2024,8,Tuesday,37.23,LOW,2024Q3,0,Medium CSAT,1
2025-04-17,Hail Central,Hail,Small,Frozen Foods,3138.52,50,Mada,3.3,8.051506630208207,2025,4,Thursday,62.77,LOW,2025Q2,0,Medium CSAT,1
2026-04-16,Jeddah South,Makkah,Large,Personal Care,10864.0,131,Cash,3.4,9.293209849798478,2026,4,Thursday,82.93,HIGH,2026Q2,0,Medium CSAT,0
2025-12-29,Al Olaya,Riyadh,Large,Snacks & Confectionery,11364.22,99,Apple Pay,3.8,9.338225102167188,2025,12,Monday,114.79,HIGH,2025Q4,0,Medium CSAT,1
2025-04-05,Dammam Central,Eastern Province,Large,Fresh Produce,21227.09,229,STC Pay,3.9,9.963033475118623,2025,4,Saturday,92.69,HIGH,2025Q2,1,Medium CSAT,0
2024-01-28,Hafuf,Eastern Province,Medium,Meat & Poultry,7666.59,66,Mada,4.2,8.944627206193177,2024,1,Sunday,116.16,MEDIUM,2024Q1,0,High CSAT,1
2025-01-18,Al Malaz,Riyadh,Large,Dairy,10455.75,109,Mastercard,3.7,9.254907345301307,2025,1,Saturday,95.92,HIGH,2025Q1,1,Medium CSAT,0
2024-10-20,Riyadh East,Riyadh,Large,Beverages,16328.99,217,Apple Pay,4.0,9.700697334694748,2024,10,Sunday,75.25,HIGH,2024Q4,0,Medium CSAT,1
2025-04-04,Najran Central,Najran,Medium,Cleaning Supplies,7029.59,72,Mada,4.4,8.857883661624573,2025,4,Friday,97.63,MEDIUM,2025Q2,1,High CSAT,1
2025-03-09,Buraidah Central,Qassim,Medium,Dairy,7409.88,85,Cash,4.6,8.91056952382702,2025,3,Sunday,87.18,MEDIUM,2025Q1,0,High CSAT,0
2025-10-16,Tabuk Central,Tabuk,Medium,Beverages,6036.76,59,STC Pay,3.7,8.70562272316106,2025,10,Thursday,102.32,MEDIUM,2025Q4,0,Medium CSAT,0
2025-08-11,Al Jawf Central,Al Jawf,Small,Fresh Produce,1711.38,50,Visa,3.6,7.445055341576999,2025,8,Monday,34.23,LOW,2025Q3,0,Medium CSAT,0
2025-08-07,Madinah North,Madinah,Large,Clothing,11855.62,86,Mada,4.2,9.380557295740164,2025,8,Thursday,137.86,HIGH,2025Q3,0,High CSAT,1
2026-03-16,Al Jawf Central,Al Jawf,Small,Household,3078.73,50,Mada,3.8,8.032272453270732,2026,3,Monday,61.57,LOW,2026Q1,0,Medium CSAT,1
2025-01-17,Khamis Mushait,Asir,Small,Electronics,3368.86,50,Mada,3.5,8.122329687185433,2025,1,Friday,67.38,LOW,2025Q1,1,Medium CSAT,1
2024-05-16,Qatif,Eastern Province,XLarge,Household,13977.64,157,Mada,3.4,9.54521418894794,2024,5,Thursday,89.03,HIGH,2024Q2,0,Medium CSAT,1
2025-12-13,Arar Central,Northern Borders,Small,Fresh Produce,3775.15,50,Mastercard,3.7,8.236195395993045,2025,12,Saturday,75.5,LOW,2025Q4,1,Medium CSAT,0
2024-02-14,Al Aziziyah,Makkah,Large,Cleaning Supplies,8735.45,103,Mada,3.8,9.075144738127298,2024,2,Wednesday,84.81,MEDIUM,2024Q1,0,Medium CSAT,1
2026-04-14,Bisha,Asir,Medium,Bakery,4983.27,73,Mada,3.8,8.513841581039863,2026,4,Tuesday,68.26,LOW,2026Q2,0,Medium CSAT,1
2024-10-06,Qatif,Eastern Province,XLarge,Meat & Poultry,23633.07,248,Mastercard,4.5,10.070402281335872,2024,10,Sunday,95.29,HIGH,2024Q4,0,High CSAT,0
2024-12-13,Khamis Mushait,Asir,Small,Beverages,3853.64,50,STC Pay,2.9,8.256773435166645,2024,12,Friday,77.07,LOW,2024Q4,1,Low CSAT,0
2024-03-21,Al Wajh,Tabuk,Medium,Baby Products,8992.19,74,Mada,3.7,9.104111701803477,2024,3,Thursday,121.52,MEDIUM,2024Q1,0,Medium CSAT,1
2024-03-22,Al Olaya,Riyadh,Large,Dairy,15203.41,185,Mastercard,4.0,9.629275023778703,2024,3,Friday,82.18,HIGH,2024Q1,1,Medium CSAT,0
2024-02-13,Hail Central,Hail,Small,Fresh Produce,1894.05,50,Mada,4.0,7.546472672552799,2024,2,Tuesday,37.88,LOW,2024Q1,0,Medium CSAT,1
2024-02-05,Hail Central,Hail,Small,Bakery,9201.130000000001,50,Mada,3.7,9.127081581581582,2024,2,Monday,184.02,MEDIUM,2024Q1,0,Medium CSAT,1
2025-09-11,Riyadh East,Riyadh,Large,Beverages,7860.66,87,Mada,4.0,8.969625851363663,2025,9,Thursday,90.35,MEDIUM,2025Q3,0,Medium CSAT,1
2025-02-11,Abha Central,Asir,Small,Dairy,1559.35,50,Cash,3.7,7.35202434674724,2025,2,Tuesday,31.19,LOW,2025Q1,0,Medium CSAT,0
2025-05-26,Jeddah East,Makkah,Large,Cleaning Supplies,7603.67,82,Apple Pay,3.7,8.936386304455123,2025,5,Monday,92.73,MEDIUM,2025Q2,0,Medium CSAT,1
2025-12-11,Al Khobar,Eastern Province,Large,Beverages,9201.130000000001,135,Apple Pay,3.5,9.127081581581582,2025,12,Thursday,68.16,MEDIUM,2025Q4,0,Medium CSAT,1
2024-06-25,Hail Central,Hail,Small,Beverages,2233.72,50,Mastercard,3.8,7.711423636053287,2024,6,Tuesday,44.67,LOW,2024Q2,0,Medium CSAT,0
2025-12-27,Hafuf,Eastern Province,Medium,Household,7318.95,84,Apple Pay,3.5,8.898222154043529,2025,12,Saturday,87.13,MEDIUM,2025Q4,1,Medium CSAT,1
2026-03-23,Jeddah East,Makkah,Large,Bakery,7409.7,117,Apple Pay,3.8,8.910545231640599,2026,3,Monday,63.33,MEDIUM,2026Q1,0,Medium CSAT,1
2025-07-21,Abha Central,Asir,Small,Beverages,1887.31,50,Cash,4.1,7.54290781380474,2025,7,Monday,37.75,LOW,2025Q3,0,High CSAT,0
2024-03-08,Al Malaz,Riyadh,Large,Baby Products,13610.15,140,Visa,3.9,9.51857111689264,2024,3,Friday,97.22,HIGH,2024Q1,1,Medium CSAT,0
2024-05-08,Riyadh West,Riyadh,Large,Clothing,14738.36,125,Mastercard,3.1,9.598208897680811,2024,5,Wednesday,117.91,HIGH,2024Q2,0,Medium CSAT,0
2024-05-11,Hafuf,Eastern Province,Medium,Frozen Foods,8348.56,100,Mada,4.2,9.029844347882992,2024,5,Saturday,83.49,MEDIUM,2024Q2,1,High CSAT,1
2026-05-01,Riyadh South,Riyadh,Large,Fresh Produce,9386.79,90,Mada,3.7,9.147058660722095,2026,5,Friday,104.3,MEDIUM,2026Q2,1,Medium CSAT,1
2024-12-20,Madinah Central,Madinah,Small,Household,4482.8,50,Cash,3.9,8.408003130177873,2024,12,Friday,89.66,LOW,2024Q4,1,Medium CSAT,0
2024-05-08,Dammam Central,Eastern Province,Large,Personal Care,10364.76,91,Visa,4.7,9.246166869753756,2024,5,Wednesday,113.9,HIGH,2024Q2,0,High CSAT,0
2024-06-24,Jeddah North,Makkah,XLarge,Frozen Foods,14976.05,177,Apple Pay,3.3,9.614207537387014,2024,6,Monday,84.61,HIGH,2024Q2,0,Medium CSAT,1
2024-03-24,Riyadh North,Riyadh,Large,Clothing,19788.64,177,Mastercard,3.5,9.892863314658621,2024,3,Sunday,111.8,HIGH,2024Q1,0,Medium CSAT,0
2025-09-24,Tabuk Central,Tabuk,Medium,Beverages,5055.63,62,Mada,4.2,8.528257752769132,2025,9,Wednesday,81.54,MEDIUM,2025Q3,0,High CSAT,1
2024-10-31,Bisha,Asir,Medium,Toys,5682.62,51,Mada,3.7,8.645167672969631,2024,10,Thursday,111.42,MEDIUM,2024Q4,0,Medium CSAT,1
2024-07-27,Arar Central,Northern Borders,Small,Fresh Produce,2793.33,50,Mada,4.0,7.934989711489885,2024,7,Saturday,55.87,LOW,2024Q3,1,Medium CSAT,1
2024-05-13,Bisha,Asir,Medium,Household,5660.73,99,Mada,3.8,8.641308138145652,2024,5,Monday,57.18,MEDIUM,2024Q2,0,Medium CSAT,1
2024-09-30,Hittin,Riyadh,XLarge,Fresh Produce,15258.35,139,STC Pay,4.3,9.632882173173295,2024,9,Monday,109.77,HIGH,2024Q3,0,High CSAT,0
2026-04-13,Jeddah South,Makkah,Large,Personal Care,10514.66,102,Apple Pay,3.5,9.260525752854154,2026,4,Monday,103.08,HIGH,2026Q2,0,Medium CSAT,1
2025-06-11,Al Bahah Central,Al Bahah,Small,Cleaning Supplies,1696.17,50,Cash,3.3,7.436128047177628,2025,6,Wednesday,33.92,LOW,2025Q2,0,Medium CSAT,0
2024-08-08,Madinah North,Madinah,Large,Electronics,14657.56,102,Visa,4.1,9.5927115222975,2024,8,Thursday,143.7,HIGH,2024Q3,0,High CSAT,0
2024-10-19,Najran Central,Najran,Medium,Snacks & Confectionery,7289.19,86,STC Pay,3.7,8.894147707718297,2024,10,Saturday,84.76,MEDIUM,2024Q4,1,Medium CSAT,0
2024-02-16,Abha Central,Asir,Small,Personal Care,2544.18,50,Visa,2.9,7.841563676673997,2024,2,Friday,50.88,LOW,2024Q1,1,Low CSAT,0
2025-01-30,Riyadh West,Riyadh,Large,Frozen Foods,9519.0,98,Tamara,3.7,9.161045080251306,2025,1,Thursday,97.13,MEDIUM,2025Q1,0,Medium CSAT,0
2025-02-07,Al Olaya,Riyadh,Large,Baby Products,12111.49,118,Mada,3.6,9.401909867789385,2025,2,Friday,102.64,HIGH,2025Q1,1,Medium CSAT,1
2024-07-22,Jeddah North,Makkah,XLarge,Meat & Poultry,18603.62,138,Cash,3.8,9.83111146442048,2024,7,Monday,134.81,HIGH,2024Q3,0,Medium CSAT,0
2025-04-12,Buraidah Central,Qassim,Medium,Cleaning Supplies,6307.26,99,STC Pay,3.1,8.749456629850748,2025,4,Saturday,63.71,MEDIUM,2025Q2,1,Medium CSAT,0
2024-06-15,Jubail,Eastern Province,Large,Personal Care,13010.08,155,Visa,3.3,9.47347972060371,2024,6,Saturday,83.94,HIGH,2024Q2,1,Medium CSAT,0
2025-12-26,Al Bahah Central,Al Bahah,Large,Beverages,3176.35,50,Mada,3.6,8.063488017806621,2025,12,Friday,63.53,LOW,2025Q4,1,Medium CSAT,1
2026-01-08,Madinah Central,Madinah,Small,Beverages,1592.03,50,Mastercard,3.7,7.372765210447883,2026,1,Thursday,31.84,LOW,2026Q1,0,Medium CSAT,0
2024-05-31,Khamis Mushait,Asir,Small,Bakery,2626.18,50,Mastercard,3.8,7.873285597829689,2024,5,Friday,52.52,LOW,2024Q2,1,Medium CSAT,0
2024-06-04,Tabuk Central,Tabuk,Medium,Bakery,3482.48,50,Visa,3.8,8.155499962636751,2024,6,Tuesday,69.65,LOW,2024Q2,0,Medium CSAT,0
2026-05-18,Najran Central,Najran,Medium,Electronics,7272.94,50,Mada,3.5,8.891915890429875,2026,5,Monday,145.46,MEDIUM,2026Q2,0,Medium CSAT,1
2025-01-20,Buraidah Central,Qassim,Medium,Fresh Produce,4022.84,52,Mada,4.3,8.29974339984395,2025,1,Monday,77.36,LOW,2025Q1,0,High CSAT,1
2025-11-23,Hafuf,Eastern Province,Medium,Frozen Foods,8527.56,102,Mastercard,3.6,9.051058550327854,2025,11,Sunday,83.6,MEDIUM,2025Q4,0,Medium CSAT,0
2024-10-12,Madinah North,Madinah,Large,Bakery,13109.45,207,Mada,3.6,9.48108862316985,2024,10,Saturday,63.33,HIGH,2024Q4,1,Medium CSAT,1
2025-12-22,Al Khobar,Eastern Province,Large,Toys,9360.57,91,Mada,4.5,9.144261465053361,2025,12,Monday,102.86,MEDIUM,2025Q4,0,High CSAT,1
2024-10-21,Dammam Central,Eastern Province,Large,Clothing,9783.43,80,Tamara,3.5,9.188445417288893,2024,10,Monday,122.29,MEDIUM,2024Q4,0,Medium CSAT,0
2026-03-02,Hafuf,Eastern Province,Medium,Fresh Produce,5108.84,58,Mastercard,3.6,8.538727651557176,2026,3,Monday,88.08,MEDIUM,2026Q1,0,Medium CSAT,0
2026-02-04,Al Anbariyah,Madinah,Large,Bakery,7183.14,97,STC Pay,4.2,8.87949189234846,2026,2,Wednesday,74.05,MEDIUM,2026Q1,0,High CSAT,0
2024-05-20,Dammam Central,Eastern Province,Large,Frozen Foods,6715.79,68,Cash,4.0,8.812216749096288,2024,5,Monday,98.76,MEDIUM,2024Q2,0,Medium CSAT,0
2024-02-23,Madinah Central,Madinah,Small,Meat & Poultry,2444.31,50,Mastercard,3.4,7.801518153491678,2024,2,Friday,48.89,LOW,2024Q1,1,Medium CSAT,0
2024-01-06,Makkah City,Makkah,Large,Baby Products,20117.22,165,Mastercard,4.1,9.909331443693032,2024,1,Saturday,121.92,HIGH,2024Q1,1,High CSAT,0
2026-02-13,Al Aziziyah,Makkah,Large,Dairy,12366.28,163,STC Pay,3.5,9.422728692592237,2026,2,Friday,75.87,HIGH,2026Q1,1,Medium CSAT,0
2025-10-29,Al Malaz,Riyadh,Large,Household,11750.15,127,STC Pay,4.0,9.371621285448267,2025,10,Wednesday,92.52,HIGH,2025Q4,0,Medium CSAT,0
2024-02-07,Jeddah East,Makkah,Large,Meat & Poultry,13497.33,122,STC Pay,3.7,9.510247167088139,2024,2,Wednesday,110.63,HIGH,2024Q1,0,Medium CSAT,0
2024-02-08,Al Khobar,Eastern Province,Large,Household,7532.09,63,Tamara,3.5,8.926927838723179,2024,2,Thursday,119.56,MEDIUM,2024Q1,0,Medium CSAT,0
2025-06-20,Unaizah,Qassim,Small,Baby Products,2960.75,50,Mada,4.8,7.993197893601605,2025,6,Friday,59.22,LOW,2025Q2,1,High CSAT,1
2026-04-08,Al Aziziyah,Makkah,Large,Fresh Produce,9207.58,100,Mada,4.1,9.127782336850576,2026,4,Wednesday,92.08,MEDIUM,2026Q2,0,High CSAT,1
2025-08-04,Al Khobar,Eastern Province,Large,Fresh Produce,9504.01,110,Visa,4.4,9.159469093790424,2025,8,Monday,86.4,MEDIUM,2025Q3,0,High CSAT,0
2026-04-26,Bisha,Asir,Medium,Dairy,7093.7,85,Cash,4.3,8.866962345180823,2026,4,Sunday,83.46,MEDIUM,2026Q2,0,High CSAT,0
2024-01-07,Madinah North,Madinah,Large,Bakery,9283.32,136,Tabby,3.7,9.13597452042058,2024,1,Sunday,68.26,MEDIUM,2024Q1,0,Medium CSAT,0
2025-08-19,Dhahran,Eastern Province,XLarge,Electronics,24943.92,203,Mastercard,4.2,10.124385384108322,2025,8,Tuesday,122.88,HIGH,2025Q3,0,High CSAT,0
2024-06-12,Dhahran,Eastern Province,XLarge,Household,15762.26,99,Mastercard,4.1,9.665373754146156,2024,6,Wednesday,159.21,HIGH,2024Q2,0,High CSAT,0
2025-12-07,Dhahran,Eastern Province,XLarge,Cleaning Supplies,18266.93,214,Visa,4.0,9.812847600222481,2025,12,Sunday,85.36,HIGH,2025Q4,0,Medium CSAT,0
2025-04-10,Jeddah North,Makkah,XLarge,Personal Care,25152.77,255,Visa,4.2,10.132723308628023,2025,4,Thursday,98.64,HIGH,2025Q2,0,High CSAT,0
2026-02-14,Najran Central,Najran,Medium,Clothing,8766.08,67,Mada,3.8,9.078645007106402,2026,2,Saturday,130.84,MEDIUM,2026Q1,1,Medium CSAT,1
2025-06-22,Al Malaz,Riyadh,Large,Toys,12415.28,108,Visa,3.0,9.426683251050811,2025,6,Sunday,114.96,HIGH,2025Q2,0,Low CSAT,0
2026-04-28,Riyadh South,Riyadh,Large,Household,12950.87,133,Cash,3.6,9.468918246338292,2026,4,Tuesday,97.37,HIGH,2026Q2,0,Medium CSAT,0
2025-11-27,Hittin,Riyadh,XLarge,Personal Care,17134.29,150,Visa,4.4,9.74883699779222,2025,11,Thursday,114.23,HIGH,2025Q4,0,High CSAT,0
2025-04-09,Riyadh South,Riyadh,Large,Fresh Produce,11400.81,106,Visa,3.6,9.341439684490046,2025,4,Wednesday,107.55,HIGH,2025Q2,0,Medium CSAT,0
2025-02-09,Riyadh North,Riyadh,Large,Electronics,15184.8,103,Cash,3.5,9.628050206500784,2025,2,Sunday,147.43,HIGH,2025Q1,0,Medium CSAT,0
2024-12-18,Al Wajh,Tabuk,Medium,Household,7049.66,58,STC Pay,4.3,8.860734667693002,2024,12,Wednesday,121.55,MEDIUM,2024Q4,0,High CSAT,0
2025-02-22,Al Khobar,Eastern Province,Large,Fresh Produce,10830.99,127,Mastercard,3.8,9.290166748559528,2025,2,Saturday,85.28,HIGH,2025Q1,1,Medium CSAT,0
2025-01-18,Tabuk Central,Tabuk,Medium,Meat & Poultry,10970.59,114,STC Pay,3.4,9.302973334867687,2025,1,Saturday,96.23,HIGH,2025Q1,1,Medium CSAT,0
2024-05-16,Unaizah,Qassim,Small,Meat & Poultry,2937.07,50,Visa,4.0,7.985167764758657,2024,5,Thursday,58.74,LOW,2024Q2,0,Medium CSAT,0
2024-05-10,Buraidah Central,Qassim,Medium,Bakery,5655.27,60,Cash,3.6,8.640343132768537,2024,5,Friday,94.25,MEDIUM,2024Q2,1,Medium CSAT,0
2025-03-10,Unaizah,Qassim,Small,Snacks & Confectionery,2950.27,50,Mada,4.2,7.9896519705693985,2025,3,Monday,59.01,LOW,2025Q1,0,High CSAT,1
2024-07-12,Dammam Central,Eastern Province,Large,Frozen Foods,13746.85,132,Apple Pay,3.8,9.528564985940296,2024,7,Friday,104.14,HIGH,2024Q3,1,Medium CSAT,1
2024-09-03,Riyadh North,Riyadh,Large,Fresh Produce,7977.31,72,Visa,4.1,8.984356540883498,2024,9,Tuesday,110.8,MEDIUM,2024Q3,0,High CSAT,0
2024-09-07,Riyadh South,Riyadh,Large,Meat & Poultry,20050.18,162,Mada,3.9,9.905993410250527,2024,9,Saturday,123.77,HIGH,2024Q3,1,Medium CSAT,1
2024-10-23,Al Jawf Central,Al Jawf,Small,Cleaning Supplies,1727.35,50,Visa,3.5,7.454343721191649,2024,10,Wednesday,34.55,LOW,2024Q4,0,Medium CSAT,0
2024-08-30,Jubail,Eastern Province,Large,Fresh Produce,10507.33,124,Mada,3.8,9.259828387828572,2024,8,Friday,84.74,HIGH,2024Q3,1,Medium CSAT,1
2025-10-03,Jeddah East,Makkah,Large,Household,15824.67,129,Mada,3.9,9.669325393714379,2025,10,Friday,122.67,HIGH,2025Q4,1,Medium CSAT,1
2026-03-15,Khamis Mushait,Asir,Small,Toys,9201.130000000001,50,Mada,3.8,9.127081581581582,2026,3,Sunday,184.02,MEDIUM,2026Q1,0,Medium CSAT,1
2026-05-19,Madinah North,Madinah,Large,Snacks & Confectionery,6989.54,73,Mada,4.3,8.852170024764828,2026,5,Tuesday,95.75,MEDIUM,2026Q2,0,High CSAT,1
2025-07-29,Riyadh South,Riyadh,Large,Meat & Poultry,10150.62,99,Mada,3.8,9.22529006634824,2025,7,Tuesday,102.53,HIGH,2025Q3,0,Medium CSAT,1
2025-04-05,Al Malaz,Riyadh,Large,Fresh Produce,20682.86,250,Mada,4.2,9.937060616932436,2025,4,Saturday,82.73,HIGH,2025Q2,1,High CSAT,1
2025-01-21,Dammam Central,Eastern Province,Large,Personal Care,10382.36,125,Mada,3.8,9.247863491185727,2025,1,Tuesday,83.06,HIGH,2025Q1,0,Medium CSAT,1
2025-05-05,Al Rawdah,Makkah,Large,Cleaning Supplies,6355.42,75,STC Pay,3.2,8.757063271132882,2025,5,Monday,84.74,MEDIUM,2025Q2,0,Medium CSAT,0
2024-07-13,Al Rawdah,Makkah,Large,Fresh Produce,16681.3,222,Mada,3.8,9.722043610525636,2024,7,Saturday,75.14,HIGH,2024Q3,1,Medium CSAT,1
2025-02-10,Al Rawdah,Makkah,Large,Household,11185.88,124,Mada,4.3,9.322407547628657,2025,2,Monday,90.21,HIGH,2025Q1,0,High CSAT,1
2025-10-26,Unaizah,Qassim,Small,Dairy,2653.26,50,Mada,4.5,7.883544351597423,2025,10,Sunday,53.07,LOW,2025Q4,0,High CSAT,1
2026-02-18,Najran Central,Najran,Medium,Cleaning Supplies,4593.89,55,Mada,4.5,8.432482438687233,2026,2,Wednesday,83.53,LOW,2026Q1,0,High CSAT,1
2026-01-29,Madinah Central,Madinah,Small,Dairy,1598.52,50,Visa,3.8,7.3768334801513715,2026,1,Thursday,31.97,LOW,2026Q1,0,Medium CSAT,0
2024-08-23,Qatif,Eastern Province,XLarge,Snacks & Confectionery,9201.130000000001,209,Mastercard,4.1,9.127081581581582,2024,8,Friday,44.02,MEDIUM,2024Q3,1,High CSAT,0
2024-09-20,Qatif,Eastern Province,XLarge,Beverages,22870.54,293,Mastercard,3.4,10.037604898456483,2024,9,Friday,78.06,HIGH,2024Q3,1,Medium CSAT,0
2024-06-22,Hafuf,Eastern Province,Medium,Household,6028.66,52,STC Pay,4.0,8.704280042803992,2024,6,Saturday,115.94,MEDIUM,2024Q2,1,Medium CSAT,0
2025-06-20,Riyadh South,Riyadh,Large,Snacks & Confectionery,7610.32,109,Mastercard,3.8,8.937260499905955,2025,6,Friday,69.82,MEDIUM,2025Q2,1,Medium CSAT,0
2024-03-10,Madinah Central,Madinah,Small,Electronics,5182.19,50,Mada,3.2,8.55298302583006,2024,3,Sunday,103.64,MEDIUM,2024Q1,0,Medium CSAT,1
2025-11-06,Najran Central,Najran,Medium,Electronics,8300.33,65,Cash,3.5,9.024050552030465,2025,11,Thursday,127.7,MEDIUM,2025Q4,0,Medium CSAT,0
2024-01-18,Al Khobar,Eastern Province,Large,Toys,10264.97,105,STC Pay,3.7,9.236492406896401,2024,1,Thursday,97.76,HIGH,2024Q1,0,Medium CSAT,0
2024-04-19,Jeddah East,Makkah,Large,Household,20204.32,181,Visa,3.8,9.913651721910348,2024,4,Friday,111.63,HIGH,2024Q2,1,Medium CSAT,0
2024-03-21,Bisha,Asir,Medium,Meat & Poultry,9201.130000000001,85,Tamara,4.2,9.127081581581582,2024,3,Thursday,108.25,MEDIUM,2024Q1,0,High CSAT,0
2024-11-03,Madinah Central,Madinah,Small,Snacks & Confectionery,3386.18,50,Apple Pay,3.6,8.127457721351014,2024,11,Sunday,67.72,LOW,2024Q4,0,Medium CSAT,1
2025-01-21,Khamis Mushait,Asir,Small,Electronics,3054.59,50,Mada,3.4,8.024400656379923,2025,1,Tuesday,61.09,LOW,2025Q1,0,Medium CSAT,1
2026-05-15,Al Bahah Central,Al Bahah,Small,Frozen Foods,2534.64,99,Apple Pay,4.0,7.837806894106329,2026,5,Friday,25.6,LOW,2026Q2,1,Medium CSAT,1
2024-08-23,Riyadh East,Riyadh,Large,Snacks & Confectionery,9053.99,127,Mada,4.1,9.110960823511087,2024,8,Friday,71.29,MEDIUM,2024Q3,1,High CSAT,1
2024-03-17,Riyadh East,Riyadh,Large,Dairy,20008.32,254,Mastercard,4.1,9.903903466032117,2024,3,Sunday,78.77,HIGH,2024Q1,0,High CSAT,0
2024-07-31,Riyadh North,Riyadh,Large,Frozen Foods,9120.25,112,Mada,4.5,9.118252494973369,2024,7,Wednesday,81.43,MEDIUM,2024Q3,0,High CSAT,1
2024-11-02,Riyadh West,Riyadh,Large,Bakery,10906.27,164,Mada,4.1,9.297093132194044,2024,11,Saturday,66.5,HIGH,2024Q4,1,High CSAT,1
2026-03-20,Makkah City,Makkah,Large,Frozen Foods,16037.54,182,Tabby,3.6,9.682687503075107,2026,3,Friday,88.12,HIGH,2026Q1,1,Medium CSAT,0
2024-04-10,Riyadh South,Riyadh,Large,Snacks & Confectionery,10232.8,116,Apple Pay,4.2,9.233353526285184,2024,4,Wednesday,88.21,HIGH,2024Q2,0,High CSAT,1
2024-01-31,Jubail,Eastern Province,Large,Frozen Foods,9644.98,99,Mada,3.7,9.174192851724408,2024,1,Wednesday,97.42,MEDIUM,2024Q1,0,Medium CSAT,1
2025-03-18,Khamis Mushait,Asir,Small,Personal Care,2892.35,50,Apple Pay,3.5,7.969824599469041,2025,3,Tuesday,57.85,LOW,2025Q1,0,Medium CSAT,1
2024-03-25,Riyadh West,Riyadh,Large,Meat & Poultry,14903.71,150,Mada,3.8,9.609365454228456,2024,3,Monday,99.36,HIGH,2024Q1,0,Medium CSAT,1
2024-11-20,Khamis Mushait,Asir,Small,Fresh Produce,2253.36,50,Mada,3.6,7.720177714618401,2024,11,Wednesday,45.07,LOW,2024Q4,0,Medium CSAT,1
2024-07-10,Al Malaz,Riyadh,Large,Household,9534.79,95,Cash,3.6,9.162702493670327,2024,7,Wednesday,100.37,MEDIUM,2024Q3,0,Medium CSAT,0
2024-12-28,Al Malaz,Riyadh,Large,Personal Care,18150.17,212,Mada,4.2,9.806435206040318,2024,12,Saturday,85.61,HIGH,2024Q4,1,High CSAT,1
2026-01-12,Al Malaz,Riyadh,Large,Cleaning Supplies,9153.16,139,Visa,3.8,9.121854453839447,2026,1,Monday,65.85,MEDIUM,2026Q1,0,Medium CSAT,0
2025-12-02,Jeddah South,Makkah,Large,Fresh Produce,10194.61,104,Mada,4.2,9.22961442823075,2025,12,Tuesday,98.03,HIGH,2025Q4,0,High CSAT,1
2024-11-02,Tabuk Central,Tabuk,Medium,Electronics,11772.12,99,Mada,4.0,9.373489302981326,2024,11,Saturday,118.91,HIGH,2024Q4,1,Medium CSAT,1
2025-08-31,Al Bahah Central,Al Bahah,Small,Beverages,2931.68,50,Cash,3.0,7.983330916531865,2025,8,Sunday,58.63,LOW,2025Q3,0,Low CSAT,0
2026-04-03,Khamis Mushait,Asir,Small,Beverages,9201.130000000001,50,Apple Pay,4.1,9.127081581581582,2026,4,Friday,184.02,MEDIUM,2026Q2,1,High CSAT,1
2024-11-03,Makkah City,Makkah,Large,Baby Products,15603.47,130,Mada,4.8,9.655248604399867,2024,11,Sunday,120.03,HIGH,2024Q4,0,High CSAT,1
2026-01-22,Al Khobar,Eastern Province,Large,Beverages,10133.19,122,Mada,3.6,9.223571453889324,2026,1,Thursday,83.06,HIGH,2026Q1,0,Medium CSAT,1
2024-10-14,Khamis Mushait,Asir,Small,Meat & Poultry,3139.17,50,Visa,3.2,8.051713712750455,2024,10,Monday,62.78,LOW,2024Q4,0,Medium CSAT,0
2026-01-14,Riyadh North,Riyadh,Large,Toys,9513.13,97,Mada,3.5,9.16042822862344,2026,1,Wednesday,98.07,MEDIUM,2026Q1,0,Medium CSAT,1
2026-04-18,Riyadh West,Riyadh,Large,Snacks & Confectionery,18849.96,245,Mada,3.7,9.84426607085799,2026,4,Saturday,76.94,HIGH,2026Q2,1,Medium CSAT,1
2026-01-02,Jeddah North,Makkah,XLarge,Meat & Poultry,23619.68,210,Visa,4.3,10.069835541818767,2026,1,Friday,112.47,HIGH,2026Q1,1,High CSAT,0
2025-07-01,Bisha,Asir,Medium,Cleaning Supplies,3897.43,53,Visa,3.9,8.268072640539728,2025,7,Tuesday,73.54,LOW,2025Q3,0,Medium CSAT,0
2025-08-31,Unaizah,Qassim,Small,Fresh Produce,3137.85,50,Mastercard,3.2,8.05129313100324,2025,8,Sunday,62.76,LOW,2025Q3,0,Medium CSAT,0
2024-06-19,Hafuf,Eastern Province,Medium,Electronics,6986.76,64,Mastercard,3.3,8.851772208456268,2024,6,Wednesday,109.17,MEDIUM,2024Q2,0,Medium CSAT,0
2024-04-18,Al Wajh,Tabuk,Medium,Bakery,3877.26,51,Visa,3.8,8.262883997583828,2024,4,Thursday,76.02,LOW,2024Q2,0,Medium CSAT,0
2025-04-01,Madinah Central,Madinah,Small,Beverages,2287.72,50,Mastercard,4.4,7.735310967388559,2025,4,Tuesday,45.75,LOW,2025Q2,0,High CSAT,0
2024-04-17,Najran Central,Najran,Medium,Cleaning Supplies,4612.08,50,Apple Pay,4.9,8.436434227292281,2024,4,Wednesday,92.24,LOW,2024Q2,0,High CSAT,1
2024-12-22,Jeddah North,Makkah,XLarge,Beverages,22520.13,233,Mada,3.6,10.022164854883501,2024,12,Sunday,96.65,HIGH,2024Q4,0,Medium CSAT,1
2024-11-22,Hail Central,Hail,Small,Fresh Produce,3451.02,50,Cash,3.8,8.146425118502828,2024,11,Friday,69.02,LOW,2024Q4,1,Medium CSAT,0
2025-10-25,Qatif,Eastern Province,XLarge,Snacks & Confectionery,18833.54,269,Mastercard,3.5,9.843394601857542,2025,10,Saturday,70.01,HIGH,2025Q4,1,Medium CSAT,0
2025-07-27,Qatif,Eastern Province,XLarge,Beverages,19247.04,253,Visa,3.9,9.865112561658925,2025,7,Sunday,76.08,HIGH,2025Q3,0,Medium CSAT,0
2025-10-17,Jeddah East,Makkah,Large,Meat & Poultry,17224.38,171,STC Pay,3.4,9.754081101039569,2025,10,Friday,100.73,HIGH,2025Q4,1,Medium CSAT,0
2025-12-22,Riyadh Central,Riyadh,Large,Dairy,7920.31,107,Apple Pay,3.9,8.977185625456608,2025,12,Monday,74.02,MEDIUM,2025Q4,0,Medium CSAT,1
2026-03-29,Al Olaya,Riyadh,Large,Fresh Produce,16945.27,175,Mada,3.7,9.737744017818015,2026,3,Sunday,96.83,HIGH,2026Q1,0,Medium CSAT,1
2025-10-16,Buraidah Central,Qassim,Medium,Meat & Poultry,6072.44,52,Mada,4.6,8.71151578021821,2025,10,Thursday,116.78,MEDIUM,2025Q4,0,High CSAT,1
2026-05-15,Hafuf,Eastern Province,Large,Fresh Produce,5910.26,70,Mada,4.3,8.68444510266428,2026,5,Friday,84.43,MEDIUM,2026Q2,1,High CSAT,1
2024-11-16,Makkah City,Makkah,Large,Dairy,11293.46,123,Mastercard,3.5,9.331979076091653,2024,11,Saturday,91.82,HIGH,2024Q4,1,Medium CSAT,0
2025-02-01,Al Jawf Central,Al Jawf,Small,Fresh Produce,2857.77,99,Mada,3.2,7.957796879394214,2025,2,Saturday,28.87,LOW,2025Q1,1,Medium CSAT,1
2025-07-22,Jeddah East,Makkah,Large,Dairy,6360.68,69,Apple Pay,3.3,8.757890568857814,2025,7,Tuesday,92.18,MEDIUM,2025Q3,0,Medium CSAT,1
2025-01-02,Riyadh South,Riyadh,Large,Beverages,11397.68,117,Mada,3.3,9.341165104899938,2025,1,Thursday,97.42,HIGH,2025Q1,0,Medium CSAT,1
2025-12-02,Tabuk Central,Tabuk,Medium,Toys,5886.36,60,Mada,3.8,8.680393089002605,2025,12,Tuesday,98.11,MEDIUM,2025Q4,0,Medium CSAT,1
2026-03-25,Riyadh North,Riyadh,Large,Dairy,10306.89,117,Visa,4.0,9.240567882621251,2026,3,Wednesday,88.09,HIGH,2026Q1,0,Medium CSAT,0
2025-07-16,Al Bahah Central,Al Bahah,Small,Personal Care,2162.51,50,Visa,4.0,7.679024863072799,2025,7,Wednesday,43.25,LOW,2025Q3,0,Medium CSAT,0
2025-07-09,Abha Central,Asir,Small,Fresh Produce,3451.47,50,Visa,3.8,8.146555506232657,2025,7,Wednesday,69.03,LOW,2025Q3,0,Medium CSAT,0
2024-10-31,Madinah North,Madinah,Large,Electronics,18625.69,129,Apple Pay,3.8,9.832297089541404,2024,10,Thursday,144.39,HIGH,2024Q4,0,Medium CSAT,1
2025-03-25,Al Malaz,Riyadh,Large,Fresh Produce,17245.98,215,Mada,3.8,9.755334351822395,2025,3,Tuesday,80.21,HIGH,2025Q1,0,Medium CSAT,1
2024-06-18,Al Wajh,Tabuk,Medium,Frozen Foods,4553.45,58,Apple Pay,3.2,8.423640466383185,2024,6,Tuesday,78.51,LOW,2024Q2,0,Medium CSAT,1
2025-06-29,Hafuf,Eastern Province,Medium,Household,6106.03,56,Mastercard,3.7,8.717032086482885,2025,6,Sunday,109.04,MEDIUM,2025Q2,0,Medium CSAT,0
2025-11-26,Al Jawf Central,Al Jawf,Small,Fresh Produce,2847.28,50,Mada,3.9,7.954119431581523,2025,11,Wednesday,56.95,LOW,2025Q4,0,Medium CSAT,1
2024-10-10,Riyadh South,Riyadh,Large,Fresh Produce,12849.99,163,Mada,3.6,9.461098312112947,2024,10,Thursday,78.83,HIGH,2024Q4,0,Medium CSAT,1
2025-05-16,Bisha,Asir,Medium,Clothing,6243.14,57,Mada,3.1,8.739238539926435,2025,5,Friday,109.53,MEDIUM,2025Q2,1,Medium CSAT,1
2025-10-10,Riyadh West,Riyadh,Large,Frozen Foods,14715.6,160,Mastercard,3.5,9.59666343455598,2025,10,Friday,91.97,HIGH,2025Q4,1,Medium CSAT,0
2025-05-14,Arar Central,Northern Borders,Small,Fresh Produce,2756.55,99,Mastercard,2.8,7.921735176809543,2025,5,Wednesday,27.84,LOW,2025Q2,0,Low CSAT,0
2025-10-12,Arar Central,Northern Borders,Small,Meat & Poultry,4293.82,50,Visa,3.7,8.364932058603419,2025,10,Sunday,85.88,LOW,2025Q4,0,Medium CSAT,0
2025-05-21,Al Rawdah,Makkah,Large,Snacks & Confectionery,7342.7,99,Visa,4.2,8.901461901380733,2025,5,Wednesday,74.17,MEDIUM,2025Q2,0,High CSAT,0
2026-03-18,Al Bahah Central,Al Bahah,Small,Toys,2248.1,50,Cash,3.7,7.717840694009964,2026,3,Wednesday,44.96,LOW,2026Q1,0,Medium CSAT,0
2026-05-28,Hittin,Riyadh,Large,Beverages,12840.0,180,Mada,3.6,9.460320577243952,2026,5,Thursday,71.33,HIGH,2026Q2,0,Medium CSAT,1
2025-10-27,Makkah City,Makkah,Large,Cleaning Supplies,7439.73,109,Cash,3.7,8.914589836846048,2025,10,Monday,68.25,MEDIUM,2025Q4,0,Medium CSAT,0
2024-02-23,Jeddah South,Makkah,Large,Dairy,9350.76,126,Mada,3.9,9.143212902401874,2024,2,Friday,74.21,MEDIUM,2024Q1,1,Medium CSAT,1
2025-12-21,Al Malaz,Riyadh,Large,Bakery,10092.07,111,Visa,3.8,9.219505245923973,2025,12,Sunday,90.92,HIGH,2025Q4,0,Medium CSAT,0
2025-12-13,Riyadh Central,Riyadh,Large,Fresh Produce,15306.32,194,Mastercard,3.7,9.636021093985242,2025,12,Saturday,78.9,HIGH,2025Q4,1,Medium CSAT,0
2024-03-13,Najran Central,Najran,Medium,Fresh Produce,6481.24,80,Cash,3.6,8.7766671290644,2024,3,Wednesday,81.02,MEDIUM,2024Q1,0,Medium CSAT,0
2026-03-03,Khamis Mushait,Asir,Small,Cleaning Supplies,2301.22,50,Mastercard,3.8,7.741194696069049,2026,3,Tuesday,46.02,LOW,2026Q1,0,Medium CSAT,0
2025-06-27,Riyadh West,Riyadh,Large,Personal Care,12157.35,110,Mada,4.0,9.405689204138902,2025,6,Friday,110.52,HIGH,2025Q2,1,Medium CSAT,1
2025-09-22,Tabuk Central,Tabuk,Medium,Snacks & Confectionery,4715.67,50,Cash,4.4,8.45864628465422,2025,9,Monday,94.31,LOW,2025Q3,0,High CSAT,0
2025-08-26,Hittin,Riyadh,XLarge,Meat & Poultry,21178.48,187,Apple Pay,4.0,9.9607408507633,2025,8,Tuesday,113.25,HIGH,2025Q3,0,Medium CSAT,1
2025-07-20,Madinah North,Madinah,Large,Frozen Foods,12757.69,132,STC Pay,4.4,9.453889506027302,2025,7,Sunday,96.65,HIGH,2025Q3,0,High CSAT,0
2026-05-18,Riyadh North,Riyadh,Large,Cleaning Supplies,8934.65,101,Visa,3.9,9.097692255029987,2026,5,Monday,88.46,MEDIUM,2026Q2,0,Medium CSAT,0
2026-03-13,Riyadh South,Riyadh,Large,Baby Products,18398.9,174,Mada,4.2,9.82004615920133,2026,3,Friday,105.74,HIGH,2026Q1,1,High CSAT,1
2025-10-15,Al Bahah Central,Al Bahah,Small,Household,2713.19,50,Tamara,3.8,7.905880343380332,2025,10,Wednesday,54.26,LOW,2025Q4,0,Medium CSAT,0
2025-01-09,Tabuk Central,Tabuk,Medium,Fresh Produce,5119.59,56,Tamara,3.7,8.54082963670213,2025,1,Thursday,91.42,MEDIUM,2025Q1,0,Medium CSAT,0
2024-01-18,Riyadh West,Riyadh,Large,Electronics,14687.82,100,STC Pay,4.2,9.594773857883219,2024,1,Thursday,146.88,HIGH,2024Q1,0,High CSAT,0
2025-10-05,Al Khobar,Eastern Province,Large,Frozen Foods,15387.72,169,Mada,3.7,9.641325067709756,2025,10,Sunday,91.05,HIGH,2025Q4,0,Medium CSAT,1
2025-07-04,Unaizah,Qassim,Small,Dairy,2457.55,50,Mada,3.8,7.806920197694306,2025,7,Friday,49.15,LOW,2025Q3,1,Medium CSAT,1
2024-11-30,Unaizah,Qassim,Small,Clothing,4394.17,50,Mastercard,4.3,8.38803394131768,2024,11,Saturday,87.88,LOW,2024Q4,1,High CSAT,0
2024-11-13,Riyadh West,Riyadh,Large,Frozen Foods,11528.74,149,Cash,4.2,9.352598327152826,2024,11,Wednesday,77.37,HIGH,2024Q4,0,High CSAT,0
2025-09-18,Arar Central,Northern Borders,Small,Fresh Produce,2198.65,50,Mastercard,3.8,7.69559881463092,2025,9,Thursday,43.97,LOW,2025Q3,0,Medium CSAT,0
2024-06-19,Al Anbariyah,Madinah,Large,Frozen Foods,7937.86,103,Mastercard,3.7,8.979398996503178,2024,6,Wednesday,77.07,MEDIUM,2024Q2,0,Medium CSAT,0
2025-05-23,Riyadh West,Riyadh,Large,Meat & Poultry,14025.45,127,Visa,4.9,9.548628815437663,2025,5,Friday,110.44,HIGH,2025Q2,1,High CSAT,0
2024-06-10,Abha Central,Asir,Small,Fresh Produce,9201.130000000001,50,Mastercard,3.7,9.127081581581582,2024,6,Monday,184.02,MEDIUM,2024Q2,0,Medium CSAT,0
2026-05-29,Riyadh East,Riyadh,Large,Bakery,11706.51,154,Mada,4.3,9.367900376303467,2026,5,Friday,76.02,HIGH,2026Q2,1,High CSAT,1
2024-07-02,Jeddah North,Makkah,XLarge,Snacks & Confectionery,16757.96,208,STC Pay,4.0,9.726628648250703,2024,7,Tuesday,80.57,HIGH,2024Q3,0,Medium CSAT,0
2024-09-11,Jubail,Eastern Province,Large,Frozen Foods,9045.42,93,Cash,3.4,9.110013831245544,2024,9,Wednesday,97.26,MEDIUM,2024Q3,0,Medium CSAT,0
2024-05-02,Abha Central,Asir,Small,Cleaning Supplies,1926.24,50,Apple Pay,4.6,7.563325195186716,2024,5,Thursday,38.52,LOW,2024Q2,0,High CSAT,1
2025-04-21,Riyadh West,Riyadh,Large,Frozen Foods,12842.0,134,Cash,3.7,9.460476328353995,2025,4,Monday,95.84,HIGH,2025Q2,0,Medium CSAT,0
2024-01-09,Arar Central,Northern Borders,Small,Dairy,1699.48,99,Mastercard,3.6,7.438077600899818,2024,1,Tuesday,17.17,LOW,2024Q1,0,Medium CSAT,0
2026-03-02,Al Bahah Central,Al Bahah,Small,Frozen Foods,2464.56,50,Apple Pay,4.0,7.809768571558149,2026,3,Monday,49.29,LOW,2026Q1,0,Medium CSAT,1
2024-01-02,Qatif,Eastern Province,XLarge,Meat & Poultry,21471.02,99,Mada,3.9,9.97445939789526,2024,1,Tuesday,216.88,HIGH,2024Q1,0,Medium CSAT,1
2025-06-26,Al Rawdah,Makkah,Large,Meat & Poultry,14162.36,152,Tabby,4.0,9.558343020027031,2025,6,Thursday,93.17,HIGH,2025Q2,0,Medium CSAT,0
2024-08-25,Riyadh East,Riyadh,Large,Household,17227.77,186,Mada,3.8,9.754277895725005,2024,8,Sunday,92.62,HIGH,2024Q3,0,Medium CSAT,1
2025-08-17,Al Malaz,Riyadh,Large,Fresh Produce,10007.01,125,Cash,3.4,9.211041126390446,2025,8,Sunday,80.06,HIGH,2025Q3,0,Medium CSAT,0
2024-08-30,Makkah City,Makkah,Large,Snacks & Confectionery,9515.35,135,Mada,3.6,9.160661563078957,2024,8,Friday,70.48,MEDIUM,2024Q3,1,Medium CSAT,1
2024-11-21,Jubail,Eastern Province,Large,Bakery,9134.76,143,Cash,3.8,9.11984219588898,2024,11,Thursday,63.88,MEDIUM,2024Q4,0,Medium CSAT,0
2024-06-17,Al Olaya,Riyadh,Large,Dairy,7120.45,75,Mada,3.6,8.870726204656034,2024,6,Monday,94.94,MEDIUM,2024Q2,0,Medium CSAT,1
2025-04-07,Al Rawdah,Makkah,Large,Dairy,8754.3,99,Mada,3.5,9.077300287211614,2025,4,Monday,88.43,MEDIUM,2025Q2,0,Medium CSAT,1
2024-08-08,Riyadh East,Riyadh,Large,Dairy,10190.2,106,Mada,3.1,9.22918175310954,2024,8,Thursday,96.13,HIGH,2024Q3,0,Medium CSAT,1
2025-02-09,Hafuf,Eastern Province,Medium,Clothing,8014.03,63,Tamara,4.2,8.988949034638047,2025,2,Sunday,127.21,MEDIUM,2025Q1,0,High CSAT,0
2025-07-23,Hail Central,Hail,Small,Bakery,1923.35,50,Apple Pay,3.7,7.561823736307756,2025,7,Wednesday,38.47,LOW,2025Q3,0,Medium CSAT,1
2024-05-04,Makkah City,Makkah,Large,Snacks & Confectionery,9201.130000000001,135,Cash,4.0,9.127081581581582,2024,5,Saturday,68.16,MEDIUM,2024Q2,1,Medium CSAT,0
2025-08-19,Al Malaz,Riyadh,Large,Cleaning Supplies,8158.13,86,Tamara,3.5,9.006770255028792,2025,8,Tuesday,94.86,MEDIUM,2025Q3,0,Medium CSAT,0
2025-10-23,Al Aziziyah,Makkah,Large,Fresh Produce,10409.73,134,Apple Pay,3.7,9.250496224673231,2025,10,Thursday,77.68,HIGH,2025Q4,0,Medium CSAT,1
2024-02-21,Arar Central,Northern Borders,Small,Personal Care,1728.59,50,Mada,3.7,7.455061326273458,2024,2,Wednesday,34.57,LOW,2024Q1,0,Medium CSAT,1
2025-01-26,Riyadh North,Riyadh,Large,Fresh Produce,14036.91,138,Mada,3.6,9.549445567887355,2025,1,Sunday,101.72,HIGH,2025Q1,0,Medium CSAT,1
2025-09-20,Riyadh East,Riyadh,Large,Bakery,12882.09,157,Mada,4.6,9.463593253575212,2025,9,Saturday,82.05,HIGH,2025Q3,1,High CSAT,1
2024-03-03,Najran Central,Najran,Medium,Meat & Poultry,6914.81,60,Visa,3.9,8.841420767221011,2024,3,Sunday,115.25,MEDIUM,2024Q1,0,Medium CSAT,0
2026-03-24,Unaizah,Qassim,Small,Meat & Poultry,2061.91,50,Mada,3.3,7.631388016679636,2026,3,Tuesday,41.24,LOW,2026Q1,0,Medium CSAT,1
2024-12-18,Al Bahah Central,Al Bahah,Small,Household,3455.44,50,Mada,3.5,8.14770507975749,2024,12,Wednesday,69.11,LOW,2024Q4,0,Medium CSAT,1
2024-02-29,Dammam Central,Eastern Province,Large,Beverages,10130.07,112,Visa,4.1,9.223263507386672,2024,2,Thursday,90.45,HIGH,2024Q1,0,High CSAT,0
2024-06-12,Madinah Central,Madinah,Small,Clothing,1999.8,50,Apple Pay,3.7,7.600802454541749,2024,6,Wednesday,40.0,LOW,2024Q2,0,Medium CSAT,1
2025-08-12,Madinah Central,Madinah,Small,Snacks & Confectionery,2222.14,50,Apple Pay,3.5,7.706225974515392,2025,8,Tuesday,44.44,LOW,2025Q3,0,Medium CSAT,1
2024-06-29,Jeddah East,Makkah,Large,Dairy,9980.37,136,Mada,3.3,9.208375442766577,2024,6,Saturday,73.39,MEDIUM,2024Q2,1,Medium CSAT,1
2025-08-04,Hafuf,Eastern Province,Medium,Household,5135.62,50,Tamara,3.5,8.543955855093643,2025,8,Monday,102.71,MEDIUM,2025Q3,0,Medium CSAT,0
2025-07-09,Al Bahah Central,Al Bahah,Small,Beverages,1726.62,50,Mada,3.7,7.453921019193155,2025,7,Wednesday,34.53,LOW,2025Q3,0,Medium CSAT,1
2024-12-05,Riyadh Central,Riyadh,Large,Bakery,11995.51,99,Mastercard,4.3,9.392287692085658,2024,12,Thursday,121.17,HIGH,2024Q4,0,High CSAT,0
2024-03-01,Jubail,Eastern Province,Large,Personal Care,10198.64,125,Apple Pay,4.3,9.23000965704935,2024,3,Friday,81.59,HIGH,2024Q1,1,High CSAT,1
2025-01-17,Riyadh West,Riyadh,Large,Fresh Produce,16673.08,149,Mada,3.1,9.72155072172564,2025,1,Friday,111.9,HIGH,2025Q1,1,Medium CSAT,1
2024-05-19,Jubail,Eastern Province,Large,Frozen Foods,15687.3,173,Visa,3.5,9.660606746788886,2024,5,Sunday,90.68,HIGH,2024Q2,0,Medium CSAT,0
2024-08-16,Hafuf,Eastern Province,Medium,Snacks & Confectionery,5998.84,69,Mastercard,3.8,8.69932139618556,2024,8,Friday,86.94,MEDIUM,2024Q3,1,Medium CSAT,0
2024-05-10,Al Khobar,Eastern Province,Large,Electronics,14046.69,116,Visa,4.2,9.550142059818258,2024,5,Friday,121.09,HIGH,2024Q2,1,High CSAT,0
2024-07-05,Riyadh East,Riyadh,Large,Cleaning Supplies,10410.67,99,Mada,3.2,9.250586520729085,2024,7,Friday,105.16,HIGH,2024Q3,1,Medium CSAT,1
2025-05-23,Al Olaya,Riyadh,Large,Frozen Foods,9279.88,94,Tamara,4.2,9.135603894662157,2025,5,Friday,98.72,MEDIUM,2025Q2,1,High CSAT,0
2026-04-21,Al Malaz,Riyadh,Large,Clothing,16150.55,162,Mada,4.5,9.689709383798474,2026,4,Tuesday,99.69,HIGH,2026Q2,0,High CSAT,1
2024-08-02,Al Anbariyah,Madinah,Large,Electronics,14701.32,102,Cash,4.2,9.595692564653783,2024,8,Friday,144.13,HIGH,2024Q3,1,High CSAT,0
2024-06-19,Tabuk Central,Tabuk,Medium,Beverages,5108.0,57,Visa,3.8,8.53856321715243,2024,6,Wednesday,89.61,MEDIUM,2024Q2,0,Medium CSAT,0
2026-04-28,Al Olaya,Riyadh,Large,Snacks & Confectionery,10241.0,132,Mastercard,3.9,9.234154550075438,2026,4,Tuesday,77.58,HIGH,2026Q2,0,Medium CSAT,0
2024-10-28,Riyadh East,Riyadh,Large,Dairy,6339.49,66,Mada,3.8,8.75455360255529,2024,10,Monday,96.05,MEDIUM,2024Q4,0,Medium CSAT,1
2024-06-13,Khamis Mushait,Asir,Small,Household,2627.91,50,Cash,3.1,7.873944132442731,2024,6,Thursday,52.56,LOW,2024Q2,0,Medium CSAT,0
2025-12-22,Najran Central,Najran,Medium,Baby Products,4723.66,50,STC Pay,3.5,8.46033920182276,2025,12,Monday,94.47,LOW,2025Q4,0,Medium CSAT,0
2024-02-24,Jeddah South,Makkah,Large,Bakery,8565.51,100,Mastercard,3.7,9.055498953644001,2024,2,Saturday,85.66,MEDIUM,2024Q1,1,Medium CSAT,0
2025-11-07,Al Anbariyah,Madinah,Large,Bakery,10015.42,109,Visa,3.2,9.211881184314942,2025,11,Friday,91.88,HIGH,2025Q4,1,Medium CSAT,0
2024-06-06,Al Bahah Central,Al Bahah,Small,Electronics,2311.85,50,Apple Pay,3.3,7.745803348794808,2024,6,Thursday,46.24,LOW,2024Q2,0,Medium CSAT,1
2024-01-27,Al Olaya,Riyadh,Large,Clothing,14863.71,153,Mada,3.5,9.606677950637243,2024,1,Saturday,97.15,HIGH,2024Q1,1,Medium CSAT,1
2024-11-11,Hittin,Riyadh,XLarge,Beverages,18782.84,255,Mada,3.8,9.840698966036086,2024,11,Monday,73.66,HIGH,2024Q4,0,Medium CSAT,1
2025-01-25,Abha Central,Asir,Small,Beverages,2770.87,50,Mada,3.3,7.92691662929115,2025,1,Saturday,55.42,LOW,2025Q1,1,Medium CSAT,1
2026-05-07,Madinah Central,Madinah,Small,Electronics,2808.63,50,Mastercard,3.9,7.94045209895535,2026,5,Thursday,56.17,LOW,2026Q2,0,Medium CSAT,0
2025-02-27,Unaizah,Qassim,Small,Personal Care,2780.9,50,Apple Pay,3.8,7.930529895299065,2025,2,Thursday,55.62,LOW,2025Q1,0,Medium CSAT,1
2025-03-04,Buraidah Central,Qassim,Medium,Toys,9201.130000000001,120,Visa,3.8,9.127081581581582,2025,3,Tuesday,76.68,MEDIUM,2025Q1,0,Medium CSAT,0
2026-05-24,Bisha,Asir,Medium,Household,8142.94,94,Apple Pay,4.1,9.004906573148201,2026,5,Sunday,86.63,MEDIUM,2026Q2,0,High CSAT,1
2024-05-03,Jeddah North,Makkah,XLarge,Beverages,23625.89,327,Mada,4.1,10.070098423610045,2024,5,Friday,72.25,HIGH,2024Q2,1,High CSAT,1
2025-03-09,Riyadh East,Riyadh,Large,Toys,16728.89,155,Apple Pay,4.1,9.72489244390169,2025,3,Sunday,107.93,HIGH,2025Q1,0,High CSAT,1
2026-05-04,Jeddah North,Makkah,XLarge,Dairy,13918.41,189,Apple Pay,4.4,9.540967703226405,2026,5,Monday,73.64,HIGH,2026Q2,0,High CSAT,1
2026-05-27,Jubail,Eastern Province,Large,Beverages,7647.07,103,Apple Pay,4.1,8.942077846918897,2026,5,Wednesday,74.24,MEDIUM,2026Q2,0,High CSAT,1
2026-03-11,Buraidah Central,Qassim,Medium,Meat & Poultry,6117.1,50,Visa,3.8,8.718843406991889,2026,3,Wednesday,122.34,MEDIUM,2026Q1,0,Medium CSAT,0
2025-07-30,Al Olaya,Riyadh,Large,Frozen Foods,10020.31,130,STC Pay,2.9,9.212369312284034,2025,7,Wednesday,77.08,HIGH,2025Q3,0,Low CSAT,0
2024-09-27,Tabuk Central,Tabuk,Medium,Beverages,5634.35,69,Cash,3.8,8.636637069332476,2024,9,Friday,81.66,MEDIUM,2024Q3,1,Medium CSAT,0
2024-02-09,Bisha,Asir,Medium,Cleaning Supplies,4687.28,64,Cash,4.0,8.45260773584393,2024,2,Friday,73.24,LOW,2024Q1,1,Medium CSAT,0
2024-10-02,Najran Central,Najran,Medium,Electronics,9164.86,79,Mada,3.7,9.123131884652496,2024,10,Wednesday,116.01,MEDIUM,2024Q4,0,Medium CSAT,1
2024-08-21,Al Olaya,Riyadh,Large,Baby Products,8629.45,80,Apple Pay,4.3,9.062936050876221,2024,8,Wednesday,107.87,MEDIUM,2024Q3,0,High CSAT,1
2026-01-16,Dammam Central,Eastern Province,Large,Clothing,14353.19,109,Mada,4.1,9.571727496134429,2026,1,Friday,131.68,HIGH,2026Q1,1,High CSAT,1
2025-01-17,Buraidah Central,Qassim,Medium,Household,7876.22,68,Mada,3.2,8.971603372329792,2025,1,Friday,115.83,MEDIUM,2025Q1,1,Medium CSAT,1
2025-02-17,Al Jawf Central,Al Jawf,Small,Snacks & Confectionery,1379.4,50,Cash,3.9,7.229403900997191,2025,2,Monday,27.59,LOW,2025Q1,0,Medium CSAT,0
2024-09-12,Riyadh South,Riyadh,Large,Electronics,11068.32,80,Mada,4.5,9.311842252668123,2024,9,Thursday,138.35,HIGH,2024Q3,0,High CSAT,1
2026-04-23,Abha Central,Asir,Small,Meat & Poultry,3361.79,50,Mastercard,3.6,8.120228849197927,2026,4,Thursday,67.24,LOW,2026Q2,0,Medium CSAT,0
2024-06-30,Hail Central,Hail,Small,Beverages,3259.63,50,Mada,4.1,8.089368970986973,2024,6,Sunday,65.19,LOW,2024Q2,0,High CSAT,1
2026-02-05,Al Anbariyah,Madinah,Large,Fresh Produce,10835.65,97,Cash,4.2,9.290596902941736,2026,2,Thursday,111.71,HIGH,2026Q1,0,High CSAT,0
2026-05-27,Al Rawdah,Makkah,Large,Bakery,6521.73,76,Mada,3.2,8.782894957148264,2026,5,Wednesday,85.81,MEDIUM,2026Q2,0,Medium CSAT,1
2024-01-21,Al Jawf Central,Al Jawf,Small,Baby Products,4074.94,50,Mada,3.8,8.312611301640185,2024,1,Sunday,81.5,LOW,2024Q1,0,Medium CSAT,1
2024-08-17,Riyadh Central,Riyadh,Large,Snacks & Confectionery,10905.09,122,Tabby,4.0,9.296984931696583,2024,8,Saturday,89.39,HIGH,2024Q3,1,Medium CSAT,0
2025-03-09,Dammam Central,Eastern Province,Large,Snacks & Confectionery,22621.94,271,Mada,3.6,10.026675510802423,2025,3,Sunday,83.48,HIGH,2025Q1,0,Medium CSAT,1
2025-08-21,Bisha,Asir,Medium,Household,4365.96,50,Apple Pay,4.3,8.381593375363844,2025,8,Thursday,87.32,LOW,2025Q3,0,High CSAT,1
2025-07-28,Abha Central,Asir,Small,Personal Care,2191.14,50,Cash,4.7,7.692177235317669,2025,7,Monday,43.82,LOW,2025Q3,0,High CSAT,0
2024-10-10,Jubail,Eastern Province,Large,Toys,9879.65,99,Mada,4.3,9.198232365013215,2024,10,Thursday,99.79,MEDIUM,2024Q4,0,High CSAT,1
2025-06-13,Jeddah North,Makkah,XLarge,Cleaning Supplies,18907.14,272,Apple Pay,3.5,9.847294907485454,2025,6,Friday,69.51,HIGH,2025Q2,1,Medium CSAT,1
2026-01-08,Makkah City,Makkah,Large,Beverages,6837.64,73,STC Pay,3.5,8.830197921840547,2026,1,Thursday,93.67,MEDIUM,2026Q1,0,Medium CSAT,0
2025-02-01,Bisha,Asir,Medium,Personal Care,8000.36,100,Apple Pay,3.5,8.987241819649503,2025,2,Saturday,80.0,MEDIUM,2025Q1,1,Medium CSAT,1
2025-10-15,Unaizah,Qassim,Small,Cleaning Supplies,2322.74,50,Visa,4.1,7.750502802270523,2025,10,Wednesday,46.45,LOW,2025Q4,0,High CSAT,0
2026-05-10,Jeddah South,Makkah,Large,Household,15401.51,141,Mada,3.8,9.642220835542995,2026,5,Sunday,109.23,HIGH,2026Q2,0,Medium CSAT,1
2025-11-27,Jeddah East,Makkah,Large,Clothing,17452.27,134,Mada,3.2,9.767225005130014,2025,11,Thursday,130.24,HIGH,2025Q4,0,Medium CSAT,1
2025-04-28,Riyadh West,Riyadh,Large,Household,14746.29,169,Mada,3.4,9.598746804706412,2025,4,Monday,87.26,HIGH,2025Q2,0,Medium CSAT,1
2025-02-27,Dhahran,Eastern Province,XLarge,Fresh Produce,10933.43,113,Mada,3.6,9.299580347128455,2025,2,Thursday,96.76,HIGH,2025Q1,0,Medium CSAT,1
2024-05-26,Arar Central,Northern Borders,Small,Fresh Produce,2779.73,50,Mada,3.9,7.930109079665848,2024,5,Sunday,55.59,LOW,2024Q2,0,Medium CSAT,1
2024-11-16,Jeddah East,Makkah,Large,Electronics,24751.65,173,Apple Pay,4.1,10.116647432441379,2024,11,Saturday,143.07,HIGH,2024Q4,1,High CSAT,1
2026-03-15,Al Bahah Central,Al Bahah,Small,Fresh Produce,3685.38,50,Visa,4.2,8.212128920066695,2026,3,Sunday,73.71,LOW,2026Q1,0,High CSAT,0
2025-03-15,Bisha,Asir,Medium,Meat & Poultry,17376.43,128,Mada,3.8,9.76286996920463,2025,3,Saturday,135.75,HIGH,2025Q1,1,Medium CSAT,1
2026-02-14,Jubail,Eastern Province,Large,Fresh Produce,15414.58,183,Visa,3.8,9.643069093760289,2026,2,Saturday,84.23,HIGH,2026Q1,1,Medium CSAT,0
2024-08-19,Madinah North,Madinah,Large,Meat & Poultry,11725.0,90,Mada,3.6,9.36947859331448,2024,8,Monday,130.28,HIGH,2024Q3,0,Medium CSAT,1
2024-11-01,Riyadh East,Riyadh,Large,Beverages,15952.38,99,Visa,3.7,9.677363313382287,2024,11,Friday,161.14,HIGH,2024Q4,1,Medium CSAT,0
2025-12-04,Al Wajh,Tabuk,Medium,Meat & Poultry,9355.69,98,Mada,4.2,9.143739993337261,2025,12,Thursday,95.47,MEDIUM,2025Q4,0,High CSAT,1
2024-01-20,Bisha,Asir,Medium,Frozen Foods,5929.42,57,Mastercard,4.7,8.687681679451114,2024,1,Saturday,104.02,MEDIUM,2024Q1,1,High CSAT,0
2024-06-22,Al Jawf Central,Al Jawf,Small,Toys,2517.0,50,Mada,3.2,7.830822995135316,2024,6,Saturday,50.34,LOW,2024Q2,1,Medium CSAT,1
2025-08-31,Riyadh South,Riyadh,Large,Clothing,20665.36,190,Cash,3.3,9.936214147553832,2025,8,Sunday,108.77,HIGH,2025Q3,0,Medium CSAT,0
2024-11-04,Riyadh Central,Riyadh,Large,Fresh Produce,9635.67,107,Visa,4.4,9.173227116572992,2024,11,Monday,90.05,MEDIUM,2024Q4,0,High CSAT,0
2025-03-04,Makkah City,Makkah,Large,Fresh Produce,16977.97,205,Cash,3.9,9.739671900303774,2025,3,Tuesday,82.82,HIGH,2025Q1,0,Medium CSAT,0
2025-09-15,Al Aziziyah,Makkah,Large,Dairy,6821.57,86,Mada,3.9,8.82784492962293,2025,9,Monday,79.32,MEDIUM,2025Q3,0,Medium CSAT,1
2024-10-29,Tabuk Central,Tabuk,Medium,Household,4647.01,54,Mastercard,3.5,8.443979281008637,2024,10,Tuesday,86.06,LOW,2024Q4,0,Medium CSAT,0
2025-11-18,Riyadh Central,Riyadh,Large,Fresh Produce,8120.54,92,Mada,3.8,9.002151933407587,2025,11,Tuesday,88.27,MEDIUM,2025Q4,0,Medium CSAT,1
2026-03-09,Al Malaz,Riyadh,Large,Frozen Foods,9451.07,90,Mada,3.9,9.153883241591265,2026,3,Monday,105.01,MEDIUM,2026Q1,0,Medium CSAT,1
2024-09-27,Al Khobar,Eastern Province,Large,Fresh Produce,12139.63,117,Cash,5.0,9.40423058638956,2024,9,Friday,103.76,HIGH,2024Q3,1,High CSAT,0
2025-01-03,Al Khobar,Eastern Province,Large,Dairy,12142.98,166,Cash,3.8,9.404506504013016,2025,1,Friday,73.15,HIGH,2025Q1,1,Medium CSAT,0
2025-11-10,Makkah City,Makkah,Large,Dairy,9651.34,139,Tabby,3.7,9.174852044796486,2025,11,Monday,69.43,MEDIUM,2025Q4,0,Medium CSAT,0
2026-01-20,Dammam Central,Eastern Province,Large,Snacks & Confectionery,6407.17,68,Mada,4.1,8.765172954766022,2026,1,Tuesday,94.22,MEDIUM,2026Q1,0,High CSAT,1
2025-12-07,Khamis Mushait,Asir,Small,Snacks & Confectionery,3828.17,50,Apple Pay,3.5,8.250142161200142,2025,12,Sunday,76.56,LOW,2025Q4,0,Medium CSAT,1
2024-05-15,Hittin,Riyadh,XLarge,Electronics,25184.22,228,Mada,3.5,10.133972886884184,2024,5,Wednesday,110.46,HIGH,2024Q2,0,Medium CSAT,1
2024-07-04,Hail Central,Hail,Small,Frozen Foods,2227.84,50,Apple Pay,3.9,7.708787785183019,2024,7,Thursday,44.56,LOW,2024Q3,0,Medium CSAT,1
2025-05-09,Makkah City,Makkah,Large,Fresh Produce,14410.4,154,Cash,3.8,9.575705447109348,2025,5,Friday,93.57,HIGH,2025Q2,1,Medium CSAT,0
2026-02-24,Buraidah Central,Qassim,Medium,Frozen Foods,4846.63,50,Tabby,4.1,8.486038897053781,2026,2,Tuesday,96.93,LOW,2026Q1,0,High CSAT,0
2025-06-15,Qatif,Eastern Province,XLarge,Toys,22180.98,195,Mastercard,4.0,10.00699044387778,2025,6,Sunday,113.75,HIGH,2025Q2,0,Medium CSAT,0
2024-06-01,Khamis Mushait,Asir,Small,Household,3925.16,99,Cash,4.0,8.275162393716876,2024,6,Saturday,39.65,LOW,2024Q2,1,Medium CSAT,0
2025-06-01,Jeddah South,Makkah,Large,Snacks & Confectionery,13096.51,183,Cash,3.5,9.480101061481465,2025,6,Sunday,71.57,HIGH,2025Q2,0,Medium CSAT,0
2024-02-21,Dammam Central,Eastern Province,Large,Household,9722.27,92,Apple Pay,3.8,9.182174409283126,2024,2,Wednesday,105.68,MEDIUM,2024Q1,0,Medium CSAT,1
2025-04-15,Al Malaz,Riyadh,Large,Personal Care,11637.33,102,Mada,3.3,9.361973313530182,2025,4,Tuesday,114.09,HIGH,2025Q2,0,Medium CSAT,1
2024-04-15,Riyadh North,Riyadh,Large,Electronics,15035.17,117,Apple Pay,4.8,9.618147402309155,2024,4,Monday,128.51,HIGH,2024Q2,0,High CSAT,1
2025-06-04,Dhahran,Eastern Province,XLarge,Clothing,19734.44,168,Mada,4.3,9.890120611712584,2025,6,Wednesday,117.47,HIGH,2025Q2,0,High CSAT,1
2024-12-05,Arar Central,Northern Borders,Small,Personal Care,2928.42,50,Mastercard,2.9,7.982218307417243,2024,12,Thursday,58.57,LOW,2024Q4,0,Low CSAT,0
2024-04-26,Hail Central,Hail,Small,Clothing,3400.79,50,Mada,3.8,8.131763036555665,2024,4,Friday,68.02,LOW,2024Q2,1,Medium CSAT,1
2025-01-17,Buraidah Central,Qassim,Medium,Electronics,9681.73,64,Cash,3.3,9.177995883310547,2025,1,Friday,151.28,MEDIUM,2025Q1,1,Medium CSAT,0
2024-04-19,Tabuk Central,Tabuk,Medium,Fresh Produce,6631.23,62,Apple Pay,4.0,8.799545586335125,2024,4,Friday,106.96,MEDIUM,2024Q2,1,Medium CSAT,1
2026-01-03,Al Aziziyah,Makkah,Large,Frozen Foods,12322.51,114,Visa,4.5,9.419182950102838,2026,1,Saturday,108.09,HIGH,2026Q1,1,High CSAT,0
2025-07-20,Riyadh South,Riyadh,Large,Snacks & Confectionery,13910.72,168,Visa,3.8,9.540415044900707,2025,7,Sunday,82.8,HIGH,2025Q3,0,Medium CSAT,0
2025-12-09,Jeddah East,Makkah,Large,Frozen Foods,11098.51,107,Mada,3.8,9.31456614405597,2025,12,Tuesday,103.72,HIGH,2025Q4,0,Medium CSAT,1
2025-01-28,Al Jawf Central,Al Jawf,Small,Personal Care,2076.07,50,Mada,3.1,7.638231962407105,2025,1,Tuesday,41.52,LOW,2025Q1,0,Medium CSAT,1
2024-12-17,Bisha,Asir,Medium,Beverages,6625.8,66,Mada,3.6,8.79872639828114,2024,12,Tuesday,100.39,MEDIUM,2024Q4,0,Medium CSAT,1
2026-05-13,Dhahran,Eastern Province,Large,Snacks & Confectionery,9201.130000000001,210,STC Pay,3.4,9.127081581581582,2026,5,Wednesday,43.81,MEDIUM,2026Q2,0,Medium CSAT,0
2024-07-24,Al Rawdah,Makkah,Large,Toys,7941.24,89,STC Pay,4.2,8.97982471333235,2024,7,Wednesday,89.23,MEDIUM,2024Q3,0,High CSAT,0
2025-05-30,Jeddah East,Makkah,Large,Clothing,15366.71,144,Apple Pay,3.8,9.63995876026927,2025,5,Friday,106.71,HIGH,2025Q2,1,Medium CSAT,1
2025-08-19,Najran Central,Najran,Medium,Clothing,6136.72,51,Mastercard,4.0,8.72204567645009,2025,8,Tuesday,120.33,MEDIUM,2025Q3,0,Medium CSAT,0
2026-04-07,Al Wajh,Tabuk,Medium,Fresh Produce,4316.85,50,Cash,3.5,8.370281248600175,2026,4,Tuesday,86.34,LOW,2026Q2,0,Medium CSAT,0
2024-07-23,Riyadh South,Riyadh,Large,Frozen Foods,7454.42,101,Mastercard,3.9,8.916562424038114,2024,7,Tuesday,73.81,MEDIUM,2024Q3,0,Medium CSAT,0
2024-07-27,Al Khobar,Eastern Province,Large,Electronics,21935.25,189,Cash,3.9,9.9958502108456,2024,7,Saturday,116.06,HIGH,2024Q3,1,Medium CSAT,0
2026-01-30,Madinah Central,Madinah,Small,Meat & Poultry,3544.09,50,Apple Pay,3.4,8.173036706436383,2026,1,Friday,70.88,LOW,2026Q1,1,Medium CSAT,1
2025-01-25,Riyadh South,Riyadh,Large,Baby Products,15131.77,171,Mada,3.2,9.62455178606035,2025,1,Saturday,88.49,HIGH,2025Q1,1,Medium CSAT,1
2024-01-14,Riyadh South,Riyadh,Large,Bakery,12042.93,184,Apple Pay,3.5,9.396233044738398,2024,1,Sunday,65.45,HIGH,2024Q1,0,Medium CSAT,1
2026-02-12,Abha Central,Asir,Small,Frozen Foods,2154.09,50,Mastercard,3.7,7.675123639573265,2026,2,Thursday,43.08,LOW,2026Q1,0,Medium CSAT,0
2024-10-28,Al Aziziyah,Makkah,Large,Baby Products,10898.67,86,Tabby,3.8,9.296396042423767,2024,10,Monday,126.73,HIGH,2024Q4,0,Medium CSAT,0
2025-03-14,Riyadh East,Riyadh,Large,Dairy,14764.74,159,Apple Pay,3.6,9.599997184812008,2025,3,Friday,92.86,HIGH,2025Q1,1,Medium CSAT,1
2024-12-04,Riyadh Central,Riyadh,Large,Baby Products,12760.94,99,STC Pay,3.8,9.454144221897048,2024,12,Wednesday,128.9,HIGH,2024Q4,0,Medium CSAT,0
2024-08-13,Buraidah Central,Qassim,Medium,Household,6402.14,71,Mada,3.4,8.764387588456902,2024,8,Tuesday,90.17,MEDIUM,2024Q3,0,Medium CSAT,1
2024-08-14,Hafuf,Eastern Province,Medium,Fresh Produce,7291.0,59,Mada,3.7,8.89439598980643,2024,8,Wednesday,123.58,MEDIUM,2024Q3,0,Medium CSAT,1
2025-05-01,Buraidah Central,Qassim,Medium,Snacks & Confectionery,5764.16,83,Cash,3.6,8.659414715235194,2025,5,Thursday,69.45,MEDIUM,2025Q2,0,Medium CSAT,0
2024-02-10,Madinah North,Madinah,Large,Dairy,12762.07,186,STC Pay,3.4,9.454232769446943,2024,2,Saturday,68.61,HIGH,2024Q1,1,Medium CSAT,0
2024-09-19,Khamis Mushait,Asir,Small,Dairy,2122.18,50,Apple Pay,3.1,7.66019914121263,2024,9,Thursday,42.44,LOW,2024Q3,0,Medium CSAT,1
2025-05-13,Hail Central,Hail,Small,Cleaning Supplies,1346.1,50,Visa,4.1,7.204966801650047,2025,5,Tuesday,26.92,LOW,2025Q2,0,High CSAT,0
2024-06-20,Al Olaya,Riyadh,Large,Frozen Foods,11274.43,129,Visa,3.9,9.330292608769241,2024,6,Thursday,87.4,HIGH,2024Q2,0,Medium CSAT,0
2025-12-02,Al Rawdah,Makkah,Large,Fresh Produce,10448.71,117,Mastercard,4.3,9.254233804796922,2025,12,Tuesday,89.31,HIGH,2025Q4,0,High CSAT,0
2025-10-24,Al Wajh,Tabuk,Medium,Electronics,11294.81,99,Cash,3.8,9.332098607158139,2025,10,Friday,114.09,HIGH,2025Q4,1,Medium CSAT,0
2024-02-25,Riyadh West,Riyadh,Large,Bakery,8346.47,92,Apple Pay,3.7,9.02959397396801,2024,2,Sunday,90.72,MEDIUM,2024Q1,0,Medium CSAT,1
2025-02-21,Al Anbariyah,Madinah,Large,Clothing,13378.26,113,Cash,3.6,9.501386280382606,2025,2,Friday,118.39,HIGH,2025Q1,1,Medium CSAT,0
2026-02-13,Riyadh West,Riyadh,Large,Electronics,18213.39,159,Mada,3.8,9.809912316845514,2026,2,Friday,114.55,HIGH,2026Q1,1,Medium CSAT,1
2024-04-18,Al Jawf Central,Al Jawf,Small,Toys,2626.38,50,Mada,4.0,7.873361751172096,2024,4,Thursday,52.53,LOW,2024Q2,0,Medium CSAT,1
2025-04-30,Riyadh North,Riyadh,Large,Bakery,7899.99,115,Apple Pay,3.6,8.974616772631526,2025,4,Wednesday,68.7,MEDIUM,2025Q2,0,Medium CSAT,1
2024-10-29,Unaizah,Qassim,Small,Fresh Produce,2834.26,50,STC Pay,3.8,7.94953615916175,2024,10,Tuesday,56.69,LOW,2024Q4,0,Medium CSAT,0
2024-01-12,Abha Central,Asir,Small,Fresh Produce,9201.130000000001,50,Cash,3.0,9.127081581581582,2024,1,Friday,184.02,MEDIUM,2024Q1,1,Low CSAT,0
2025-07-04,Bisha,Asir,Medium,Fresh Produce,6005.37,58,Mastercard,3.8,8.700409347936505,2025,7,Friday,103.54,MEDIUM,2025Q3,1,Medium CSAT,0
2024-05-25,Al Jawf Central,Al Jawf,Small,Bakery,2150.82,50,Mada,3.3,7.673604443757827,2024,5,Saturday,43.02,LOW,2024Q2,1,Medium CSAT,1
2025-11-18,Jeddah East,Makkah,Large,Fresh Produce,11018.3,153,STC Pay,3.8,9.307312805834064,2025,11,Tuesday,72.02,HIGH,2025Q4,0,Medium CSAT,0
2024-10-24,Riyadh West,Riyadh,Large,Bakery,9770.5,114,Visa,3.8,9.187122920799998,2024,10,Thursday,85.71,MEDIUM,2024Q4,0,Medium CSAT,0
2024-12-31,Qatif,Eastern Province,XLarge,Clothing,19098.38,139,Visa,4.3,9.85735879368365,2024,12,Tuesday,137.4,HIGH,2024Q4,0,High CSAT,0
2024-12-02,Hail Central,Hail,Small,Dairy,2270.9,99,Visa,3.4,7.727931507670624,2024,12,Monday,22.94,LOW,2024Q4,0,Medium CSAT,0
2026-04-07,Abha Central,Asir,Small,Beverages,2211.65,99,Mada,3.7,7.701494122274777,2026,4,Tuesday,22.34,LOW,2026Q2,0,Medium CSAT,1
2024-10-10,Al Wajh,Tabuk,Medium,Fresh Produce,6528.76,79,STC Pay,4.4,8.783972311436106,2024,10,Thursday,82.64,MEDIUM,2024Q4,0,High CSAT,0
2025-04-01,Arar Central,Northern Borders,Small,Dairy,2134.1,50,Mada,3.0,7.6658002911199254,2025,4,Tuesday,42.68,LOW,2025Q2,0,Low CSAT,1
2025-07-05,Makkah City,Makkah,Large,Frozen Foods,10941.01,130,Mastercard,3.3,9.30027339346961,2025,7,Saturday,84.16,HIGH,2025Q3,1,Medium CSAT,0
2026-05-19,Riyadh North,Riyadh,Large,Electronics,13046.38,103,Mada,3.1,9.476265979633816,2026,5,Tuesday,126.66,HIGH,2026Q2,0,Medium CSAT,1
2025-07-10,Al Anbariyah,Madinah,Large,Household,12661.12,134,Cash,3.3,9.446291159399673,2025,7,Thursday,94.49,HIGH,2025Q3,0,Medium CSAT,0
2024-08-16,Bisha,Asir,Medium,Personal Care,7723.6,92,Cash,3.6,8.952035855568385,2024,8,Friday,83.95,MEDIUM,2024Q3,1,Medium CSAT,0
2025-05-29,Abha Central,Asir,Small,Bakery,1364.26,50,Tamara,3.6,7.218367436074295,2025,5,Thursday,27.29,LOW,2025Q2,0,Medium CSAT,0
2026-02-14,Jeddah South,Makkah,Large,Beverages,12443.65,127,STC Pay,3.2,9.428965731617485,2026,2,Saturday,97.98,HIGH,2026Q1,1,Medium CSAT,0
2025-01-02,Najran Central,Najran,Medium,Frozen Foods,3679.83,50,Mada,2.9,8.210621834443751,2025,1,Thursday,73.6,LOW,2025Q1,0,Low CSAT,1
2024-02-13,Madinah Central,Madinah,Small,Household,2360.63,50,Mada,4.3,7.766683811547613,2024,2,Tuesday,47.21,LOW,2024Q1,0,High CSAT,1
2025-10-26,Riyadh East,Riyadh,Large,Fresh Produce,13502.98,143,Apple Pay,3.4,9.510665680807609,2025,10,Sunday,94.43,HIGH,2025Q4,0,Medium CSAT,1
2025-08-15,Al Anbariyah,Madinah,Large,Fresh Produce,12037.84,141,Mada,3.4,9.395810300774993,2025,8,Friday,85.37,HIGH,2025Q3,1,Medium CSAT,1
2024-09-14,Buraidah Central,Qassim,Medium,Cleaning Supplies,6046.2,78,Mada,3.2,8.707185254514412,2024,9,Saturday,77.52,MEDIUM,2024Q3,1,Medium CSAT,1
2025-05-13,Hafuf,Eastern Province,Medium,Cleaning Supplies,4640.05,50,STC Pay,3.5,8.44248042102431,2025,5,Tuesday,92.8,LOW,2025Q2,0,Medium CSAT,0
2025-10-20,Al Jawf Central,Al Jawf,Small,Fresh Produce,1937.32,50,Visa,3.7,7.569060853685923,2025,10,Monday,38.75,LOW,2025Q4,0,Medium CSAT,0
2025-11-07,Hittin,Riyadh,Large,Fresh Produce,18187.82,241,Mada,3.7,9.808507418260785,2025,11,Friday,75.47,HIGH,2025Q4,1,Medium CSAT,1
2025-10-24,Jeddah South,Makkah,Large,Electronics,22129.43,139,Visa,3.8,10.004663675822282,2025,10,Friday,159.2,HIGH,2025Q4,1,Medium CSAT,0
2024-05-17,Jeddah South,Makkah,Large,Electronics,18164.36,143,Cash,3.8,9.807216711444473,2024,5,Friday,127.02,HIGH,2024Q2,1,Medium CSAT,0
2025-09-05,Bisha,Asir,Medium,Clothing,10181.27,101,Mastercard,4.1,9.22830503674376,2025,9,Friday,100.8,HIGH,2025Q3,1,High CSAT,0
2024-03-28,Al Khobar,Eastern Province,Large,Personal Care,13932.67,144,Mada,3.9,9.541991721055956,2024,3,Thursday,96.75,HIGH,2024Q1,0,Medium CSAT,1
2026-03-24,Jeddah North,Makkah,Large,Frozen Foods,17408.17,207,Visa,4.4,9.764694915232985,2026,3,Tuesday,84.1,HIGH,2026Q1,0,High CSAT,0
2026-01-11,Jeddah South,Makkah,Large,Cleaning Supplies,12179.46,162,Cash,3.6,9.407506205305694,2026,1,Sunday,75.18,HIGH,2026Q1,0,Medium CSAT,0
2024-07-26,Riyadh North,Riyadh,Large,Cleaning Supplies,9988.76,137,Apple Pay,3.9,9.209215739814438,2024,7,Friday,72.91,MEDIUM,2024Q3,1,Medium CSAT,1
2024-06-30,Al Olaya,Riyadh,Large,Personal Care,12614.98,108,Apple Pay,3.6,9.442640275659711,2024,6,Sunday,116.81,HIGH,2024Q2,0,Medium CSAT,1
2025-11-06,Najran Central,Najran,Medium,Personal Care,4894.34,58,STC Pay,3.8,8.495834714413357,2025,11,Thursday,84.39,LOW,2025Q4,0,Medium CSAT,0
2025-06-18,Al Wajh,Tabuk,Medium,Cleaning Supplies,3720.2,99,Mada,4.2,8.221532709262851,2025,6,Wednesday,37.58,LOW,2025Q2,0,High CSAT,1
2024-12-24,Khamis Mushait,Asir,Small,Frozen Foods,2550.51,50,Mastercard,3.4,7.8440486181551385,2024,12,Tuesday,51.01,LOW,2024Q4,0,Medium CSAT,0
2025-03-11,Al Olaya,Riyadh,Large,Beverages,10943.11,114,Apple Pay,3.6,9.300465313456014,2025,3,Tuesday,95.99,HIGH,2025Q1,0,Medium CSAT,1
2024-09-20,Tabuk Central,Tabuk,Medium,Toys,5597.72,65,Visa,4.6,8.630114650960941,2024,9,Friday,86.12,MEDIUM,2024Q3,1,High CSAT,0
2025-06-16,Hittin,Riyadh,XLarge,Fresh Produce,13265.87,124,Mada,3.8,9.492949850550074,2025,6,Monday,106.98,HIGH,2025Q2,0,Medium CSAT,1
2024-09-24,Al Anbariyah,Madinah,Large,Beverages,10648.6,118,Mada,4.0,9.273183707097491,2024,9,Tuesday,90.24,HIGH,2024Q3,0,Medium CSAT,1
2026-02-12,Bisha,Asir,Medium,Household,4422.22,50,Mada,3.4,8.39439711142362,2026,2,Thursday,88.44,LOW,2026Q1,0,Medium CSAT,1
2025-08-14,Dhahran,Eastern Province,XLarge,Toys,16108.29,185,Apple Pay,3.8,9.687089325285818,2025,8,Thursday,87.07,HIGH,2025Q3,0,Medium CSAT,1
2026-02-04,Hittin,Riyadh,XLarge,Frozen Foods,12493.59,167,Cash,3.3,9.432970991763506,2026,2,Wednesday,74.81,HIGH,2026Q1,0,Medium CSAT,0
2024-06-13,Riyadh South,Riyadh,Large,Clothing,11058.37,107,Apple Pay,3.8,9.310942886276614,2024,6,Thursday,103.35,HIGH,2024Q2,0,Medium CSAT,1
2025-09-06,Najran Central,Najran,Medium,Electronics,10418.99,71,Cash,4.2,9.251385381626715,2025,9,Saturday,146.75,HIGH,2025Q3,1,High CSAT,0
2025-09-20,Bisha,Asir,Medium,Dairy,7198.61,106,Cash,3.9,8.881643230810969,2025,9,Saturday,67.91,MEDIUM,2025Q3,1,Medium CSAT,0
2025-10-17,Jeddah East,Makkah,Large,Electronics,18714.87,164,STC Pay,3.5,9.837073674014643,2025,10,Friday,114.12,HIGH,2025Q4,1,Medium CSAT,0
2025-06-12,Al Jawf Central,Al Jawf,Small,Personal Care,2456.56,50,Mada,3.6,7.806517276305329,2025,6,Thursday,49.13,LOW,2025Q2,0,Medium CSAT,1
2024-06-10,Riyadh Central,Riyadh,Large,Dairy,5696.03,68,Mastercard,3.6,8.647524719931875,2024,6,Monday,83.77,MEDIUM,2024Q2,0,Medium CSAT,0
2026-01-24,Riyadh Central,Riyadh,Large,Cleaning Supplies,13269.55,173,Mastercard,3.9,9.493227215673642,2026,1,Saturday,76.7,HIGH,2026Q1,1,Medium CSAT,0
2024-12-21,Hafuf,Eastern Province,Medium,Dairy,9537.13,124,Mada,4.3,9.162947880606907,2024,12,Saturday,76.91,MEDIUM,2024Q4,1,High CSAT,1
2024-06-28,Al Anbariyah,Madinah,Large,Fresh Produce,10584.12,97,Mada,3.8,9.267110043598999,2024,6,Friday,109.11,HIGH,2024Q2,1,Medium CSAT,1
2026-04-02,Hittin,Riyadh,Large,Bakery,17652.46,238,Apple Pay,4.0,9.778630429419941,2026,4,Thursday,74.17,HIGH,2026Q2,0,Medium CSAT,1
2025-07-30,Khamis Mushait,Asir,Small,Bakery,1682.49,99,Apple Pay,3.8,7.428030117964816,2025,7,Wednesday,16.99,LOW,2025Q3,0,Medium CSAT,1
2025-08-23,Arar Central,Northern Borders,Small,Beverages,3558.5,50,Mada,3.7,8.177094386739325,2025,8,Saturday,71.17,LOW,2025Q3,1,Medium CSAT,1
2026-03-30,Madinah Central,Madinah,Small,Baby Products,2308.21,50,Cash,3.3,7.74422761135713,2026,3,Monday,46.16,LOW,2026Q1,0,Medium CSAT,0
2024-09-11,Al Anbariyah,Madinah,Large,Fresh Produce,10487.51,104,Mada,3.6,9.257940304291097,2024,9,Wednesday,100.84,HIGH,2024Q3,0,Medium CSAT,1
2024-12-28,Jubail,Eastern Province,Large,Personal Care,14973.62,137,Mastercard,3.7,9.614045265147931,2024,12,Saturday,109.3,HIGH,2024Q4,1,Medium CSAT,0
2025-05-25,Al Aziziyah,Makkah,Large,Bakery,12005.45,143,Mada,3.9,9.393115992334339,2025,5,Sunday,83.95,HIGH,2025Q2,0,Medium CSAT,1
2024-06-08,Hafuf,Eastern Province,Medium,Fresh Produce,7731.59,71,Tabby,4.6,8.953069812538414,2024,6,Saturday,108.9,MEDIUM,2024Q2,1,High CSAT,0
2025-09-20,Al Bahah Central,Al Bahah,Small,Snacks & Confectionery,2224.75,50,Apple Pay,3.4,7.707399828736972,2025,9,Saturday,44.5,LOW,2025Q3,1,Medium CSAT,1
2025-05-17,Dammam Central,Eastern Province,Large,Frozen Foods,11199.58,127,Mada,4.1,9.323631556580043,2025,5,Saturday,88.19,HIGH,2025Q2,1,High CSAT,1
2024-02-25,Makkah City,Makkah,Large,Beverages,11593.07,160,Cash,3.3,9.358162784778628,2024,2,Sunday,72.46,HIGH,2024Q1,0,Medium CSAT,0
2025-04-13,Jeddah East,Makkah,Large,Toys,21397.69,221,Mastercard,4.5,9.971038251258344,2025,4,Sunday,96.82,HIGH,2025Q2,0,High CSAT,0
2025-11-21,Riyadh Central,Riyadh,Large,Personal Care,12140.47,118,Visa,3.8,9.404299778855846,2025,11,Friday,102.89,HIGH,2025Q4,1,Medium CSAT,0
2024-10-02,Madinah North,Madinah,Large,Personal Care,10570.53,99,Mada,4.3,9.26582521951829,2024,10,Wednesday,106.77,HIGH,2024Q4,0,High CSAT,1
2025-03-05,Al Rawdah,Makkah,Large,Meat & Poultry,19965.73,207,Mada,3.9,9.901772582815852,2025,3,Wednesday,96.45,HIGH,2025Q1,0,Medium CSAT,1
2026-04-13,Madinah Central,Madinah,Small,Dairy,1751.52,50,Mada,3.8,7.468239261356247,2026,4,Monday,35.03,LOW,2026Q2,0,Medium CSAT,1
2024-07-19,Khamis Mushait,Asir,Small,Baby Products,2459.43,50,Apple Pay,3.8,7.8076848947610475,2024,7,Friday,49.19,LOW,2024Q3,1,Medium CSAT,1
2025-06-30,Buraidah Central,Qassim,Medium,Frozen Foods,4630.17,50,Visa,4.2,8.44034886346886,2025,6,Monday,92.6,LOW,2025Q2,0,High CSAT,0
2025-02-11,Riyadh South,Riyadh,Large,Fresh Produce,6689.69,99,Mada,3.8,8.808322814231007,2025,2,Tuesday,67.57,MEDIUM,2025Q1,0,Medium CSAT,1
2024-09-23,Qatif,Eastern Province,XLarge,Household,16124.99,189,Mada,3.8,9.688125521508741,2024,9,Monday,85.32,HIGH,2024Q3,0,Medium CSAT,1
2025-02-25,Riyadh North,Riyadh,Large,Snacks & Confectionery,6187.83,89,Mada,3.3,8.730339738788107,2025,2,Tuesday,69.53,MEDIUM,2025Q1,0,Medium CSAT,1
2026-03-10,Jeddah East,Makkah,Large,Dairy,7817.96,98,Apple Pay,3.5,8.964178929941756,2026,3,Tuesday,79.78,MEDIUM,2026Q1,0,Medium CSAT,1
2024-03-21,Hail Central,Hail,Small,Dairy,2960.91,50,Cash,4.0,7.993251932502871,2024,3,Thursday,59.22,LOW,2024Q1,0,Medium CSAT,0
2024-12-17,Jeddah South,Makkah,Large,Dairy,8269.58,94,Mada,3.8,9.020339000754689,2024,12,Tuesday,87.97,MEDIUM,2024Q4,0,Medium CSAT,1
2026-03-10,Hail Central,Hail,Small,Meat & Poultry,3319.0,50,Tabby,3.3,8.107418811719974,2026,3,Tuesday,66.38,LOW,2026Q1,0,Medium CSAT,0
2024-06-20,Tabuk Central,Tabuk,Medium,Electronics,5676.24,50,Mastercard,4.4,8.644044320684117,2024,6,Thursday,113.52,MEDIUM,2024Q2,0,High CSAT,0
2024-08-03,Al Malaz,Riyadh,Large,Fresh Produce,11335.9,103,STC Pay,3.6,9.335729959877831,2024,8,Saturday,110.06,HIGH,2024Q3,1,Medium CSAT,0
2024-01-27,Riyadh South,Riyadh,Large,Household,17566.18,210,Cash,3.7,9.773730741492761,2024,1,Saturday,83.65,HIGH,2024Q1,1,Medium CSAT,0
2024-11-12,Khamis Mushait,Asir,Small,Frozen Foods,1990.23,50,Cash,3.5,7.596005488929376,2024,11,Tuesday,39.8,LOW,2024Q4,0,Medium CSAT,0
2026-05-08,Buraidah Central,Qassim,Large,Electronics,7190.73,52,STC Pay,4.1,8.880547975463923,2026,5,Friday,138.28,MEDIUM,2026Q2,1,High CSAT,0
2024-10-05,Unaizah,Qassim,Small,Fresh Produce,3577.88,50,Visa,3.3,8.182525725216696,2024,10,Saturday,71.56,LOW,2024Q4,1,Medium CSAT,0
2025-10-08,Arar Central,Northern Borders,Small,Cleaning Supplies,2283.83,50,Visa,2.7,7.733609137182673,2025,10,Wednesday,45.68,LOW,2025Q4,0,Low CSAT,0
2025-07-06,Najran Central,Najran,Medium,Fresh Produce,5433.26,55,Mada,3.6,8.600294601103144,2025,7,Sunday,98.79,MEDIUM,2025Q3,0,Medium CSAT,1
2024-11-06,Jeddah North,Makkah,XLarge,Household,14964.95,165,Cash,3.9,9.613466079151916,2024,11,Wednesday,90.7,HIGH,2024Q4,0,Medium CSAT,0
2026-02-12,Al Bahah Central,Al Bahah,Small,Electronics,3000.71,50,Mada,4.1,8.006604206315776,2026,2,Thursday,60.01,LOW,2026Q1,0,High CSAT,1
2026-03-26,Madinah Central,Madinah,Small,Meat & Poultry,2206.12,99,Visa,3.4,7.6989905954328,2026,3,Thursday,22.28,LOW,2026Q1,0,Medium CSAT,0
2026-04-28,Khamis Mushait,Asir,Small,Dairy,2158.4,50,Mada,3.7,7.677122485453491,2026,4,Tuesday,43.17,LOW,2026Q2,0,Medium CSAT,1
2024-10-18,Dammam Central,Eastern Province,Large,Household,15589.95,141,Mada,4.0,9.654381754862587,2024,10,Friday,110.57,HIGH,2024Q4,1,Medium CSAT,1
2025-10-14,Hittin,Riyadh,XLarge,Beverages,15714.89,99,Mada,4.1,9.662363949525338,2025,10,Tuesday,158.74,HIGH,2025Q4,0,High CSAT,1
2024-01-20,Jubail,Eastern Province,Large,Baby Products,13097.67,100,Tabby,3.8,9.480189630774396,2024,1,Saturday,130.98,HIGH,2024Q1,1,Medium CSAT,0
2026-01-14,Hail Central,Hail,Small,Fresh Produce,1548.26,50,Mada,3.8,7.344886998702528,2026,1,Wednesday,30.97,LOW,2026Q1,0,Medium CSAT,1
2024-11-15,Tabuk Central,Tabuk,Medium,Beverages,7626.63,85,Mastercard,4.0,8.93940134912176,2024,11,Friday,89.73,MEDIUM,2024Q4,1,Medium CSAT,0
2024-02-27,Jeddah North,Makkah,XLarge,Meat & Poultry,15621.96,144,Mada,4.0,9.65643289567535,2024,2,Tuesday,108.49,HIGH,2024Q1,0,Medium CSAT,1
2026-04-16,Al Anbariyah,Madinah,Large,Electronics,16596.11,151,Mastercard,3.0,9.71692360953395,2026,4,Thursday,109.91,HIGH,2026Q2,0,Low CSAT,0
2026-01-25,Madinah North,Madinah,Large,Fresh Produce,16171.9,196,Cash,4.5,9.691030447214459,2026,1,Sunday,82.51,HIGH,2026Q1,0,High CSAT,0
2025-04-29,Al Rawdah,Makkah,Large,Baby Products,12470.53,139,Mada,3.7,9.43112353977571,2025,4,Tuesday,89.72,HIGH,2025Q2,0,Medium CSAT,1
2024-05-05,Buraidah Central,Qassim,Medium,Clothing,7286.88,55,STC Pay,3.1,8.893830749852516,2024,5,Sunday,132.49,MEDIUM,2024Q2,0,Medium CSAT,0
2024-04-25,Al Rawdah,Makkah,Large,Beverages,9945.93,94,Apple Pay,3.5,9.204918701244688,2024,4,Thursday,105.81,MEDIUM,2024Q2,0,Medium CSAT,1
2024-01-10,Madinah North,Madinah,Large,Personal Care,12156.69,137,Mastercard,3.6,9.40563491451857,2024,1,Wednesday,88.73,HIGH,2024Q1,0,Medium CSAT,0
2025-01-15,Jeddah North,Makkah,XLarge,Bakery,15055.76,200,Mastercard,3.4,9.619515921209269,2025,1,Wednesday,75.28,HIGH,2025Q1,0,Medium CSAT,0
2024-03-02,Riyadh South,Riyadh,Large,Fresh Produce,14073.1,158,Cash,4.7,9.552020452776764,2024,3,Saturday,89.07,HIGH,2024Q1,1,High CSAT,0
2024-08-26,Al Bahah Central,Al Bahah,Small,Household,1990.13,50,Mada,4.1,7.595955242218013,2024,8,Monday,39.8,LOW,2024Q3,0,High CSAT,1
2025-12-06,Riyadh North,Riyadh,Large,Frozen Foods,15265.94,156,Cash,3.4,9.633379482048058,2025,12,Saturday,97.86,HIGH,2025Q4,1,Medium CSAT,0
2025-07-26,Hail Central,Hail,Small,Toys,2869.81,50,Mada,3.2,7.96200110447162,2025,7,Saturday,57.4,LOW,2025Q3,1,Medium CSAT,1
2026-05-01,Dammam Central,Eastern Province,Large,Snacks & Confectionery,11280.12,118,Visa,4.3,9.330797163293337,2026,5,Friday,95.59,HIGH,2026Q2,1,High CSAT,0
2024-10-29,Hail Central,Hail,Small,Household,2958.48,50,Apple Pay,2.9,7.992430901911374,2024,10,Tuesday,59.17,LOW,2024Q4,0,Low CSAT,1
2025-09-26,Riyadh North,Riyadh,Large,Frozen Foods,14418.96,146,Mastercard,3.8,9.576299286185316,2025,9,Friday,98.76,HIGH,2025Q3,1,Medium CSAT,0
2026-04-18,Unaizah,Qassim,Small,Household,4160.68,50,Visa,3.3,8.333433801435389,2026,4,Saturday,83.21,LOW,2026Q2,1,Medium CSAT,0
2024-04-23,Jubail,Eastern Province,Large,Clothing,11376.07,80,STC Pay,3.6,9.339267305329294,2024,4,Tuesday,142.2,HIGH,2024Q2,0,Medium CSAT,0
2024-02-02,Jeddah East,Makkah,Large,Beverages,8838.56,87,Visa,4.1,9.086879246435105,2024,2,Friday,101.59,MEDIUM,2024Q1,1,High CSAT,0
2025-09-30,Buraidah Central,Qassim,Medium,Bakery,4497.46,56,Visa,3.3,8.411268071955233,2025,9,Tuesday,80.31,LOW,2025Q3,0,Medium CSAT,0
2024-01-14,Riyadh West,Riyadh,Large,Bakery,13108.98,174,STC Pay,4.4,9.481052770527258,2024,1,Sunday,75.34,HIGH,2024Q1,0,High CSAT,0
2025-01-04,Riyadh South,Riyadh,Large,Baby Products,9201.130000000001,152,Mada,4.1,9.127081581581582,2025,1,Saturday,60.53,MEDIUM,2025Q1,1,High CSAT,1
2026-04-23,Riyadh South,Riyadh,Large,Household,14487.87,158,Apple Pay,4.0,9.581067026579866,2026,4,Thursday,91.7,HIGH,2026Q2,0,Medium CSAT,1
2024-04-09,Buraidah Central,Qassim,Medium,Bakery,5551.41,70,Mada,3.8,8.621807228528267,2024,4,Tuesday,79.31,MEDIUM,2024Q2,0,Medium CSAT,1
2025-08-06,Madinah North,Madinah,Large,Fresh Produce,9820.75,119,Mada,4.2,9.192252773177527,2025,8,Wednesday,82.53,MEDIUM,2025Q3,0,High CSAT,1
2025-11-21,Hafuf,Eastern Province,Large,Clothing,8748.54,87,Mada,4.2,9.0766421082866,2025,11,Friday,100.56,MEDIUM,2025Q4,1,High CSAT,1
2025-07-17,Jeddah East,Makkah,Large,Meat & Poultry,10889.45,85,Tamara,3.5,9.295549709601078,2025,7,Thursday,128.11,HIGH,2025Q3,0,Medium CSAT,0
2025-07-17,Jubail,Eastern Province,Large,Dairy,10566.23,125,Apple Pay,3.9,9.265418345422228,2025,7,Thursday,84.53,HIGH,2025Q3,0,Medium CSAT,1
2026-04-25,Al Wajh,Tabuk,Medium,Personal Care,10611.96,114,Mada,3.9,9.269736945932772,2026,4,Saturday,93.09,HIGH,2026Q2,1,Medium CSAT,1
2025-01-03,Al Anbariyah,Madinah,Large,Beverages,13855.64,156,Mada,2.9,9.536447648940442,2025,1,Friday,88.82,HIGH,2025Q1,1,Low CSAT,1
2025-09-02,Al Khobar,Eastern Province,Large,Fresh Produce,7012.85,90,Cash,4.1,8.855499459458885,2025,9,Tuesday,77.92,MEDIUM,2025Q3,0,High CSAT,0
2024-01-23,Jubail,Eastern Province,Large,Baby Products,12026.39,129,STC Pay,3.8,9.394858680809254,2024,1,Tuesday,93.23,HIGH,2024Q1,0,Medium CSAT,0
2025-07-23,Al Jawf Central,Al Jawf,Small,Personal Care,2231.57,50,Mada,3.8,7.710460652611609,2025,7,Wednesday,44.63,LOW,2025Q3,0,Medium CSAT,1
2024-08-26,Madinah North,Madinah,Large,Dairy,6714.67,86,Visa,4.1,8.81204996404163,2024,8,Monday,78.08,MEDIUM,2024Q3,0,High CSAT,0
2026-01-21,Al Rawdah,Makkah,Large,Dairy,6323.84,78,Mada,4.3,8.752081897566542,2026,1,Wednesday,81.07,MEDIUM,2026Q1,0,High CSAT,1
2025-09-01,Al Olaya,Riyadh,Large,Electronics,14222.6,122,Mada,3.4,9.562587527712758,2025,9,Monday,116.58,HIGH,2025Q3,0,Medium CSAT,1
2026-02-28,Riyadh South,Riyadh,Large,Cleaning Supplies,10325.82,128,STC Pay,4.3,9.242402833561918,2026,2,Saturday,80.67,HIGH,2026Q1,1,High CSAT,0
2025-10-11,Riyadh Central,Riyadh,Large,Meat & Poultry,21421.66,179,Cash,4.3,9.972157838664684,2025,10,Saturday,119.67,HIGH,2025Q4,1,High CSAT,0
2025-08-01,Unaizah,Qassim,Small,Household,9201.130000000001,50,Cash,3.6,9.127081581581582,2025,8,Friday,184.02,MEDIUM,2025Q3,1,Medium CSAT,0
2026-02-09,Hail Central,Hail,Small,Household,2197.74,50,Mada,3.2,7.695184838612871,2026,2,Monday,43.95,LOW,2026Q1,0,Medium CSAT,1
2024-05-31,Bisha,Asir,Large,Fresh Produce,4853.54,55,Cash,3.8,8.487463614593544,2024,5,Friday,88.25,LOW,2024Q2,1,Medium CSAT,0
2025-03-20,Al Jawf Central,Al Jawf,Small,Fresh Produce,4080.87,50,Visa,3.7,8.314065479960911,2025,3,Thursday,81.62,LOW,2025Q1,0,Medium CSAT,0
2025-02-08,Al Bahah Central,Al Bahah,Large,Fresh Produce,3233.08,50,Mastercard,3.8,8.08119052223834,2025,2,Saturday,64.66,LOW,2025Q1,1,Medium CSAT,0
2024-11-27,Al Wajh,Tabuk,Medium,Fresh Produce,6357.44,56,Mada,4.0,8.757381059579698,2024,11,Wednesday,113.53,MEDIUM,2024Q4,0,Medium CSAT,1
2024-12-22,Abha Central,Asir,Small,Meat & Poultry,3604.28,50,Apple Pay,3.8,8.189877307164345,2024,12,Sunday,72.09,LOW,2024Q4,0,Medium CSAT,1
2025-09-30,Hail Central,Hail,Small,Electronics,2532.66,99,Mada,3.9,7.837025412804346,2025,9,Tuesday,25.58,LOW,2025Q3,0,Medium CSAT,1
2024-06-08,Abha Central,Asir,Small,Snacks & Confectionery,3099.83,50,Cash,4.5,8.039102550259862,2024,6,Saturday,62.0,LOW,2024Q2,1,High CSAT,0
2024-01-15,Al Khobar,Eastern Province,Large,Snacks & Confectionery,7252.3,81,Mada,3.5,8.889073938917624,2024,1,Monday,89.53,MEDIUM,2024Q1,0,Medium CSAT,1
2024-08-02,Qatif,Eastern Province,XLarge,Bakery,18960.45,257,Apple Pay,3.5,9.850110509704576,2024,8,Friday,73.78,HIGH,2024Q3,1,Medium CSAT,1
2025-12-12,Jeddah North,Makkah,XLarge,Electronics,9201.130000000001,309,Mastercard,3.8,9.127081581581582,2025,12,Friday,29.78,MEDIUM,2025Q4,1,Medium CSAT,0
2024-09-18,Riyadh East,Riyadh,Large,Fresh Produce,7086.88,98,Visa,4.4,8.866000466255443,2024,9,Wednesday,72.32,MEDIUM,2024Q3,0,High CSAT,0
2024-03-09,Riyadh Central,Riyadh,Large,Dairy,12750.48,181,Mastercard,4.0,9.453324196936762,2024,3,Saturday,70.44,HIGH,2024Q1,1,Medium CSAT,0
2024-01-20,Al Olaya,Riyadh,Large,Cleaning Supplies,10630.57,130,Tabby,3.2,9.271489091723419,2024,1,Saturday,81.77,HIGH,2024Q1,1,Medium CSAT,0
2025-05-11,Jubail,Eastern Province,Large,Household,16995.25,148,Visa,3.8,9.740689172230907,2025,5,Sunday,114.83,HIGH,2025Q2,0,Medium CSAT,0
2025-07-28,Arar Central,Northern Borders,Small,Electronics,3414.4,99,Visa,3.8,8.135757061107434,2025,7,Monday,34.49,LOW,2025Q3,0,Medium CSAT,0
2024-01-19,Jeddah South,Makkah,Large,Meat & Poultry,13189.41,125,Mada,4.1,9.487169513854196,2024,1,Friday,105.52,HIGH,2024Q1,1,High CSAT,1
2024-10-09,Al Jawf Central,Al Jawf,Small,Personal Care,2864.52,50,STC Pay,3.6,7.960156075845553,2024,10,Wednesday,57.29,LOW,2024Q4,0,Medium CSAT,0
2024-08-18,Dammam Central,Eastern Province,Large,Cleaning Supplies,9006.36,122,Cash,3.7,9.105686273413703,2024,8,Sunday,73.82,MEDIUM,2024Q3,0,Medium CSAT,0
2025-06-17,Khamis Mushait,Asir,Small,Personal Care,2564.85,50,Mada,3.6,7.849655276362712,2025,6,Tuesday,51.3,LOW,2025Q2,0,Medium CSAT,1
2025-09-11,Dhahran,Eastern Province,XLarge,Household,17691.03,156,Cash,4.2,9.78081301044469,2025,9,Thursday,113.4,HIGH,2025Q3,0,High CSAT,0
2025-12-01,Unaizah,Qassim,Small,Snacks & Confectionery,2543.71,50,Mastercard,3.4,7.841378924251544,2025,12,Monday,50.87,LOW,2025Q4,0,Medium CSAT,0
2024-07-07,Hittin,Riyadh,XLarge,Cleaning Supplies,16588.74,231,Apple Pay,4.3,9.716479430933102,2024,7,Sunday,71.81,HIGH,2024Q3,0,High CSAT,1
2024-11-06,Tabuk Central,Tabuk,Large,Baby Products,6197.41,68,STC Pay,3.5,8.73188674181923,2024,11,Wednesday,91.14,MEDIUM,2024Q4,0,Medium CSAT,0
2024-06-04,Dammam Central,Eastern Province,Large,Fresh Produce,9800.48,95,Apple Pay,3.6,9.190186643051039,2024,6,Tuesday,103.16,MEDIUM,2024Q2,0,Medium CSAT,1
2025-09-02,Madinah Central,Madinah,Small,Toys,1956.69,50,Mastercard,3.4,7.579009549125519,2025,9,Tuesday,39.13,LOW,2025Q3,0,Medium CSAT,0
2024-05-17,Najran Central,Najran,Medium,Personal Care,6390.89,72,Mada,4.1,8.7626288177982,2024,5,Friday,88.76,MEDIUM,2024Q2,1,High CSAT,1
2024-06-16,Makkah City,Makkah,Large,Electronics,14610.5,124,Cash,3.4,9.589495727293986,2024,6,Sunday,117.83,HIGH,2024Q2,0,Medium CSAT,0
2025-02-26,Dammam Central,Eastern Province,Large,Clothing,9480.86,72,Mada,4.2,9.15703030843408,2025,2,Wednesday,131.68,MEDIUM,2025Q1,0,High CSAT,1
2025-09-23,Hail Central,Hail,Small,Dairy,1913.88,50,Mada,3.8,7.556887874122663,2025,9,Tuesday,38.28,LOW,2025Q3,0,Medium CSAT,1
2026-03-05,Bisha,Asir,Medium,Frozen Foods,4071.26,50,Mada,3.3,8.311707812835508,2026,3,Thursday,81.43,LOW,2026Q1,0,Medium CSAT,1
2025-06-21,Unaizah,Qassim,Small,Toys,3394.32,50,Cash,3.2,8.129858725380354,2025,6,Saturday,67.89,LOW,2025Q2,1,Medium CSAT,0
2026-04-26,Arar Central,Northern Borders,Small,Fresh Produce,3846.25,50,Visa,3.8,8.254853926636251,2026,4,Sunday,76.92,LOW,2026Q2,0,Medium CSAT,0
2025-06-12,Khamis Mushait,Asir,Small,Baby Products,2802.99,50,Mada,3.6,7.938441983552288,2025,6,Thursday,56.06,LOW,2025Q2,0,Medium CSAT,1
2026-03-03,Dhahran,Eastern Province,XLarge,Beverages,9201.130000000001,215,Visa,4.5,9.127081581581582,2026,3,Tuesday,42.8,MEDIUM,2026Q1,0,High CSAT,0
2024-05-18,Unaizah,Qassim,Small,Dairy,2643.49,50,Mada,4.3,7.879855292804722,2024,5,Saturday,52.87,LOW,2024Q2,1,High CSAT,1
2024-04-02,Arar Central,Northern Borders,Small,Toys,3442.82,50,Apple Pay,3.1,8.144046181983496,2024,4,Tuesday,68.86,LOW,2024Q2,0,Medium CSAT,1
2024-04-03,Hittin,Riyadh,XLarge,Beverages,21638.11,240,Visa,3.5,9.982211390883732,2024,4,Wednesday,90.16,HIGH,2024Q2,0,Medium CSAT,0
2025-09-18,Al Jawf Central,Al Jawf,Small,Meat & Poultry,3545.66,50,Apple Pay,4.1,8.1734795993524,2025,9,Thursday,70.91,LOW,2025Q3,0,High CSAT,1
2025-08-02,Qatif,Eastern Province,XLarge,Snacks & Confectionery,25854.14,272,Cash,4.0,10.160226021852052,2025,8,Saturday,95.05,HIGH,2025Q3,1,Medium CSAT,0
2024-11-12,Dhahran,Eastern Province,XLarge,Baby Products,23409.5,204,Mada,3.9,10.060897201863014,2024,11,Tuesday,114.75,HIGH,2024Q4,0,Medium CSAT,1
2024-07-26,Makkah City,Makkah,Large,Frozen Foods,8167.71,74,Mada,3.1,9.007943854806761,2024,7,Friday,110.37,MEDIUM,2024Q3,1,Medium CSAT,1
2024-08-31,Al Bahah Central,Al Bahah,Small,Clothing,3418.88,50,Mada,3.6,8.137068291041487,2024,8,Saturday,68.38,LOW,2024Q3,1,Medium CSAT,1
2024-09-07,Riyadh Central,Riyadh,Large,Dairy,15563.42,204,Apple Pay,3.9,9.652678567925618,2024,9,Saturday,76.29,HIGH,2024Q3,1,Medium CSAT,1
2025-10-30,Riyadh South,Riyadh,Large,Fresh Produce,9865.86,89,Visa,4.0,9.19683559154502,2025,10,Thursday,110.85,MEDIUM,2025Q4,0,Medium CSAT,0
2025-04-11,Jeddah East,Makkah,Large,Meat & Poultry,20581.4,152,Apple Pay,3.3,9.932143034285179,2025,4,Friday,135.4,HIGH,2025Q2,1,Medium CSAT,1
2025-01-12,Jubail,Eastern Province,Large,Snacks & Confectionery,14128.28,190,Apple Pay,4.2,9.555933741446898,2025,1,Sunday,74.36,HIGH,2025Q1,0,High CSAT,1
2025-12-12,Hittin,Riyadh,XLarge,Dairy,25871.79,312,Mada,4.2,10.16090846490083,2025,12,Friday,82.92,HIGH,2025Q4,1,High CSAT,1
2025-09-18,Al Rawdah,Makkah,Large,Personal Care,8233.82,103,Visa,4.3,9.016005341512813,2025,9,Thursday,79.94,MEDIUM,2025Q3,0,High CSAT,0
2025-03-13,Al Khobar,Eastern Province,Large,Dairy,14645.13,184,Tamara,4.1,9.59186313597218,2025,3,Thursday,79.59,HIGH,2025Q1,0,High CSAT,0
2024-05-12,Hafuf,Eastern Province,Medium,Beverages,6588.35,84,Mada,4.1,8.793058216783736,2024,5,Sunday,78.43,MEDIUM,2024Q2,0,High CSAT,1
2025-12-26,Madinah Central,Madinah,Small,Fresh Produce,2887.61,99,Mada,2.8,7.968184449342539,2025,12,Friday,29.17,LOW,2025Q4,1,Low CSAT,1
2026-01-25,Hittin,Riyadh,XLarge,Snacks & Confectionery,23690.14,346,Mada,3.7,10.072814206801896,2026,1,Sunday,68.47,HIGH,2026Q1,0,Medium CSAT,1
2024-01-12,Al Rawdah,Makkah,Large,Toys,13347.73,126,Cash,4.2,9.499101611917204,2024,1,Friday,105.93,HIGH,2024Q1,1,High CSAT,0
2025-06-02,Dhahran,Eastern Province,XLarge,Frozen Foods,14170.81,136,Mada,3.8,9.55893949407145,2025,6,Monday,104.2,HIGH,2025Q2,0,Medium CSAT,1
2026-05-02,Riyadh North,Riyadh,Large,Meat & Poultry,13933.91,118,Mastercard,4.1,9.542080716548105,2026,5,Saturday,118.08,HIGH,2026Q2,1,High CSAT,0
2026-03-27,Najran Central,Najran,Medium,Fresh Produce,5017.9,50,Mada,4.4,8.520766798469527,2026,3,Friday,100.36,MEDIUM,2026Q1,1,High CSAT,1
2026-03-13,Arar Central,Northern Borders,Small,Cleaning Supplies,3008.37,50,Visa,3.0,8.009153682824346,2026,3,Friday,60.17,LOW,2026Q1,1,Low CSAT,0
2025-07-22,Jubail,Eastern Province,Large,Bakery,7400.92,106,Apple Pay,4.1,8.909359595788958,2025,7,Tuesday,69.82,MEDIUM,2025Q3,0,High CSAT,1
2024-10-14,Jeddah North,Makkah,XLarge,Meat & Poultry,23805.6,205,Visa,3.8,10.077676126099893,2024,10,Monday,116.12,HIGH,2024Q4,0,Medium CSAT,0
2025-08-07,Jeddah South,Makkah,Large,Fresh Produce,10264.0,96,Apple Pay,3.5,9.236397906295473,2025,8,Thursday,106.92,HIGH,2025Q3,0,Medium CSAT,1
2024-10-05,Riyadh East,Riyadh,Large,Beverages,13742.4,144,Mada,4.5,9.52824122301196,2024,10,Saturday,95.43,HIGH,2024Q4,1,High CSAT,1
2024-08-09,Dhahran,Eastern Province,XLarge,Fresh Produce,20428.1,215,Cash,4.1,9.924666682997378,2024,8,Friday,95.01,HIGH,2024Q3,1,High CSAT,0
2024-01-26,Al Jawf Central,Al Jawf,Small,Cleaning Supplies,2702.94,50,Mada,3.8,7.90209534847181,2024,1,Friday,54.06,LOW,2024Q1,1,Medium CSAT,1
2026-01-20,Najran Central,Najran,Medium,Dairy,4938.29,57,Apple Pay,4.7,8.504774396410742,2026,1,Tuesday,86.64,LOW,2026Q1,0,High CSAT,1
2025-11-23,Buraidah Central,Qassim,Medium,Bakery,8018.98,87,Mada,4.5,8.98956651072735,2025,11,Sunday,92.17,MEDIUM,2025Q4,0,High CSAT,1
2024-04-28,Buraidah Central,Qassim,Medium,Baby Products,7108.86,72,Visa,4.2,8.869097172389104,2024,4,Sunday,98.73,MEDIUM,2024Q2,0,High CSAT,0
2024-04-15,Riyadh East,Riyadh,Large,Clothing,14182.01,114,Visa,4.0,9.55972953898286,2024,4,Monday,124.4,HIGH,2024Q2,0,Medium CSAT,0
2025-10-16,Dhahran,Eastern Province,XLarge,Dairy,19801.17,217,Mada,3.8,9.893496305845918,2025,10,Thursday,91.25,HIGH,2025Q4,0,Medium CSAT,1
2024-10-06,Hittin,Riyadh,XLarge,Dairy,17474.65,176,Visa,3.8,9.768506538289133,2024,10,Sunday,99.29,HIGH,2024Q4,0,Medium CSAT,0
2024-04-14,Al Jawf Central,Al Jawf,Small,Meat & Poultry,3799.92,50,Cash,3.5,8.242735292861289,2024,4,Sunday,76.0,LOW,2024Q2,0,Medium CSAT,0
2024-06-24,Madinah North,Madinah,Large,Personal Care,6691.29,65,Mada,3.5,8.80856195964601,2024,6,Monday,102.94,MEDIUM,2024Q2,0,Medium CSAT,1
2024-01-30,Makkah City,Makkah,Large,Clothing,11316.21,82,Cash,3.6,9.333991490043537,2024,1,Tuesday,138.0,HIGH,2024Q1,0,Medium CSAT,0
2025-09-23,Hail Central,Hail,Small,Meat & Poultry,2440.89,50,Apple Pay,3.7,7.800118005879004,2025,9,Tuesday,48.82,LOW,2025Q3,0,Medium CSAT,1
2024-03-21,Unaizah,Qassim,Small,Frozen Foods,4363.28,50,Cash,3.9,8.380979347090086,2024,3,Thursday,87.27,LOW,2024Q1,0,Medium CSAT,0
2024-04-09,Arar Central,Northern Borders,Small,Toys,3881.26,50,Mada,2.8,8.263915122168003,2024,4,Tuesday,77.63,LOW,2024Q2,0,Low CSAT,1
2024-08-17,Madinah Central,Madinah,Small,Cleaning Supplies,2211.57,50,Mada,4.0,7.70145794953184,2024,8,Saturday,44.23,LOW,2024Q3,1,Medium CSAT,1
2026-03-18,Qatif,Eastern Province,XLarge,Dairy,18498.34,230,Cash,4.8,9.825436277310734,2026,3,Wednesday,80.43,HIGH,2026Q1,0,High CSAT,0
2024-12-25,Hittin,Riyadh,XLarge,Snacks & Confectionery,17199.05,191,Mada,3.6,9.752609428718031,2024,12,Wednesday,90.05,HIGH,2024Q4,0,Medium CSAT,1
2026-04-17,Bisha,Asir,Medium,Fresh Produce,8516.52,96,Cash,3.6,9.049763085680427,2026,4,Friday,88.71,MEDIUM,2026Q2,1,Medium CSAT,0
2025-06-29,Dhahran,Eastern Province,XLarge,Personal Care,21450.59,202,Mada,4.2,9.973507429805391,2025,6,Sunday,106.19,HIGH,2025Q2,0,High CSAT,1
2024-12-14,Riyadh West,Riyadh,Large,Toys,14875.88,152,Mada,4.2,9.607496388327831,2024,12,Saturday,97.87,HIGH,2024Q4,1,High CSAT,1
2025-07-11,Qatif,Eastern Province,XLarge,Fresh Produce,21553.49,255,Mastercard,3.8,9.978293031375493,2025,7,Friday,84.52,HIGH,2025Q3,1,Medium CSAT,0
2025-08-29,Hittin,Riyadh,XLarge,Dairy,18840.67,197,Mada,3.3,9.843773110130716,2025,8,Friday,95.64,HIGH,2025Q3,1,Medium CSAT,1
2025-02-19,Dhahran,Eastern Province,XLarge,Fresh Produce,11493.18,143,Apple Pay,3.7,9.349509094953241,2025,2,Wednesday,80.37,HIGH,2025Q1,0,Medium CSAT,1
2024-04-02,Riyadh South,Riyadh,Large,Fresh Produce,13982.47,160,Apple Pay,4.1,9.545559681154375,2024,4,Tuesday,87.39,HIGH,2024Q2,0,High CSAT,1
2026-02-14,Riyadh Central,Riyadh,Large,Fresh Produce,10597.64,119,Mada,3.6,9.268386613802424,2026,2,Saturday,89.06,HIGH,2026Q1,1,Medium CSAT,1
2024-11-02,Jubail,Eastern Province,Large,Cleaning Supplies,14373.66,169,STC Pay,3.7,9.573152643929236,2024,11,Saturday,85.05,HIGH,2024Q4,1,Medium CSAT,0
2026-01-05,Al Wajh,Tabuk,Medium,Meat & Poultry,6877.29,52,Cash,4.2,8.835979957981401,2026,1,Monday,132.26,MEDIUM,2026Q1,0,High CSAT,0
2026-05-22,Makkah City,Makkah,Large,Meat & Poultry,12783.84,118,Cash,3.8,9.455937152283179,2026,5,Friday,108.34,HIGH,2026Q2,1,Medium CSAT,0
2024-04-22,Hafuf,Eastern Province,Medium,Snacks & Confectionery,6140.95,66,Mastercard,3.5,8.722734732299836,2024,4,Monday,93.04,MEDIUM,2024Q2,0,Medium CSAT,0
2025-02-19,Khamis Mushait,Asir,Small,Household,2073.3,50,Mada,3.8,7.636896819765458,2025,2,Wednesday,41.47,LOW,2025Q1,0,Medium CSAT,1
2025-07-22,Al Aziziyah,Makkah,Large,Cleaning Supplies,7083.92,103,Mada,4.4,8.865582705784187,2025,7,Tuesday,68.78,MEDIUM,2025Q3,0,High CSAT,1
2024-01-12,Makkah City,Makkah,Large,Electronics,13081.03,109,Mada,3.8,9.478918368088243,2024,1,Friday,120.01,HIGH,2024Q1,1,Medium CSAT,1
2024-05-19,Al Wajh,Tabuk,Medium,Clothing,6526.85,54,Mada,3.9,8.78367971690952,2024,5,Sunday,120.87,MEDIUM,2024Q2,0,Medium CSAT,1
2025-09-30,Al Wajh,Tabuk,Medium,Household,4482.13,50,Mada,3.3,8.407853658848762,2025,9,Tuesday,89.64,LOW,2025Q3,0,Medium CSAT,1
2024-08-19,Hafuf,Eastern Province,Medium,Personal Care,3922.39,50,Apple Pay,3.8,8.274456440874259,2024,8,Monday,78.45,LOW,2024Q3,0,Medium CSAT,1
2025-07-13,Tabuk Central,Tabuk,Medium,Electronics,9570.93,60,Mada,4.3,9.166485658408844,2025,7,Sunday,159.52,MEDIUM,2025Q3,0,High CSAT,1
2024-04-25,Abha Central,Asir,Small,Baby Products,3412.72,50,Mastercard,2.8,8.135264906279657,2024,4,Thursday,68.25,LOW,2024Q2,0,Low CSAT,0
2025-04-21,Dammam Central,Eastern Province,Large,Household,12308.43,128,Mada,3.7,9.418039672458248,2025,4,Monday,96.16,HIGH,2025Q2,0,Medium CSAT,1
2025-12-01,Riyadh West,Riyadh,Large,Snacks & Confectionery,10272.8,115,Cash,3.4,9.237254904517064,2025,12,Monday,89.33,HIGH,2025Q4,0,Medium CSAT,0
2025-04-09,Najran Central,Najran,Medium,Beverages,5684.06,73,Mada,4.4,8.645421045107794,2025,4,Wednesday,77.86,MEDIUM,2025Q2,0,High CSAT,1
2024-10-23,Al Khobar,Eastern Province,Large,Toys,8820.25,99,Mada,3.9,9.084805493270336,2024,10,Wednesday,89.09,MEDIUM,2024Q4,0,Medium CSAT,1
2025-08-15,Najran Central,Najran,Medium,Electronics,7183.57,66,Apple Pay,3.5,8.879551752956786,2025,8,Friday,108.84,MEDIUM,2025Q3,1,Medium CSAT,1
2024-10-20,Riyadh North,Riyadh,Large,Fresh Produce,14010.27,129,Apple Pay,3.8,9.547545911093959,2024,10,Sunday,108.61,HIGH,2024Q4,0,Medium CSAT,1
2026-05-28,Dammam Central,Eastern Province,Large,Frozen Foods,8258.73,97,STC Pay,4.4,9.019026101667182,2026,5,Thursday,85.14,MEDIUM,2026Q2,0,High CSAT,0
2025-11-05,Jeddah North,Makkah,XLarge,Snacks & Confectionery,16165.52,178,Mastercard,3.3,9.690635857906916,2025,11,Wednesday,90.82,HIGH,2025Q4,0,Medium CSAT,0
2024-12-17,Riyadh East,Riyadh,Large,Baby Products,16007.49,158,Apple Pay,3.9,9.680812016685593,2024,12,Tuesday,101.31,HIGH,2024Q4,0,Medium CSAT,1
2026-02-09,Al Bahah Central,Al Bahah,Small,Frozen Foods,2327.43,99,Mada,3.4,7.7525199335109845,2026,2,Monday,23.51,LOW,2026Q1,0,Medium CSAT,1
2024-02-25,Hafuf,Eastern Province,Medium,Frozen Foods,6553.27,63,Mada,3.6,8.787719440693367,2024,2,Sunday,104.02,MEDIUM,2024Q1,0,Medium CSAT,1
2025-05-02,Bisha,Asir,Medium,Frozen Foods,5282.42,66,Visa,3.3,8.572139605031001,2025,5,Friday,80.04,MEDIUM,2025Q2,1,Medium CSAT,0
2024-09-25,Najran Central,Najran,Medium,Cleaning Supplies,3495.25,50,STC Pay,4.2,8.159160182867934,2024,9,Wednesday,69.9,LOW,2024Q3,0,High CSAT,0
2025-01-26,Hail Central,Hail,Large,Baby Products,3734.54,99,Cash,3.8,8.225379930678306,2025,1,Sunday,37.72,LOW,2025Q1,0,Medium CSAT,0
2025-09-17,Al Wajh,Tabuk,Medium,Snacks & Confectionery,5556.8,63,Mada,3.5,8.62277768198981,2025,9,Wednesday,88.2,MEDIUM,2025Q3,0,Medium CSAT,1
2024-09-18,Al Olaya,Riyadh,Large,Meat & Poultry,12819.22,129,Mastercard,3.7,9.458700886189988,2024,9,Wednesday,99.37,HIGH,2024Q3,0,Medium CSAT,0
2025-06-16,Al Aziziyah,Makkah,Large,Toys,7932.49,72,Visa,3.8,8.978722262819934,2025,6,Monday,110.17,MEDIUM,2025Q2,0,Medium CSAT,0
2026-05-01,Riyadh Central,Riyadh,Large,Meat & Poultry,11039.31,101,Mastercard,3.4,9.30921781787788,2026,5,Friday,109.3,HIGH,2026Q2,1,Medium CSAT,0
2024-07-16,Al Anbariyah,Madinah,Large,Personal Care,6897.8,59,Visa,4.3,8.838957799165176,2024,7,Tuesday,116.91,MEDIUM,2024Q3,0,High CSAT,0
2025-09-05,Al Rawdah,Makkah,Large,Toys,14032.47,125,Apple Pay,4.2,9.549129208919895,2025,9,Friday,112.26,HIGH,2025Q3,1,High CSAT,1
2024-04-23,Jeddah East,Makkah,Large,Bakery,10465.31,137,STC Pay,4.2,9.255821256992723,2024,4,Tuesday,76.39,HIGH,2024Q2,0,High CSAT,0
2024-10-10,Arar Central,Northern Borders,Small,Toys,2964.54,50,Apple Pay,3.6,7.994477156056899,2024,10,Thursday,59.29,LOW,2024Q4,0,Medium CSAT,1
2026-03-06,Dammam Central,Eastern Province,Large,Meat & Poultry,12153.91,132,Mada,4.5,9.405406207698327,2026,3,Friday,92.08,HIGH,2026Q1,1,High CSAT,1
2024-07-01,Al Anbariyah,Madinah,Large,Beverages,7695.25,106,Mada,4.0,8.948358534374215,2024,7,Monday,72.6,MEDIUM,2024Q3,0,Medium CSAT,1
2025-07-07,Jeddah North,Makkah,XLarge,Bakery,13756.82,193,Mada,4.4,9.529289980127377,2025,7,Monday,71.28,HIGH,2025Q3,0,High CSAT,1
2024-04-15,Al Anbariyah,Madinah,Large,Electronics,11899.11,99,Apple Pay,4.3,9.38421888638675,2024,4,Monday,120.19,HIGH,2024Q2,0,High CSAT,1
2024-02-08,Riyadh Central,Riyadh,Large,Dairy,8901.96,120,STC Pay,3.8,9.09402675619343,2024,2,Thursday,74.18,MEDIUM,2024Q1,0,Medium CSAT,0
2025-06-11,Riyadh Central,Riyadh,Large,Frozen Foods,9473.45,106,Mada,3.7,9.156248428178086,2025,6,Wednesday,89.37,MEDIUM,2025Q2,0,Medium CSAT,1
2025-07-07,Riyadh West,Riyadh,Large,Meat & Poultry,8773.34,85,Apple Pay,3.1,9.079472856649275,2025,7,Monday,103.22,MEDIUM,2025Q3,0,Medium CSAT,1
2025-08-03,Hittin,Riyadh,XLarge,Baby Products,26045.15,231,Mada,5.0,10.167586849425522,2025,8,Sunday,112.75,HIGH,2025Q3,0,High CSAT,1
2025-01-09,Al Malaz,Riyadh,Large,Baby Products,11542.56,91,Mada,4.3,9.35379635254827,2025,1,Thursday,126.84,HIGH,2025Q1,0,High CSAT,1
2025-10-25,Al Khobar,Eastern Province,Large,Household,9201.130000000001,169,Mastercard,3.7,9.127081581581582,2025,10,Saturday,54.44,MEDIUM,2025Q4,1,Medium CSAT,0
2025-10-07,Al Olaya,Riyadh,Large,Beverages,10343.78,140,Mada,4.2,9.244140651857382,2025,10,Tuesday,73.88,HIGH,2025Q4,0,High CSAT,1
2024-05-23,Al Aziziyah,Makkah,Large,Electronics,10534.69,97,Mada,3.3,9.262428900081566,2024,5,Thursday,108.61,HIGH,2024Q2,0,Medium CSAT,1
2025-05-26,Dhahran,Eastern Province,XLarge,Snacks & Confectionery,13821.28,165,Tamara,4.5,9.533964712424934,2025,5,Monday,83.77,HIGH,2025Q2,0,High CSAT,0
2024-12-13,Riyadh East,Riyadh,Large,Frozen Foods,10601.85,98,Cash,4.0,9.268783793173753,2024,12,Friday,108.18,HIGH,2024Q4,1,Medium CSAT,0
2025-11-25,Arar Central,Northern Borders,Small,Household,3171.45,50,Mada,3.8,8.061944175538988,2025,11,Tuesday,63.43,LOW,2025Q4,0,Medium CSAT,1
2024-02-07,Riyadh West,Riyadh,Large,Beverages,9273.54,88,STC Pay,3.6,9.134920462686082,2024,2,Wednesday,105.38,MEDIUM,2024Q1,0,Medium CSAT,0
2024-01-15,Makkah City,Makkah,Large,Electronics,10345.56,73,Apple Pay,3.6,9.244312721145663,2024,1,Monday,141.72,HIGH,2024Q1,0,Medium CSAT,1
2025-09-17,Arar Central,Northern Borders,Small,Personal Care,1924.04,50,Mada,2.9,7.562182421030332,2025,9,Wednesday,38.48,LOW,2025Q3,0,Low CSAT,1
2024-03-05,Madinah Central,Madinah,Small,Beverages,2497.47,50,Tamara,3.6,7.8230334984385514,2024,3,Tuesday,49.95,LOW,2024Q1,0,Medium CSAT,0
2024-11-28,Bisha,Asir,Medium,Toys,4863.13,52,Mada,4.1,8.489437542516148,2024,11,Thursday,93.52,LOW,2024Q4,0,High CSAT,1
2025-08-30,Riyadh East,Riyadh,Large,Electronics,16444.01,115,Apple Pay,3.7,9.707716556142127,2025,8,Saturday,142.99,HIGH,2025Q3,1,Medium CSAT,1
2025-12-14,Jeddah South,Makkah,Large,Fresh Produce,14391.29,143,Visa,4.3,9.574378441450701,2025,12,Sunday,100.64,HIGH,2025Q4,0,High CSAT,0
2026-03-07,Khamis Mushait,Asir,Small,Cleaning Supplies,2467.12,50,Cash,4.1,7.810806757421765,2026,3,Saturday,49.34,LOW,2026Q1,1,High CSAT,0
2025-12-24,Al Malaz,Riyadh,Large,Cleaning Supplies,10440.08,129,Apple Pay,3.9,9.253407524242519,2025,12,Wednesday,80.93,HIGH,2025Q4,0,Medium CSAT,1
2024-05-26,Al Rawdah,Makkah,Large,Household,15265.96,147,STC Pay,3.2,9.633380792153227,2024,5,Sunday,103.85,HIGH,2024Q2,0,Medium CSAT,0
2025-09-02,Riyadh East,Riyadh,Large,Beverages,7408.94,102,Visa,3.9,8.91044265812499,2025,9,Tuesday,72.64,MEDIUM,2025Q3,0,Medium CSAT,0
2025-07-25,Riyadh Central,Riyadh,Large,Fresh Produce,9771.49,109,Cash,3.4,9.187224241085277,2025,7,Friday,89.65,MEDIUM,2025Q3,1,Medium CSAT,0
2026-02-18,Abha Central,Asir,Small,Household,2792.3,50,Visa,3.6,7.934620907966674,2026,2,Wednesday,55.85,LOW,2026Q1,0,Medium CSAT,0
2026-03-26,Hittin,Riyadh,XLarge,Snacks & Confectionery,13611.83,193,Mada,4.1,9.518694546562497,2026,3,Thursday,70.53,HIGH,2026Q1,0,High CSAT,1
2025-11-17,Jeddah South,Makkah,Large,Electronics,17831.97,129,Mada,3.8,9.788748192695515,2025,11,Monday,138.23,HIGH,2025Q4,0,Medium CSAT,1
2024-02-14,Arar Central,Northern Borders,Small,Electronics,2267.27,50,Mada,4.2,7.726331743548005,2024,2,Wednesday,45.35,LOW,2024Q1,0,High CSAT,1
2025-05-11,Riyadh North,Riyadh,Large,Electronics,18608.31,127,Mada,3.8,9.831363534120968,2025,5,Sunday,146.52,HIGH,2025Q2,0,Medium CSAT,1
2024-08-23,Jubail,Eastern Province,Large,Dairy,12016.12,126,Mastercard,3.6,9.39400436063847,2024,8,Friday,95.37,HIGH,2024Q3,1,Medium CSAT,0
2025-01-19,Al Aziziyah,Makkah,Large,Electronics,22337.43,177,Cash,3.5,10.014019025719069,2025,1,Sunday,126.2,HIGH,2025Q1,0,Medium CSAT,0
2024-07-01,Arar Central,Northern Borders,Small,Fresh Produce,1807.42,50,Visa,3.7,7.499655693025753,2024,7,Monday,36.15,LOW,2024Q3,0,Medium CSAT,0
2024-07-26,Dammam Central,Eastern Province,Large,Electronics,14999.15,118,Mada,4.1,9.615748811812065,2024,7,Friday,127.11,HIGH,2024Q3,1,High CSAT,1
2024-06-24,Tabuk Central,Tabuk,Medium,Bakery,4021.48,50,Mada,4.1,8.299405273063076,2024,6,Monday,80.43,LOW,2024Q2,0,High CSAT,1
2025-08-14,Jeddah South,Makkah,Large,Snacks & Confectionery,11082.28,112,Apple Pay,2.5,9.313102715305547,2025,8,Thursday,98.95,HIGH,2025Q3,0,Low CSAT,1
2026-05-07,Najran Central,Najran,Medium,Electronics,7071.32,52,STC Pay,3.9,8.863802445848249,2026,5,Thursday,135.99,MEDIUM,2026Q2,0,Medium CSAT,0
2024-12-01,Madinah North,Madinah,Large,Bakery,12437.71,194,STC Pay,4.5,9.428488265746418,2024,12,Sunday,64.11,HIGH,2024Q4,0,High CSAT,0
2024-02-15,Tabuk Central,Tabuk,Medium,Beverages,3366.45,50,Cash,3.4,8.121614055654634,2024,2,Thursday,67.33,LOW,2024Q1,0,Medium CSAT,0
2025-02-07,Buraidah Central,Qassim,Medium,Snacks & Confectionery,5161.44,71,Mada,3.8,8.548970889310326,2025,2,Friday,72.7,MEDIUM,2025Q1,1,Medium CSAT,1
2025-12-10,Riyadh Central,Riyadh,Large,Baby Products,14612.04,118,Mada,4.3,9.589601125387473,2025,12,Wednesday,123.83,HIGH,2025Q4,0,High CSAT,1
2024-01-17,Al Malaz,Riyadh,Large,Dairy,8090.77,109,Apple Pay,3.8,8.998479184756903,2024,1,Wednesday,74.23,MEDIUM,2024Q1,0,Medium CSAT,1
2025-04-19,Arar Central,Northern Borders,Small,Cleaning Supplies,3957.63,50,Apple Pay,3.5,8.283400640236497,2025,4,Saturday,79.15,LOW,2025Q2,1,Medium CSAT,1
2025-10-03,Abha Central,Asir,Small,Clothing,3722.86,50,Cash,3.9,8.222247469082937,2025,10,Friday,74.46,LOW,2025Q4,1,Medium CSAT,0
2024-10-30,Riyadh East,Riyadh,Large,Dairy,8681.05,127,Visa,3.6,9.068897768080324,2024,10,Wednesday,68.35,MEDIUM,2024Q4,0,Medium CSAT,0
2026-03-17,Al Rawdah,Makkah,Large,Personal Care,11537.16,113,STC Pay,2.9,9.353328409254457,2026,3,Tuesday,102.1,HIGH,2026Q1,0,Low CSAT,0
2024-02-22,Abha Central,Asir,Small,Meat & Poultry,2034.07,50,Mada,3.5,7.617793990962244,2024,2,Thursday,40.68,LOW,2024Q1,0,Medium CSAT,1
2025-10-25,Jeddah East,Makkah,Large,Electronics,22731.38,189,Mada,4.1,10.031501627718121,2025,10,Saturday,120.27,HIGH,2025Q4,1,High CSAT,1
2026-02-10,Al Rawdah,Makkah,Large,Bakery,8037.13,100,Mada,3.7,8.99182733327165,2026,2,Tuesday,80.37,MEDIUM,2026Q1,0,Medium CSAT,1
2025-01-16,Riyadh West,Riyadh,Large,Beverages,8411.68,100,Cash,3.5,9.037376495205056,2025,1,Thursday,84.12,MEDIUM,2025Q1,0,Medium CSAT,0
2025-11-25,Unaizah,Qassim,Small,Cleaning Supplies,2424.1,50,Mada,3.3,7.793215600463689,2025,11,Tuesday,48.48,LOW,2025Q4,0,Medium CSAT,1
2024-07-11,Riyadh West,Riyadh,Large,Fresh Produce,10752.03,105,STC Pay,3.3,9.28284985293761,2024,7,Thursday,102.4,HIGH,2024Q3,0,Medium CSAT,0
2024-03-19,Al Khobar,Eastern Province,Large,Dairy,10130.77,136,Mada,4.1,9.223332606199977,2024,3,Tuesday,74.49,HIGH,2024Q1,0,High CSAT,1
2024-10-27,Riyadh North,Riyadh,Large,Toys,14242.77,175,Mada,3.5,9.564004688520834,2024,10,Sunday,81.39,HIGH,2024Q4,0,Medium CSAT,1
2025-03-30,Tabuk Central,Tabuk,Medium,Electronics,17156.24,99,Cash,4.0,9.750117234813812,2025,3,Sunday,173.3,HIGH,2025Q1,0,Medium CSAT,0
2025-10-22,Buraidah Central,Qassim,Medium,Personal Care,5034.94,56,Apple Pay,3.1,8.524156888497746,2025,10,Wednesday,89.91,MEDIUM,2025Q4,0,Medium CSAT,1
2025-08-30,Al Bahah Central,Al Bahah,Small,Household,3817.47,99,Mada,2.8,8.24734317851574,2025,8,Saturday,38.56,LOW,2025Q3,1,Low CSAT,1
2024-06-24,Dhahran,Eastern Province,XLarge,Bakery,13587.52,171,Mada,3.6,9.516907003369504,2024,6,Monday,79.46,HIGH,2024Q2,0,Medium CSAT,1
2024-05-31,Riyadh South,Riyadh,Large,Beverages,10229.6,104,STC Pay,3.7,9.233040757496958,2024,5,Friday,98.36,HIGH,2024Q2,1,Medium CSAT,0
2026-05-09,Jeddah East,Makkah,Large,Cleaning Supplies,13298.37,190,Mada,3.5,9.49539675030822,2026,5,Saturday,69.99,HIGH,2026Q2,1,Medium CSAT,1
2024-02-12,Hittin,Riyadh,XLarge,Personal Care,18845.72,193,Mada,4.2,9.84404111139219,2024,2,Monday,97.65,HIGH,2024Q1,0,High CSAT,1
2024-12-18,Jubail,Eastern Province,Large,Beverages,8532.97,119,Visa,4.4,9.05169276276807,2024,12,Wednesday,71.71,MEDIUM,2024Q4,0,High CSAT,0
2024-01-26,Hittin,Riyadh,XLarge,Beverages,18061.93,182,Mada,4.0,9.801561687263426,2024,1,Friday,99.24,HIGH,2024Q1,1,Medium CSAT,1
2025-06-03,Unaizah,Qassim,Small,Toys,1870.37,50,Mada,3.6,7.5338915512393,2025,6,Tuesday,37.41,LOW,2025Q2,0,Medium CSAT,1
2026-03-29,Jeddah North,Makkah,XLarge,Cleaning Supplies,21721.46,272,Mastercard,3.9,9.98605599094162,2026,3,Sunday,79.86,HIGH,2026Q1,0,Medium CSAT,0
2025-11-25,Makkah City,Makkah,Large,Dairy,9513.76,114,Apple Pay,2.9,9.160494450691283,2025,11,Tuesday,83.45,MEDIUM,2025Q4,0,Low CSAT,1
2024-12-31,Hail Central,Hail,Large,Fresh Produce,9201.130000000001,50,Visa,3.8,9.127081581581582,2024,12,Tuesday,184.02,MEDIUM,2024Q4,0,Medium CSAT,0
2024-07-19,Dammam Central,Eastern Province,Large,Household,9410.58,92,Mastercard,4.7,9.149589867236825,2024,7,Friday,102.29,MEDIUM,2024Q3,1,High CSAT,0
2025-06-08,Al Malaz,Riyadh,Large,Beverages,10787.35,132,Visa,4.4,9.28612943031239,2025,6,Sunday,81.72,HIGH,2025Q2,0,High CSAT,0
2024-05-31,Bisha,Asir,Medium,Beverages,9201.130000000001,71,Cash,4.0,9.127081581581582,2024,5,Friday,129.59,MEDIUM,2024Q2,1,Medium CSAT,0
2024-12-25,Hafuf,Eastern Province,Medium,Beverages,4853.3,58,Mada,4.3,8.487414164927113,2024,12,Wednesday,83.68,LOW,2024Q4,0,High CSAT,1
2026-04-02,Tabuk Central,Tabuk,Medium,Fresh Produce,6115.23,74,STC Pay,3.4,8.718537659842397,2026,4,Thursday,82.64,MEDIUM,2026Q2,0,Medium CSAT,0
2024-05-22,Tabuk Central,Tabuk,Medium,Personal Care,5894.65,53,Mada,4.3,8.681800438859415,2024,5,Wednesday,111.22,MEDIUM,2024Q2,0,High CSAT,1
2025-02-28,Dammam Central,Eastern Province,Large,Beverages,8685.09,104,STC Pay,4.0,9.069363041315814,2025,2,Friday,83.51,MEDIUM,2025Q1,1,Medium CSAT,0
2025-07-21,Al Khobar,Eastern Province,Large,Snacks & Confectionery,7629.43,85,Visa,4.5,8.939768416376534,2025,7,Monday,89.76,MEDIUM,2025Q3,0,High CSAT,0
2025-07-26,Al Bahah Central,Al Bahah,Small,Bakery,2873.79,50,Mada,3.4,7.963386995075781,2025,7,Saturday,57.48,LOW,2025Q3,1,Medium CSAT,1
2024-05-07,Najran Central,Najran,Medium,Cleaning Supplies,4341.28,53,Mada,4.3,8.375924514486465,2024,5,Tuesday,81.91,LOW,2024Q2,0,High CSAT,1
2024-01-30,Madinah North,Madinah,Large,Dairy,6364.21,95,Cash,3.8,8.758445387027646,2024,1,Tuesday,66.99,MEDIUM,2024Q1,0,Medium CSAT,0
2024-09-21,Al Wajh,Tabuk,Medium,Beverages,7541.81,95,Cash,3.3,8.928217485244277,2024,9,Saturday,79.39,MEDIUM,2024Q3,1,Medium CSAT,0
2026-01-20,Al Jawf Central,Al Jawf,Small,Snacks & Confectionery,1949.43,50,Cash,3.3,7.575292301135264,2026,1,Tuesday,38.99,LOW,2026Q1,0,Medium CSAT,0
2024-12-31,Makkah City,Makkah,Large,Dairy,7932.38,95,STC Pay,4.5,8.97870839570347,2024,12,Tuesday,83.5,MEDIUM,2024Q4,0,High CSAT,0
2024-02-19,Hafuf,Eastern Province,Medium,Household,4174.24,50,Visa,3.8,8.336687584786262,2024,2,Monday,83.48,LOW,2024Q1,0,Medium CSAT,0
2025-09-05,Al Olaya,Riyadh,Large,Household,15616.27,179,Apple Pay,3.5,9.65606859846242,2025,9,Friday,87.24,HIGH,2025Q3,1,Medium CSAT,1
2024-10-04,Dhahran,Eastern Province,XLarge,Toys,25856.06,228,Visa,4.0,10.160300281862684,2024,10,Friday,113.4,HIGH,2024Q4,1,Medium CSAT,0
2024-10-15,Buraidah Central,Qassim,Large,Beverages,4501.09,50,STC Pay,3.7,8.412074868649567,2024,10,Tuesday,90.02,LOW,2024Q4,0,Medium CSAT,0
2024-08-11,Al Olaya,Riyadh,Large,Bakery,8676.23,101,STC Pay,3.2,9.068342381507785,2024,8,Sunday,85.9,MEDIUM,2024Q3,0,Medium CSAT,0
2026-05-16,Buraidah Central,Qassim,Medium,Household,8023.21,88,Cash,3.3,8.990093870158704,2026,5,Saturday,91.17,MEDIUM,2026Q2,1,Medium CSAT,0
2024-03-19,Arar Central,Northern Borders,Small,Fresh Produce,9201.130000000001,50,Mada,3.5,9.127081581581582,2024,3,Tuesday,184.02,MEDIUM,2024Q1,0,Medium CSAT,1
2025-09-03,Hail Central,Hail,Small,Baby Products,2615.05,50,Mada,3.4,7.86903849677512,2025,9,Wednesday,52.3,LOW,2025Q3,0,Medium CSAT,1
2024-08-15,Hittin,Riyadh,XLarge,Toys,14074.55,159,Mada,4.3,9.552123480915972,2024,8,Thursday,88.52,HIGH,2024Q3,0,High CSAT,1
2025-12-08,Al Wajh,Tabuk,Medium,Fresh Produce,6174.07,55,Mada,4.9,8.728113542866312,2025,12,Monday,112.26,MEDIUM,2025Q4,0,High CSAT,1
2024-02-13,Al Wajh,Tabuk,Large,Electronics,5300.34,50,Visa,2.9,8.575526248426026,2024,2,Tuesday,106.01,MEDIUM,2024Q1,0,Low CSAT,0
2024-03-08,Riyadh East,Riyadh,Large,Electronics,16773.66,108,Cash,4.0,9.727565077874281,2024,3,Friday,155.31,HIGH,2024Q1,1,Medium CSAT,0
2025-08-24,Al Rawdah,Makkah,Large,Fresh Produce,15531.65,99,Cash,4.3,9.65063515647456,2025,8,Sunday,156.89,HIGH,2025Q3,0,High CSAT,0
2024-12-26,Hafuf,Eastern Province,Medium,Household,5495.1,59,Mada,3.0,8.611612065034281,2024,12,Thursday,93.14,MEDIUM,2024Q4,0,Low CSAT,1
2024-04-11,Riyadh West,Riyadh,Large,Fresh Produce,14053.84,161,Mastercard,4.0,9.550650947028165,2024,4,Thursday,87.29,HIGH,2024Q2,0,Medium CSAT,0
2024-01-05,Unaizah,Qassim,Small,Fresh Produce,3370.5,50,Visa,3.5,8.122816380293493,2024,1,Friday,67.41,LOW,2024Q1,1,Medium CSAT,0
2025-01-10,Najran Central,Najran,Medium,Fresh Produce,6689.87,79,Cash,4.4,8.80834972094543,2025,1,Friday,84.68,MEDIUM,2025Q1,1,High CSAT,0
2024-08-07,Al Wajh,Tabuk,Medium,Meat & Poultry,5828.31,58,Mada,3.8,8.67048235738984,2024,8,Wednesday,100.49,MEDIUM,2024Q3,0,Medium CSAT,1
2024-04-22,Arar Central,Northern Borders,Small,Beverages,2394.89,50,Mada,3.6,7.781092579771457,2024,4,Monday,47.9,LOW,2024Q2,0,Medium CSAT,1
2024-04-28,Al Bahah Central,Al Bahah,Small,Beverages,3269.54,50,Mastercard,3.4,8.092404581213081,2024,4,Sunday,65.39,LOW,2024Q2,0,Medium CSAT,0
2024-08-19,Hail Central,Hail,Small,Dairy,1816.82,50,Mada,4.3,7.504842999097115,2024,8,Monday,36.34,LOW,2024Q3,0,High CSAT,1
2025-11-26,Najran Central,Najran,Medium,Electronics,7352.06,60,Mastercard,4.1,8.902735825046836,2025,11,Wednesday,122.53,MEDIUM,2025Q4,0,High CSAT,0
2025-03-24,Bisha,Asir,Medium,Clothing,9264.0,68,Mada,3.4,9.133891199812776,2025,3,Monday,136.24,MEDIUM,2025Q1,0,Medium CSAT,1
2024-03-07,Jeddah South,Makkah,Large,Fresh Produce,9950.49,97,Apple Pay,2.8,9.205377075171238,2024,3,Thursday,102.58,MEDIUM,2024Q1,0,Low CSAT,1
2024-05-05,Bisha,Asir,Large,Beverages,5317.86,62,Apple Pay,3.9,8.57882624577009,2024,5,Sunday,85.77,MEDIUM,2024Q2,0,Medium CSAT,1
2024-12-30,Bisha,Asir,Medium,Personal Care,5636.96,57,Mada,3.3,8.637100192083363,2024,12,Monday,98.89,MEDIUM,2024Q4,0,Medium CSAT,1
2024-05-30,Dammam Central,Eastern Province,Large,Fresh Produce,11109.95,111,Mada,3.7,9.315596382173503,2024,5,Thursday,100.09,HIGH,2024Q2,0,Medium CSAT,1
2026-01-25,Al Olaya,Riyadh,Large,Electronics,14031.35,115,Tabby,3.6,9.549049390848044,2026,1,Sunday,122.01,HIGH,2026Q1,0,Medium CSAT,0
2025-09-11,Khamis Mushait,Asir,Small,Fresh Produce,2561.72,50,Cash,4.2,7.848434186866648,2025,9,Thursday,51.23,LOW,2025Q3,0,High CSAT,0
2026-03-22,Al Bahah Central,Al Bahah,Small,Dairy,2817.67,50,Visa,3.9,7.943665581272066,2026,3,Sunday,56.35,LOW,2026Q1,0,Medium CSAT,0
2024-12-17,Unaizah,Qassim,Small,Household,3225.49,50,Apple Pay,4.4,8.078840155672962,2024,12,Tuesday,64.51,LOW,2024Q4,0,High CSAT,1
2025-01-27,Hittin,Riyadh,XLarge,Snacks & Confectionery,9201.130000000001,157,Cash,4.0,9.127081581581582,2025,1,Monday,58.61,MEDIUM,2025Q1,0,Medium CSAT,0
2025-07-24,Jeddah East,Makkah,Large,Frozen Foods,9984.12,130,Mada,3.5,9.208751109767748,2025,7,Thursday,76.8,MEDIUM,2025Q3,0,Medium CSAT,1
2025-05-14,Khamis Mushait,Asir,Small,Household,2668.07,50,Visa,3.7,7.889110643572892,2025,5,Wednesday,53.36,LOW,2025Q2,0,Medium CSAT,0
2025-08-08,Unaizah,Qassim,Small,Household,2937.81,50,Cash,3.6,7.985419684799207,2025,8,Friday,58.76,LOW,2025Q3,1,Medium CSAT,0
2025-09-23,Khamis Mushait,Asir,Small,Frozen Foods,2317.15,50,Cash,4.1,7.748093261223396,2025,9,Tuesday,46.34,LOW,2025Q3,0,High CSAT,0
2024-05-11,Riyadh East,Riyadh,Large,Meat & Poultry,19920.25,198,Cash,4.1,9.89949208126064,2024,5,Saturday,100.61,HIGH,2024Q2,1,High CSAT,0
2025-03-14,Al Olaya,Riyadh,Large,Meat & Poultry,21117.54,180,Mastercard,3.6,9.957859253763466,2025,3,Friday,117.32,HIGH,2025Q1,1,Medium CSAT,0
2024-08-28,Madinah North,Madinah,Large,Personal Care,10484.95,128,Cash,3.7,9.257696174607435,2024,8,Wednesday,81.91,HIGH,2024Q3,0,Medium CSAT,0
2025-07-05,Riyadh North,Riyadh,Large,Beverages,11446.51,154,Visa,4.1,9.345440159026909,2025,7,Saturday,74.33,HIGH,2025Q3,1,High CSAT,0
2024-09-30,Tabuk Central,Tabuk,Medium,Beverages,3299.89,50,Mada,3.5,8.10164441356567,2024,9,Monday,66.0,LOW,2024Q3,0,Medium CSAT,1
2026-04-07,Al Olaya,Riyadh,Large,Toys,11921.66,110,Mada,3.6,9.38611219266829,2026,4,Tuesday,108.38,HIGH,2026Q2,0,Medium CSAT,1
2024-06-19,Qatif,Eastern Province,Large,Meat & Poultry,19390.93,171,Mada,4.4,9.872560709953973,2024,6,Wednesday,113.4,HIGH,2024Q2,0,High CSAT,1
2024-08-07,Unaizah,Qassim,Small,Electronics,2691.45,50,Mada,3.0,7.897835360826785,2024,8,Wednesday,53.83,LOW,2024Q3,0,Low CSAT,1
2025-10-01,Madinah Central,Madinah,Small,Fresh Produce,9201.130000000001,50,Cash,3.5,9.127081581581582,2025,10,Wednesday,184.02,MEDIUM,2025Q4,0,Medium CSAT,0
2025-05-01,Buraidah Central,Qassim,Large,Meat & Poultry,5866.61,50,Apple Pay,3.8,8.677032233220576,2025,5,Thursday,117.33,MEDIUM,2025Q2,0,Medium CSAT,1
2026-04-03,Al Jawf Central,Al Jawf,Small,Clothing,3872.07,50,Mada,3.6,8.26154452674545,2026,4,Friday,77.44,LOW,2026Q2,1,Medium CSAT,1
2024-01-20,Jeddah East,Makkah,Large,Household,16388.64,143,Mada,4.3,9.704343690869798,2024,1,Saturday,114.61,HIGH,2024Q1,1,High CSAT,1
2024-10-01,Arar Central,Northern Borders,Small,Household,3118.04,50,Apple Pay,3.1,8.044959878271804,2024,10,Tuesday,62.36,LOW,2024Q4,0,Medium CSAT,1
2025-06-18,Riyadh South,Riyadh,Large,Beverages,6910.81,72,Mastercard,4.0,8.840842131310056,2025,6,Wednesday,95.98,MEDIUM,2025Q2,0,Medium CSAT,0
2026-05-14,Dhahran,Eastern Province,XLarge,Dairy,14287.86,202,Cash,4.1,9.567165504636025,2026,5,Thursday,70.73,HIGH,2026Q2,0,High CSAT,0
2025-10-23,Al Khobar,Eastern Province,Large,Toys,9268.17,87,Mada,4.2,9.134341228068548,2025,10,Thursday,106.53,MEDIUM,2025Q4,0,High CSAT,1
2024-07-15,Jeddah North,Makkah,XLarge,Snacks & Confectionery,9814.02,110,Mada,4.4,9.191567254552806,2024,7,Monday,89.22,MEDIUM,2024Q3,0,High CSAT,1
2024-07-25,Riyadh East,Riyadh,Large,Fresh Produce,7687.09,77,Apple Pay,3.8,8.947297577359167,2024,7,Thursday,99.83,MEDIUM,2024Q3,0,Medium CSAT,1
2025-10-21,Jeddah East,Makkah,Large,Fresh Produce,13796.58,130,Cash,3.9,9.53217601434438,2025,10,Tuesday,106.13,HIGH,2025Q4,0,Medium CSAT,0
2024-03-06,Dhahran,Eastern Province,XLarge,Meat & Poultry,25890.12,222,Mastercard,3.9,10.161616707729047,2024,3,Wednesday,116.62,HIGH,2024Q1,0,Medium CSAT,0
2025-02-10,Al Malaz,Riyadh,Large,Frozen Foods,9964.68,96,Mada,3.7,9.206802119737905,2025,2,Monday,103.8,MEDIUM,2025Q1,0,Medium CSAT,1
2025-11-11,Buraidah Central,Qassim,Medium,Baby Products,7354.3,82,Mada,2.9,8.903040455154805,2025,11,Tuesday,89.69,MEDIUM,2025Q4,0,Low CSAT,1
2024-08-31,Al Malaz,Riyadh,Large,Frozen Foods,14219.07,149,Apple Pay,3.7,9.56233930037462,2024,8,Saturday,95.43,HIGH,2024Q3,1,Medium CSAT,1
2025-03-09,Madinah North,Madinah,Large,Fresh Produce,17383.14,171,Mada,3.1,9.763256049934819,2025,3,Sunday,101.66,HIGH,2025Q1,0,Medium CSAT,1
2024-09-17,Tabuk Central,Tabuk,Medium,Fresh Produce,8405.62,65,Mastercard,4.2,9.036655808737871,2024,9,Tuesday,129.32,MEDIUM,2024Q3,0,High CSAT,0
2025-11-30,Najran Central,Najran,Medium,Dairy,5844.24,81,Cash,4.1,8.67321183978914,2025,11,Sunday,72.15,MEDIUM,2025Q4,0,High CSAT,0
2026-01-02,Najran Central,Najran,Medium,Dairy,4993.63,66,STC Pay,4.4,8.515918379188312,2026,1,Friday,75.66,LOW,2026Q1,1,High CSAT,0
2025-12-08,Riyadh South,Riyadh,Large,Clothing,16453.84,128,Mada,3.8,9.708314163602346,2025,12,Monday,128.55,HIGH,2025Q4,0,Medium CSAT,1
2026-04-11,Abha Central,Asir,Small,Household,4868.15,50,Mada,4.6,8.490469267108452,2026,4,Saturday,97.36,LOW,2026Q2,1,High CSAT,1
2024-11-04,Al Anbariyah,Madinah,Large,Snacks & Confectionery,7152.63,77,Mada,3.9,8.875235400222218,2024,11,Monday,92.89,MEDIUM,2024Q4,0,Medium CSAT,1
2025-03-25,Jeddah South,Makkah,Large,Cleaning Supplies,13377.8,189,Mada,4.6,9.501351895648826,2025,3,Tuesday,70.78,HIGH,2025Q1,0,High CSAT,1
2025-04-27,Al Bahah Central,Al Bahah,Small,Cleaning Supplies,3604.59,50,Mada,3.8,8.189963312321932,2025,4,Sunday,72.09,LOW,2025Q2,0,Medium CSAT,1
2026-04-24,Al Olaya,Riyadh,Large,Dairy,9201.130000000001,111,Mada,3.7,9.127081581581582,2026,4,Friday,82.89,MEDIUM,2026Q2,1,Medium CSAT,1
2025-04-09,Jubail,Eastern Province,Large,Frozen Foods,12555.67,150,Mada,3.3,9.437927635360964,2025,4,Wednesday,83.7,HIGH,2025Q2,0,Medium CSAT,1
2026-03-21,Hail Central,Hail,Small,Electronics,5418.2,50,Mada,3.4,8.597518935954138,2026,3,Saturday,108.36,MEDIUM,2026Q1,1,Medium CSAT,1
2025-06-12,Madinah North,Madinah,Large,Frozen Foods,10028.52,120,Cash,3.7,9.213188312740312,2025,6,Thursday,83.57,HIGH,2025Q2,0,Medium CSAT,0
2026-03-22,Tabuk Central,Tabuk,Medium,Beverages,8478.84,114,Cash,4.0,9.045328926976177,2026,3,Sunday,74.38,MEDIUM,2026Q1,0,Medium CSAT,0
2026-03-29,Jubail,Eastern Province,Large,Fresh Produce,12471.87,131,Mada,4.3,9.431230987334988,2026,3,Sunday,95.21,HIGH,2026Q1,0,High CSAT,1
2026-05-04,Khamis Mushait,Asir,Large,Fresh Produce,1996.77,50,STC Pay,3.3,7.599286154023785,2026,5,Monday,39.94,LOW,2026Q2,0,Medium CSAT,0
2025-04-18,Al Malaz,Riyadh,Large,Toys,13139.11,119,Mada,3.4,9.483348557629,2025,4,Friday,110.41,HIGH,2025Q2,1,Medium CSAT,1
2025-09-06,Al Wajh,Tabuk,Medium,Fresh Produce,6510.6,68,STC Pay,4.3,8.781186896854217,2025,9,Saturday,95.74,MEDIUM,2025Q3,1,High CSAT,0
2026-03-02,Al Wajh,Tabuk,Medium,Beverages,5716.97,71,Cash,4.2,8.651194223742769,2026,3,Monday,80.52,MEDIUM,2026Q1,0,High CSAT,0
2024-07-14,Al Rawdah,Makkah,Large,Snacks & Confectionery,13975.73,154,Mastercard,3.5,9.545077532794998,2024,7,Sunday,90.75,HIGH,2024Q3,0,Medium CSAT,0
2025-09-06,Al Rawdah,Makkah,Large,Snacks & Confectionery,11217.47,149,Mada,4.1,9.325227663453871,2025,9,Saturday,75.29,HIGH,2025Q3,1,High CSAT,1
2025-02-22,Jeddah East,Makkah,Large,Electronics,21852.34,200,Mada,3.5,9.992063288611112,2025,2,Saturday,109.26,HIGH,2025Q1,1,Medium CSAT,1
2024-03-28,Arar Central,Northern Borders,Small,Fresh Produce,2623.18,50,Mastercard,3.7,7.87214260122568,2024,3,Thursday,52.46,LOW,2024Q1,0,Medium CSAT,0
2025-12-31,Al Rawdah,Makkah,Large,Beverages,9862.67,120,Cash,3.7,9.196512202014446,2025,12,Wednesday,82.19,MEDIUM,2025Q4,0,Medium CSAT,0
2025-04-27,Madinah North,Madinah,Large,Baby Products,22960.01,257,Tabby,3.8,10.041509285973477,2025,4,Sunday,89.34,HIGH,2025Q2,0,Medium CSAT,0
2024-01-06,Riyadh East,Riyadh,Large,Personal Care,12643.85,122,Mada,3.1,9.44492620993075,2024,1,Saturday,103.64,HIGH,2024Q1,1,Medium CSAT,1
2025-08-17,Riyadh East,Riyadh,Large,Fresh Produce,10581.66,117,Mada,4.6,9.266877592915767,2025,8,Sunday,90.44,HIGH,2025Q3,0,High CSAT,1
2024-05-15,Arar Central,Northern Borders,Small,Toys,1731.3,50,Mada,3.2,7.45662785038503,2024,5,Wednesday,34.63,LOW,2024Q2,0,Medium CSAT,1
2026-05-04,Al Bahah Central,Al Bahah,Small,Meat & Poultry,2142.58,50,STC Pay,4.6,7.669765989331424,2026,5,Monday,42.85,LOW,2026Q2,0,High CSAT,0
2025-09-19,Al Anbariyah,Madinah,Large,Cleaning Supplies,12623.66,162,Mada,4.1,9.443328109896598,2025,9,Friday,77.92,HIGH,2025Q3,1,High CSAT,1
2026-02-21,Al Bahah Central,Al Bahah,Small,Household,4122.99,50,Visa,4.2,8.324333907285574,2026,2,Saturday,82.46,LOW,2026Q1,1,High CSAT,0
2024-02-24,Hail Central,Hail,Small,Electronics,3596.65,50,Mada,3.8,8.187758135653038,2024,2,Saturday,71.93,LOW,2024Q1,1,Medium CSAT,1
2025-05-21,Hittin,Riyadh,XLarge,Meat & Poultry,14529.51,143,Mada,4.4,9.583937032664645,2025,5,Wednesday,101.6,HIGH,2025Q2,0,High CSAT,1
2024-04-25,Al Bahah Central,Al Bahah,Small,Snacks & Confectionery,3029.28,50,Cash,3.8,8.016080246504039,2024,4,Thursday,60.59,LOW,2024Q2,0,Medium CSAT,0
2026-02-06,Jeddah South,Makkah,Large,Dairy,9947.92,143,Visa,3.6,9.205118763073509,2026,2,Friday,69.57,MEDIUM,2026Q1,1,Medium CSAT,0
2025-06-22,Riyadh Central,Riyadh,Large,Fresh Produce,13841.49,179,Mada,3.6,9.535425882336389,2025,6,Sunday,77.33,HIGH,2025Q2,0,Medium CSAT,1
2024-01-27,Qatif,Eastern Province,XLarge,Fresh Produce,24410.4,197,Mada,4.0,10.102764549979495,2024,1,Saturday,123.91,HIGH,2024Q1,1,Medium CSAT,1
2026-05-07,Al Olaya,Riyadh,Large,Electronics,12701.65,96,Mastercard,3.2,9.44948718526749,2026,5,Thursday,132.31,HIGH,2026Q2,0,Medium CSAT,0
2025-08-31,Dammam Central,Eastern Province,Large,Dairy,12323.6,125,Visa,3.9,9.419271402195337,2025,8,Sunday,98.59,HIGH,2025Q3,0,Medium CSAT,0
2024-11-28,Hail Central,Hail,Small,Baby Products,9201.130000000001,50,Apple Pay,4.1,9.127081581581582,2024,11,Thursday,184.02,MEDIUM,2024Q4,0,High CSAT,1
2024-11-26,Al Khobar,Eastern Province,Large,Frozen Foods,11816.25,136,Visa,4.4,9.377230981739594,2024,11,Tuesday,86.88,HIGH,2024Q4,0,High CSAT,0
2025-02-12,Al Malaz,Riyadh,Large,Bakery,6310.29,93,Mada,4.1,8.749936913274748,2025,2,Wednesday,67.85,MEDIUM,2025Q1,0,High CSAT,1
2026-03-09,Khamis Mushait,Asir,Small,Clothing,2658.5,50,Mada,3.6,7.885517332944393,2026,3,Monday,53.17,LOW,2026Q1,0,Medium CSAT,1
2026-05-02,Al Olaya,Riyadh,Large,Fresh Produce,12821.23,139,Mada,3.6,9.458857669710099,2026,5,Saturday,92.24,HIGH,2026Q2,1,Medium CSAT,1
2025-07-30,Dammam Central,Eastern Province,Large,Fresh Produce,9391.15,101,Mada,4.0,9.147523035416908,2025,7,Wednesday,92.98,MEDIUM,2025Q3,0,Medium CSAT,1
2024-02-11,Al Malaz,Riyadh,Large,Baby Products,14226.91,145,Visa,4.3,9.562890520631298,2024,2,Sunday,98.12,HIGH,2024Q1,0,High CSAT,0
2025-05-22,Jeddah North,Makkah,XLarge,Clothing,21587.87,156,Mada,3.8,9.979886861856404,2025,5,Thursday,138.38,HIGH,2025Q2,0,Medium CSAT,1
2024-10-29,Al Wajh,Tabuk,Medium,Household,5891.58,68,Mada,3.4,8.681279491946038,2024,10,Tuesday,86.64,MEDIUM,2024Q4,0,Medium CSAT,1
2025-11-07,Arar Central,Northern Borders,Small,Snacks & Confectionery,3170.46,50,Visa,3.6,8.061631966753923,2025,11,Friday,63.41,LOW,2025Q4,1,Medium CSAT,0
2024-01-17,Al Jawf Central,Al Jawf,Small,Clothing,2130.81,50,Mada,3.5,7.664257468104855,2024,1,Wednesday,42.62,LOW,2024Q1,0,Medium CSAT,1
2024-11-17,Dhahran,Eastern Province,XLarge,Beverages,9201.130000000001,315,Visa,4.1,9.127081581581582,2024,11,Sunday,29.21,MEDIUM,2024Q4,0,High CSAT,0
2024-12-15,Al Anbariyah,Madinah,Large,Cleaning Supplies,16766.18,188,Mada,3.8,9.727119041153532,2024,12,Sunday,89.18,HIGH,2024Q4,0,Medium CSAT,1
2025-03-20,Al Olaya,Riyadh,Large,Electronics,9201.130000000001,149,Mada,3.3,9.127081581581582,2025,3,Thursday,61.75,MEDIUM,2025Q1,0,Medium CSAT,1
2025-04-16,Najran Central,Najran,Medium,Snacks & Confectionery,6006.99,86,Visa,3.8,8.700679070124288,2025,4,Wednesday,69.85,MEDIUM,2025Q2,0,Medium CSAT,0
2025-12-08,Abha Central,Asir,Small,Toys,2774.96,50,Mada,3.6,7.9283916116622315,2025,12,Monday,55.5,LOW,2025Q4,0,Medium CSAT,1
2024-05-18,Makkah City,Makkah,Large,Fresh Produce,10202.46,99,Tabby,4.0,9.230384146664582,2024,5,Saturday,103.06,HIGH,2024Q2,1,Medium CSAT,0
2025-10-27,Jeddah North,Makkah,XLarge,Snacks & Confectionery,12924.17,180,Visa,3.8,9.466854480680224,2025,10,Monday,71.8,HIGH,2025Q4,0,Medium CSAT,0
2024-11-04,Al Malaz,Riyadh,Large,Fresh Produce,11519.33,123,Cash,4.3,9.351781772836318,2024,11,Monday,93.65,HIGH,2024Q4,0,High CSAT,0
2025-05-11,Hail Central,Hail,Small,Snacks & Confectionery,2620.87,50,Mada,3.2,7.87126160270377,2025,5,Sunday,52.42,LOW,2025Q2,0,Medium CSAT,1
2024-02-22,Bisha,Asir,Medium,Fresh Produce,4310.51,54,Mada,3.4,8.368811505563771,2024,2,Thursday,79.82,LOW,2024Q1,0,Medium CSAT,1
2024-02-07,Al Khobar,Eastern Province,Large,Beverages,8178.07,99,Visa,4.0,9.009211460437967,2024,2,Wednesday,82.61,MEDIUM,2024Q1,0,Medium CSAT,0
2024-08-25,Al Bahah Central,Al Bahah,Small,Household,3619.06,50,Mada,4.4,8.193969602591824,2024,8,Sunday,72.38,LOW,2024Q3,0,High CSAT,1
2025-04-29,Tabuk Central,Tabuk,Medium,Personal Care,4901.54,54,Mada,4.1,8.497304720435594,2025,4,Tuesday,90.77,LOW,2025Q2,0,High CSAT,1
2024-01-22,Al Wajh,Tabuk,Medium,Frozen Foods,3576.02,50,Mada,3.3,8.182005729118929,2024,1,Monday,71.52,LOW,2024Q1,0,Medium CSAT,1
2025-09-08,Qatif,Eastern Province,Large,Toys,19693.3,204,Mada,4.0,9.888033755355599,2025,9,Monday,96.54,HIGH,2025Q3,0,Medium CSAT,1
2025-03-02,Khamis Mushait,Asir,Small,Clothing,7051.32,67,Apple Pay,3.8,8.86097011232276,2025,3,Sunday,105.24,MEDIUM,2025Q1,0,Medium CSAT,1
2024-10-16,Al Rawdah,Makkah,Large,Fresh Produce,11211.27,123,Mada,3.1,9.324674801353021,2024,10,Wednesday,91.15,HIGH,2024Q4,0,Medium CSAT,1
2025-09-12,Jeddah South,Makkah,Large,Snacks & Confectionery,11229.42,161,Mada,3.8,9.32629239902561,2025,9,Friday,69.75,HIGH,2025Q3,1,Medium CSAT,1
2025-01-02,Riyadh North,Riyadh,Large,Meat & Poultry,14298.06,112,Apple Pay,4.3,9.567879142709096,2025,1,Thursday,127.66,HIGH,2025Q1,0,High CSAT,1
2024-02-02,Al Jawf Central,Al Jawf,Small,Meat & Poultry,3624.22,50,Mada,3.2,8.195394371722077,2024,2,Friday,72.48,LOW,2024Q1,1,Medium CSAT,1
2026-05-11,Arar Central,Northern Borders,Small,Baby Products,9201.130000000001,50,Visa,3.4,9.127081581581582,2026,5,Monday,184.02,MEDIUM,2026Q2,0,Medium CSAT,0
2026-04-23,Al Olaya,Riyadh,Large,Household,14089.49,122,Cash,3.9,9.553184408354033,2026,4,Thursday,115.49,HIGH,2026Q2,0,Medium CSAT,0
2025-12-26,Al Khobar,Eastern Province,Large,Household,15318.61,167,Cash,4.2,9.636823708107773,2025,12,Friday,91.73,HIGH,2025Q4,1,High CSAT,0
2024-12-08,Abha Central,Asir,Small,Fresh Produce,4141.86,99,Tabby,3.6,8.328900241287721,2024,12,Sunday,41.84,LOW,2024Q4,0,Medium CSAT,0
2024-12-15,Najran Central,Najran,Medium,Fresh Produce,7046.15,99,Mastercard,3.8,8.860236647349007,2024,12,Sunday,71.17,MEDIUM,2024Q4,0,Medium CSAT,0
2025-01-04,Tabuk Central,Tabuk,Medium,Bakery,6326.4,92,Visa,3.9,8.752486632976298,2025,1,Saturday,68.77,MEDIUM,2025Q1,1,Medium CSAT,0
2025-02-27,Al Wajh,Tabuk,Medium,Cleaning Supplies,5021.4,76,Visa,3.6,8.521464058266883,2025,2,Thursday,66.07,MEDIUM,2025Q1,0,Medium CSAT,0
2024-01-31,Abha Central,Asir,Small,Fresh Produce,1993.19,50,Visa,3.8,7.597491649336667,2024,1,Wednesday,39.86,LOW,2024Q1,0,Medium CSAT,0
2026-03-01,Bisha,Asir,Medium,Electronics,8603.38,73,Mastercard,4.0,9.059910428284004,2026,3,Sunday,117.85,MEDIUM,2026Q1,0,Medium CSAT,0
2025-08-11,Jeddah North,Makkah,XLarge,Clothing,14519.9,137,Mastercard,3.7,9.58327540130273,2025,8,Monday,105.98,HIGH,2025Q3,0,Medium CSAT,0
2025-11-28,Bisha,Asir,Medium,Cleaning Supplies,6722.0,93,Mada,3.8,8.81314100828505,2025,11,Friday,72.28,MEDIUM,2025Q4,1,Medium CSAT,1
2024-01-09,Hafuf,Eastern Province,Medium,Cleaning Supplies,4713.96,63,Cash,3.3,8.458283598097326,2024,1,Tuesday,74.82,LOW,2024Q1,0,Medium CSAT,0
2025-10-01,Unaizah,Qassim,Small,Clothing,9201.130000000001,50,STC Pay,3.9,9.127081581581582,2025,10,Wednesday,184.02,MEDIUM,2025Q4,0,Medium CSAT,0
2026-03-05,Bisha,Asir,Medium,Dairy,4110.56,50,Mada,3.7,8.32131455125004,2026,3,Thursday,82.21,LOW,2026Q1,0,Medium CSAT,1
2025-06-16,Makkah City,Makkah,Large,Dairy,9250.29,96,Visa,3.2,9.13241018136638,2025,6,Monday,96.36,MEDIUM,2025Q2,0,Medium CSAT,0
2024-12-14,Buraidah Central,Qassim,Large,Fresh Produce,9778.31,88,Apple Pay,3.6,9.187921946460948,2024,12,Saturday,111.12,MEDIUM,2024Q4,1,Medium CSAT,1
2026-01-13,Dhahran,Eastern Province,XLarge,Household,16427.57,179,Apple Pay,3.8,9.70671629991041,2026,1,Tuesday,91.77,HIGH,2026Q1,0,Medium CSAT,1
2025-10-04,Al Anbariyah,Madinah,Large,Fresh Produce,15317.23,187,STC Pay,3.3,9.636733617547115,2025,10,Saturday,81.91,HIGH,2025Q4,1,Medium CSAT,0
2025-04-09,Riyadh Central,Riyadh,Large,Bakery,8849.35,129,Visa,4.0,9.088099288976977,2025,4,Wednesday,68.6,MEDIUM,2025Q2,0,Medium CSAT,0
2026-05-14,Unaizah,Qassim,Small,Meat & Poultry,2852.64,50,Apple Pay,3.5,7.95600016028646,2026,5,Thursday,57.05,LOW,2026Q2,0,Medium CSAT,1
2025-06-16,Khamis Mushait,Asir,Small,Fresh Produce,2121.74,50,Mada,3.0,7.65999178574807,2025,6,Monday,42.43,LOW,2025Q2,0,Low CSAT,1
2025-04-10,Abha Central,Asir,Small,Toys,2321.64,50,Cash,4.4,7.750029111478396,2025,4,Thursday,46.43,LOW,2025Q2,0,High CSAT,0
2024-08-07,Najran Central,Najran,Medium,Meat & Poultry,5616.99,51,Visa,4.1,8.633551212221073,2024,8,Wednesday,110.14,MEDIUM,2024Q3,0,High CSAT,0
2026-03-08,Buraidah Central,Qassim,Medium,Dairy,6092.92,76,Mada,2.9,8.71488272034119,2026,3,Sunday,80.17,MEDIUM,2026Q1,0,Low CSAT,1
2026-01-19,Al Bahah Central,Al Bahah,Small,Snacks & Confectionery,2269.5,50,Cash,3.8,7.72731482189652,2026,1,Monday,45.39,LOW,2026Q1,0,Medium CSAT,0
2024-05-12,Arar Central,Northern Borders,Small,Household,4060.99,50,Mastercard,3.5,8.309182065235593,2024,5,Sunday,81.22,LOW,2024Q2,0,Medium CSAT,0
2025-07-26,Jeddah South,Makkah,Large,Baby Products,9201.130000000001,143,Mada,3.8,9.127081581581582,2025,7,Saturday,64.34,MEDIUM,2025Q3,1,Medium CSAT,1
2025-01-13,Hittin,Riyadh,XLarge,Electronics,22348.56,148,Mada,4.3,10.014517168435843,2025,1,Monday,151.0,HIGH,2025Q1,0,High CSAT,1
2024-01-29,Al Bahah Central,Al Bahah,Small,Fresh Produce,2296.84,50,Cash,3.6,7.739289544189862,2024,1,Monday,45.94,LOW,2024Q1,0,Medium CSAT,0
2024-10-17,Dhahran,Eastern Province,XLarge,Snacks & Confectionery,14208.93,172,Cash,3.5,9.561625919170877,2024,10,Thursday,82.61,HIGH,2024Q4,0,Medium CSAT,0
2025-05-07,Tabuk Central,Tabuk,Medium,Household,5464.39,63,Apple Pay,4.5,8.606007774984572,2025,5,Wednesday,86.74,MEDIUM,2025Q2,0,High CSAT,1
2026-05-04,Najran Central,Najran,Medium,Personal Care,5274.84,61,Visa,3.8,8.570703626130696,2026,5,Monday,86.47,MEDIUM,2026Q2,0,Medium CSAT,0
2024-06-01,Hail Central,Hail,Small,Dairy,3179.06,50,Mastercard,3.7,8.064340834592398,2024,6,Saturday,63.58,LOW,2024Q2,1,Medium CSAT,0
2025-01-31,Tabuk Central,Tabuk,Medium,Meat & Poultry,6331.2,58,Tabby,4.3,8.75324507063116,2025,1,Friday,109.16,MEDIUM,2025Q1,1,High CSAT,0
2024-06-18,Al Malaz,Riyadh,Large,Personal Care,9997.83,117,Mastercard,3.4,9.210123348428276,2024,6,Tuesday,85.45,MEDIUM,2024Q2,0,Medium CSAT,0
2025-10-21,Hittin,Riyadh,Large,Fresh Produce,17590.74,204,Visa,4.5,9.775127906204302,2025,10,Tuesday,86.23,HIGH,2025Q4,0,High CSAT,0
2026-02-07,Al Aziziyah,Makkah,Large,Cleaning Supplies,11185.97,121,STC Pay,4.0,9.322415593454103,2026,2,Saturday,92.45,HIGH,2026Q1,1,Medium CSAT,0
2024-01-20,Jeddah East,Makkah,Large,Bakery,10113.48,152,Apple Pay,3.7,9.221624466436442,2024,1,Saturday,66.54,HIGH,2024Q1,1,Medium CSAT,1
2025-09-13,Unaizah,Qassim,Small,Personal Care,3167.73,50,STC Pay,3.5,8.06077052202954,2025,9,Saturday,63.35,LOW,2025Q3,1,Medium CSAT,0
2024-06-21,Unaizah,Qassim,Small,Fresh Produce,9201.130000000001,50,Mada,4.2,9.127081581581582,2024,6,Friday,184.02,MEDIUM,2024Q2,1,High CSAT,1
2025-11-25,Tabuk Central,Tabuk,Medium,Personal Care,4651.64,50,Cash,4.2,8.444975124573592,2025,11,Tuesday,93.03,LOW,2025Q4,0,High CSAT,0
2024-05-25,Jubail,Eastern Province,Large,Dairy,11695.32,138,Apple Pay,3.9,9.366944040764508,2024,5,Saturday,84.75,HIGH,2024Q2,1,Medium CSAT,1
2024-02-23,Hittin,Riyadh,XLarge,Frozen Foods,15691.4,184,Mada,4.0,9.660868070554583,2024,2,Friday,85.28,HIGH,2024Q1,1,Medium CSAT,1
2024-10-02,Hittin,Riyadh,XLarge,Beverages,12584.48,142,Mada,3.6,9.440219587685169,2024,10,Wednesday,88.62,HIGH,2024Q4,0,Medium CSAT,1
2025-10-10,Tabuk Central,Tabuk,Medium,Cleaning Supplies,4964.81,57,Tabby,3.7,8.510130307871913,2025,10,Friday,87.1,LOW,2025Q4,1,Medium CSAT,0
2024-11-07,Makkah City,Makkah,Large,Beverages,11010.96,147,Visa,3.5,9.306646419376086,2024,11,Thursday,74.9,HIGH,2024Q4,0,Medium CSAT,0
2025-01-17,Jeddah North,Makkah,XLarge,Fresh Produce,20594.01,99,Tabby,4.5,9.932755535794902,2025,1,Friday,208.02,HIGH,2025Q1,1,High CSAT,0
2024-01-02,Riyadh East,Riyadh,Large,Baby Products,12258.01,122,Mastercard,3.7,9.413934879839111,2024,1,Tuesday,100.48,HIGH,2024Q1,0,Medium CSAT,0
2024-01-01,Jeddah South,Makkah,Large,Cleaning Supplies,5754.39,67,Mada,3.2,8.657718320750996,2024,1,Monday,85.89,MEDIUM,2024Q1,0,Medium CSAT,1
2025-08-22,Al Rawdah,Makkah,Large,Dairy,12362.2,99,Visa,2.4,9.422398708700221,2025,8,Friday,124.87,HIGH,2025Q3,1,Low CSAT,0
2024-11-03,Riyadh West,Riyadh,Large,Toys,12181.66,145,Mastercard,4.6,9.407686820975744,2024,11,Sunday,84.01,HIGH,2024Q4,0,High CSAT,0
2025-09-17,Al Rawdah,Makkah,Large,Snacks & Confectionery,8848.08,124,STC Pay,3.8,9.08795576531256,2025,9,Wednesday,71.36,MEDIUM,2025Q3,0,Medium CSAT,0
2026-02-09,Al Anbariyah,Madinah,Large,Dairy,8134.35,108,Mada,4.0,9.003851114801334,2026,2,Monday,75.32,MEDIUM,2026Q1,0,Medium CSAT,1
2024-01-17,Qatif,Eastern Province,XLarge,Fresh Produce,19279.21,250,Visa,5.0,9.8667825922213,2024,1,Wednesday,77.12,HIGH,2024Q1,0,High CSAT,0
2024-01-10,Riyadh Central,Riyadh,Large,Meat & Poultry,12289.07,129,Mastercard,3.8,9.416465528419403,2024,1,Wednesday,95.26,HIGH,2024Q1,0,Medium CSAT,0
2025-07-05,Riyadh West,Riyadh,Large,Snacks & Confectionery,9113.59,118,Mastercard,3.3,9.11752198507571,2025,7,Saturday,77.23,MEDIUM,2025Q3,1,Medium CSAT,0
2026-04-12,Hafuf,Eastern Province,Medium,Personal Care,8182.41,82,Apple Pay,4.2,9.009742007231436,2026,4,Sunday,99.79,MEDIUM,2026Q2,0,High CSAT,1
2025-04-18,Hittin,Riyadh,XLarge,Fresh Produce,23691.51,211,Mastercard,2.9,10.072872035096198,2025,4,Friday,112.28,HIGH,2025Q2,1,Low CSAT,0
2025-11-27,Dammam Central,Eastern Province,Large,Meat & Poultry,16854.32,128,Visa,3.6,9.732362282742775,2025,11,Thursday,131.67,HIGH,2025Q4,0,Medium CSAT,0
2025-05-20,Madinah Central,Madinah,Small,Electronics,3715.44,50,Mastercard,4.2,8.22025238890032,2025,5,Tuesday,74.31,LOW,2025Q2,0,High CSAT,0
2024-01-08,Al Rawdah,Makkah,Large,Fresh Produce,6626.95,77,Apple Pay,3.4,8.798899947167657,2024,1,Monday,86.06,MEDIUM,2024Q1,0,Medium CSAT,1
2025-11-06,Al Aziziyah,Makkah,Large,Clothing,16212.48,146,Mada,3.6,9.6935365950079,2025,11,Thursday,111.04,HIGH,2025Q4,0,Medium CSAT,1
2026-02-02,Makkah City,Makkah,Large,Bakery,5259.8,72,Mada,3.1,8.567848282195182,2026,2,Monday,73.05,MEDIUM,2026Q1,0,Medium CSAT,1
2026-05-18,Al Aziziyah,Makkah,Large,Baby Products,11107.47,113,Visa,3.7,9.315373133928631,2026,5,Monday,98.3,HIGH,2026Q2,0,Medium CSAT,0
2025-11-28,Al Anbariyah,Madinah,Large,Beverages,13272.97,183,Visa,3.9,9.493484915396118,2025,11,Friday,72.53,HIGH,2025Q4,1,Medium CSAT,0
2025-03-18,Jubail,Eastern Province,Large,Meat & Poultry,20880.31,161,Mada,3.8,9.946561888629658,2025,3,Tuesday,129.69,HIGH,2025Q1,0,Medium CSAT,1
2025-01-05,Al Bahah Central,Al Bahah,Small,Electronics,4258.66,50,Cash,3.8,8.356709835790323,2025,1,Sunday,85.17,LOW,2025Q1,0,Medium CSAT,0
2024-01-06,Jubail,Eastern Province,Large,Meat & Poultry,15891.29,166,Apple Pay,3.6,9.673526439369637,2024,1,Saturday,95.73,HIGH,2024Q1,1,Medium CSAT,1
2025-12-07,Madinah Central,Madinah,Small,Electronics,4899.12,50,Mada,3.4,8.496810876133438,2025,12,Sunday,97.98,LOW,2025Q4,0,Medium CSAT,1
2024-01-29,Al Olaya,Riyadh,Large,Snacks & Confectionery,7833.09,99,Visa,3.8,8.966112347151862,2024,1,Monday,79.12,MEDIUM,2024Q1,0,Medium CSAT,0
2026-05-10,Qatif,Eastern Province,XLarge,Fresh Produce,18975.13,188,Mada,4.3,9.850884453360257,2026,5,Sunday,100.93,HIGH,2026Q2,0,High CSAT,1
2024-03-15,Madinah North,Madinah,Large,Personal Care,22833.76,265,Mada,3.8,10.03599542153901,2024,3,Friday,86.17,HIGH,2024Q1,1,Medium CSAT,1
2026-04-01,Riyadh South,Riyadh,Large,Dairy,10010.0,131,Cash,3.1,9.211339872309265,2026,4,Wednesday,76.41,HIGH,2026Q2,0,Medium CSAT,0
2025-07-26,Riyadh South,Riyadh,Large,Snacks & Confectionery,9252.5,108,Visa,3.1,9.132649064260312,2025,7,Saturday,85.67,MEDIUM,2025Q3,1,Medium CSAT,0
2025-04-09,Riyadh Central,Riyadh,Large,Snacks & Confectionery,9930.66,139,Visa,4.2,9.203382220087299,2025,4,Wednesday,71.44,MEDIUM,2025Q2,0,High CSAT,0
2025-10-28,Qatif,Eastern Province,XLarge,Frozen Foods,9201.130000000001,229,Mada,4.1,9.127081581581582,2025,10,Tuesday,40.18,MEDIUM,2025Q4,0,High CSAT,1
2025-08-30,Riyadh West,Riyadh,Large,Fresh Produce,15946.45,182,Visa,4.0,9.676991512907579,2025,8,Saturday,87.62,HIGH,2025Q3,1,Medium CSAT,0
2024-12-29,Al Anbariyah,Madinah,Large,Frozen Foods,14486.1,160,Mada,3.8,9.580944847948343,2024,12,Sunday,90.54,HIGH,2024Q4,0,Medium CSAT,1
2025-08-21,Dhahran,Eastern Province,XLarge,Baby Products,18757.6,196,Mada,3.9,9.839354282606527,2025,8,Thursday,95.7,HIGH,2025Q3,0,Medium CSAT,1
2026-03-05,Unaizah,Qassim,Small,Beverages,1876.84,50,Mada,4.1,7.53734479054507,2026,3,Thursday,37.54,LOW,2026Q1,0,High CSAT,1
2024-02-28,Jeddah North,Makkah,XLarge,Snacks & Confectionery,11697.4,146,Mada,3.9,9.367121873868609,2024,2,Wednesday,80.12,HIGH,2024Q1,0,Medium CSAT,1
2024-07-19,Hafuf,Eastern Province,Medium,Clothing,9395.95,71,Cash,4.0,9.148034024351277,2024,7,Friday,132.34,MEDIUM,2024Q3,1,Medium CSAT,0
2025-09-06,Arar Central,Northern Borders,Small,Snacks & Confectionery,3338.2,50,Mada,4.0,8.113187018544316,2025,9,Saturday,66.76,LOW,2025Q3,1,Medium CSAT,1
2025-03-04,Dhahran,Eastern Province,XLarge,Fresh Produce,22446.11,286,STC Pay,3.1,10.018872604214643,2025,3,Tuesday,78.48,HIGH,2025Q1,0,Medium CSAT,0
2025-12-10,Madinah Central,Madinah,Small,Personal Care,2298.58,50,Mastercard,3.6,7.740046819948401,2025,12,Wednesday,45.97,LOW,2025Q4,0,Medium CSAT,0
2026-04-06,Qatif,Eastern Province,XLarge,Bakery,17702.78,206,Tamara,3.9,9.781476968375845,2026,4,Monday,85.94,HIGH,2026Q2,0,Medium CSAT,0
2025-07-22,Riyadh North,Riyadh,Large,Dairy,6145.92,67,Visa,3.9,8.723543726009554,2025,7,Tuesday,91.73,MEDIUM,2025Q3,0,Medium CSAT,0
2024-02-14,Abha Central,Asir,Small,Fresh Produce,2500.8,50,Mada,3.6,7.824365959667213,2024,2,Wednesday,50.02,LOW,2024Q1,0,Medium CSAT,1
2024-07-01,Madinah North,Madinah,Large,Fresh Produce,7043.34,70,Cash,4.0,8.859837768463079,2024,7,Monday,100.62,MEDIUM,2024Q3,0,Medium CSAT,0
2025-01-23,Makkah City,Makkah,Large,Cleaning Supplies,9201.130000000001,109,Mada,3.4,9.127081581581582,2025,1,Thursday,84.41,MEDIUM,2025Q1,0,Medium CSAT,1
2025-11-07,Abha Central,Asir,Small,Household,2847.93,50,Visa,3.7,7.9543476935781205,2025,11,Friday,56.96,LOW,2025Q4,1,Medium CSAT,0
2025-12-29,Al Wajh,Tabuk,Medium,Fresh Produce,4148.68,53,Apple Pay,3.9,8.330545490339867,2025,12,Monday,78.28,LOW,2025Q4,0,Medium CSAT,1
2024-11-21,Abha Central,Asir,Small,Baby Products,3159.35,50,Cash,4.0,8.058121589220061,2024,11,Thursday,63.19,LOW,2024Q4,0,Medium CSAT,0
2026-05-24,Al Aziziyah,Makkah,Large,Frozen Foods,12734.29,134,Cash,4.0,9.452053633994426,2026,5,Sunday,95.03,HIGH,2026Q2,0,Medium CSAT,0
2025-08-21,Al Jawf Central,Al Jawf,Small,Bakery,2233.16,50,Mada,2.8,7.711172901758687,2025,8,Thursday,44.66,LOW,2025Q3,0,Low CSAT,1
2024-06-20,Riyadh West,Riyadh,Large,Frozen Foods,9039.04,108,Visa,3.4,9.109308253056902,2024,6,Thursday,83.69,MEDIUM,2024Q2,0,Medium CSAT,0
2025-12-30,Jubail,Eastern Province,Large,Toys,10718.7,122,Mada,3.8,9.279745158614439,2025,12,Tuesday,87.86,HIGH,2025Q4,0,Medium CSAT,1
2025-08-18,Dammam Central,Eastern Province,Large,Cleaning Supplies,7131.63,94,Cash,3.9,8.872295098781416,2025,8,Monday,75.87,MEDIUM,2025Q3,0,Medium CSAT,0
2025-02-09,Madinah North,Madinah,Large,Beverages,9708.46,108,Mada,4.1,9.180752949325079,2025,2,Sunday,89.89,MEDIUM,2025Q1,0,High CSAT,1
2024-09-17,Abha Central,Asir,Small,Fresh Produce,2223.52,50,Mada,3.3,7.706846804738272,2024,9,Tuesday,44.47,LOW,2024Q3,0,Medium CSAT,1
2025-06-08,Arar Central,Northern Borders,Small,Beverages,2783.63,50,Mada,4.0,7.931511110323167,2025,6,Sunday,55.67,LOW,2025Q2,0,Medium CSAT,1
2024-11-20,Al Bahah Central,Al Bahah,Small,Electronics,3089.35,50,Mada,4.4,8.035715991776812,2024,11,Wednesday,61.79,LOW,2024Q4,0,High CSAT,1
2026-05-12,Al Khobar,Eastern Province,Large,Household,10006.63,83,Mada,4.2,9.211003152288779,2026,5,Tuesday,120.56,HIGH,2026Q2,0,High CSAT,1
2024-04-10,Madinah Central,Madinah,Small,Meat & Poultry,2582.63,50,Mada,3.5,7.856563538545812,2024,4,Wednesday,51.65,LOW,2024Q2,0,Medium CSAT,1
2024-07-14,Dammam Central,Eastern Province,Large,Baby Products,16033.03,183,Apple Pay,3.5,9.682406248327858,2024,7,Sunday,87.61,HIGH,2024Q3,0,Medium CSAT,1
2024-09-24,Unaizah,Qassim,Small,Dairy,1416.81,50,Apple Pay,3.3,7.256163144602947,2024,9,Tuesday,28.34,LOW,2024Q3,0,Medium CSAT,1
2025-04-28,Riyadh Central,Riyadh,Large,Baby Products,9201.130000000001,155,Apple Pay,4.0,9.127081581581582,2025,4,Monday,59.36,MEDIUM,2025Q2,0,Medium CSAT,1
2024-08-20,Madinah Central,Madinah,Small,Bakery,1919.18,50,Visa,3.2,7.559653290462432,2024,8,Tuesday,38.38,LOW,2024Q3,0,Medium CSAT,0
2024-12-14,Arar Central,Northern Borders,Small,Dairy,3926.55,50,Apple Pay,3.5,8.275516456720863,2024,12,Saturday,78.53,LOW,2024Q4,1,Medium CSAT,1
2024-08-02,Tabuk Central,Tabuk,Medium,Snacks & Confectionery,5328.2,52,Cash,4.0,8.580768749053247,2024,8,Friday,102.47,MEDIUM,2024Q3,1,Medium CSAT,0
2025-05-26,Riyadh Central,Riyadh,Large,Snacks & Confectionery,9237.04,105,Mada,3.6,9.130976766993541,2025,5,Monday,87.97,MEDIUM,2025Q2,0,Medium CSAT,1
2026-02-20,Bisha,Asir,Medium,Household,7316.96,68,Cash,4.0,8.897950220147754,2026,2,Friday,107.6,MEDIUM,2026Q1,1,Medium CSAT,0
2024-12-04,Jeddah North,Makkah,XLarge,Snacks & Confectionery,18034.96,256,Visa,3.1,9.80006737542556,2024,12,Wednesday,70.45,HIGH,2024Q4,0,Medium CSAT,0
2025-01-25,Bisha,Asir,Medium,Meat & Poultry,7299.04,67,Mada,4.2,8.895498111639384,2025,1,Saturday,108.94,MEDIUM,2025Q1,1,High CSAT,1
2025-10-16,Hail Central,Hail,Small,Fresh Produce,9201.130000000001,50,Visa,3.9,9.127081581581582,2025,10,Thursday,184.02,MEDIUM,2025Q4,0,Medium CSAT,0
2026-04-26,Riyadh East,Riyadh,Large,Beverages,16793.33,172,Cash,4.1,9.728737062747006,2026,4,Sunday,97.64,HIGH,2026Q2,0,High CSAT,0
2024-10-25,Madinah Central,Madinah,Small,Electronics,4658.03,50,Visa,3.5,8.446347890955963,2024,10,Friday,93.16,LOW,2024Q4,1,Medium CSAT,0
2024-11-30,Jeddah South,Makkah,Large,Meat & Poultry,23304.26,182,Cash,3.4,10.056391455459972,2024,11,Saturday,128.05,HIGH,2024Q4,1,Medium CSAT,0
2025-02-02,Riyadh West,Riyadh,Large,Snacks & Confectionery,13725.45,142,Mada,3.7,9.5270070527255,2025,2,Sunday,96.66,HIGH,2025Q1,0,Medium CSAT,1
2026-04-17,Al Wajh,Tabuk,Medium,Beverages,8025.57,98,STC Pay,3.4,8.990387973513227,2026,4,Friday,81.89,MEDIUM,2026Q2,1,Medium CSAT,0
2024-10-09,Arar Central,Northern Borders,Small,Baby Products,2278.04,50,Apple Pay,3.4,7.731070703115476,2024,10,Wednesday,45.56,LOW,2024Q4,0,Medium CSAT,1
2025-06-22,Madinah North,Madinah,Large,Household,12217.94,121,Mada,4.0,9.410660642410292,2025,6,Sunday,100.97,HIGH,2025Q2,0,Medium CSAT,1
2024-12-21,Arar Central,Northern Borders,Small,Toys,4464.64,50,Visa,3.6,8.403943862960396,2024,12,Saturday,89.29,LOW,2024Q4,1,Medium CSAT,0
2025-03-01,Jeddah East,Makkah,Large,Cleaning Supplies,16590.82,232,Mada,3.8,9.716604809328881,2025,3,Saturday,71.51,HIGH,2025Q1,1,Medium CSAT,1
2025-02-06,Al Olaya,Riyadh,Large,Electronics,9201.130000000001,130,Mada,3.7,9.127081581581582,2025,2,Thursday,70.78,MEDIUM,2025Q1,0,Medium CSAT,1
2024-10-25,Unaizah,Qassim,Small,Electronics,4674.34,50,STC Pay,3.9,8.449843255285863,2024,10,Friday,93.49,LOW,2024Q4,1,Medium CSAT,0
2025-01-12,Hittin,Riyadh,XLarge,Fresh Produce,16931.0,208,Mada,3.8,9.736901540128232,2025,1,Sunday,81.4,HIGH,2025Q1,0,Medium CSAT,1
2024-06-17,Hail Central,Hail,Small,Household,1813.6,50,Cash,3.4,7.503069099193319,2024,6,Monday,36.27,LOW,2024Q2,0,Medium CSAT,0
2024-12-17,Khamis Mushait,Asir,Small,Snacks & Confectionery,2567.58,50,Cash,3.0,7.850719100031994,2024,12,Tuesday,51.35,LOW,2024Q4,0,Low CSAT,0
2025-12-31,Madinah North,Madinah,Large,Fresh Produce,13829.0,173,Apple Pay,4.0,9.534523115464658,2025,12,Wednesday,79.94,HIGH,2025Q4,0,Medium CSAT,1
2026-05-08,Jeddah South,Makkah,Large,Fresh Produce,8717.42,88,Visa,3.7,9.073078601564767,2026,5,Friday,99.06,MEDIUM,2026Q2,1,Medium CSAT,0
2025-11-24,Riyadh Central,Riyadh,Large,Beverages,8347.55,85,Mastercard,3.9,9.029723361617181,2025,11,Monday,98.21,MEDIUM,2025Q4,0,Medium CSAT,0
2024-08-09,Unaizah,Qassim,Small,Electronics,9201.130000000001,50,Visa,3.3,9.127081581581582,2024,8,Friday,184.02,MEDIUM,2024Q3,1,Medium CSAT,0
2025-02-03,Al Olaya,Riyadh,Large,Beverages,8570.12,99,Cash,3.3,9.056037013827517,2025,2,Monday,86.57,MEDIUM,2025Q1,0,Medium CSAT,0
2026-02-24,Khamis Mushait,Asir,Small,Bakery,1363.75,50,Mada,3.7,7.21799353714728,2026,2,Tuesday,27.28,LOW,2026Q1,0,Medium CSAT,1
2024-12-11,Riyadh Central,Riyadh,Large,Clothing,16681.41,119,Tabby,3.8,9.72205020471418,2024,12,Wednesday,140.18,HIGH,2024Q4,0,Medium CSAT,0
2026-03-27,Al Olaya,Riyadh,Large,Clothing,19594.04,185,Cash,3.1,9.882980717343761,2026,3,Friday,105.91,HIGH,2026Q1,1,Medium CSAT,0
2025-07-29,Jubail,Eastern Province,Large,Personal Care,9823.11,121,Mada,3.8,9.192493051820456,2025,7,Tuesday,81.18,MEDIUM,2025Q3,0,Medium CSAT,1
2024-05-03,Al Wajh,Tabuk,Medium,Fresh Produce,5178.73,53,Cash,3.8,8.552315131448358,2024,5,Friday,97.71,MEDIUM,2024Q2,1,Medium CSAT,0
2025-04-14,Al Rawdah,Makkah,Large,Clothing,11920.36,94,Visa,3.7,9.38600314150557,2025,4,Monday,126.81,HIGH,2025Q2,0,Medium CSAT,0
2024-03-09,Riyadh East,Riyadh,Large,Meat & Poultry,22502.63,226,Mada,4.4,10.021387470250426,2024,3,Saturday,99.57,HIGH,2024Q1,1,High CSAT,1
2024-09-14,Jeddah South,Makkah,Large,Personal Care,9201.130000000001,239,Mastercard,3.8,9.127081581581582,2024,9,Saturday,38.5,MEDIUM,2024Q3,1,Medium CSAT,0
2024-12-06,Makkah City,Makkah,Large,Frozen Foods,11492.57,140,Tabby,3.7,9.3494560185907,2024,12,Friday,82.09,HIGH,2024Q4,1,Medium CSAT,0
2025-09-15,Riyadh North,Riyadh,Large,Beverages,10550.42,124,Mastercard,3.7,9.263920948538338,2025,9,Monday,85.08,HIGH,2025Q3,0,Medium CSAT,0
2025-08-24,Al Jawf Central,Al Jawf,Small,Electronics,4682.9,50,Apple Pay,3.8,8.451672855122533,2025,8,Sunday,93.66,LOW,2025Q3,0,Medium CSAT,1
2026-02-14,Al Wajh,Tabuk,Medium,Electronics,8377.2,55,Mada,3.8,9.033269008764357,2026,2,Saturday,152.31,MEDIUM,2026Q1,1,Medium CSAT,1
2024-06-04,Al Aziziyah,Makkah,Large,Clothing,10165.48,79,Mastercard,4.2,9.226752945803456,2024,6,Tuesday,128.68,HIGH,2024Q2,0,High CSAT,0
2024-05-17,Qatif,Eastern Province,XLarge,Clothing,9201.130000000001,217,Visa,4.0,9.127081581581582,2024,5,Friday,42.4,MEDIUM,2024Q2,1,Medium CSAT,0
2025-10-25,Tabuk Central,Tabuk,Medium,Frozen Foods,8958.76,90,Mastercard,3.7,9.100387103534658,2025,10,Saturday,99.54,MEDIUM,2025Q4,1,Medium CSAT,0
2025-11-11,Riyadh South,Riyadh,Large,Snacks & Confectionery,11979.49,157,Mada,4.0,9.390951299811686,2025,11,Tuesday,76.3,HIGH,2025Q4,0,Medium CSAT,1
2025-06-17,Khamis Mushait,Asir,Small,Beverages,1663.97,50,Apple Pay,3.8,7.416961592372479,2025,6,Tuesday,33.28,LOW,2025Q2,0,Medium CSAT,1
2024-07-28,Jeddah North,Makkah,XLarge,Fresh Produce,16954.51,192,Apple Pay,4.1,9.738289154112636,2024,7,Sunday,88.3,HIGH,2024Q3,0,High CSAT,1
2024-08-29,Al Rawdah,Makkah,Large,Beverages,9210.08,106,Mada,3.9,9.128053815422268,2024,8,Thursday,86.89,MEDIUM,2024Q3,0,Medium CSAT,1
2024-11-06,Madinah North,Madinah,Large,Beverages,8903.92,110,Mada,4.2,9.094246908189053,2024,11,Wednesday,80.94,MEDIUM,2024Q4,0,High CSAT,1
2024-03-22,Najran Central,Najran,Medium,Meat & Poultry,14711.16,127,Mada,3.3,9.596361668406143,2024,3,Friday,115.84,HIGH,2024Q1,1,Medium CSAT,1
2026-02-17,Al Wajh,Tabuk,Medium,Baby Products,4169.97,50,Apple Pay,4.1,8.335664120522365,2026,2,Tuesday,83.4,LOW,2026Q1,0,High CSAT,1
2026-05-24,Al Wajh,Tabuk,Medium,Cleaning Supplies,4422.54,52,Mada,3.6,8.394469470651037,2026,5,Sunday,85.05,LOW,2026Q2,0,Medium CSAT,1
2025-04-19,Khamis Mushait,Asir,Small,Dairy,3173.35,50,Mada,3.5,8.062543091204349,2025,4,Saturday,63.47,LOW,2025Q2,1,Medium CSAT,1
2024-05-19,Qatif,Eastern Province,XLarge,Fresh Produce,24435.36,316,Cash,4.4,10.103786542560735,2024,5,Sunday,77.33,HIGH,2024Q2,0,High CSAT,0
2025-05-18,Abha Central,Asir,Small,Meat & Poultry,3387.56,50,Mastercard,3.1,8.12786517720822,2025,5,Sunday,67.75,LOW,2025Q2,0,Medium CSAT,0
2025-05-16,Khamis Mushait,Asir,Small,Baby Products,2812.13,50,STC Pay,3.8,7.941697482302929,2025,5,Friday,56.24,LOW,2025Q2,1,Medium CSAT,0
2024-07-17,Jeddah South,Makkah,Large,Baby Products,9201.130000000001,125,Apple Pay,3.8,9.127081581581582,2024,7,Wednesday,73.61,MEDIUM,2024Q3,0,Medium CSAT,1
2025-06-05,Hafuf,Eastern Province,Medium,Clothing,6725.55,55,Cash,3.5,8.813668985512496,2025,6,Thursday,122.28,MEDIUM,2025Q2,0,Medium CSAT,0
2024-09-05,Madinah North,Madinah,Large,Cleaning Supplies,8755.22,106,Mastercard,3.8,9.077405372902238,2024,9,Thursday,82.6,MEDIUM,2024Q3,0,Medium CSAT,0
2025-12-15,Riyadh North,Riyadh,Large,Fresh Produce,11455.59,132,STC Pay,4.0,9.346233099453837,2025,12,Monday,86.78,HIGH,2025Q4,0,Medium CSAT,0
2024-01-13,Jeddah South,Makkah,Large,Fresh Produce,10964.25,132,Mada,4.0,9.302395259059836,2024,1,Saturday,83.06,HIGH,2024Q1,1,Medium CSAT,1
2025-06-14,Al Malaz,Riyadh,Large,Cleaning Supplies,13825.84,99,Mada,3.6,9.534294584038424,2025,6,Saturday,139.65,HIGH,2025Q2,1,Medium CSAT,1
2025-11-05,Unaizah,Qassim,Small,Personal Care,3104.05,50,Apple Pay,3.2,8.040462989420796,2025,11,Wednesday,62.08,LOW,2025Q4,0,Medium CSAT,1
2024-04-21,Al Malaz,Riyadh,Large,Frozen Foods,16938.45,180,Cash,3.8,9.737341464610038,2024,4,Sunday,94.1,HIGH,2024Q2,0,Medium CSAT,0
2025-12-16,Bisha,Asir,Medium,Fresh Produce,5862.08,62,Mada,2.9,8.676259768397093,2025,12,Tuesday,94.55,MEDIUM,2025Q4,0,Low CSAT,1
2026-03-03,Riyadh West,Riyadh,Large,Household,12213.46,129,Mastercard,4.0,9.410293901245216,2026,3,Tuesday,94.68,HIGH,2026Q1,0,Medium CSAT,0
2024-07-21,Makkah City,Makkah,Large,Household,13652.25,99,Visa,4.1,9.521659622194118,2024,7,Sunday,137.9,HIGH,2024Q3,0,High CSAT,0
2024-07-09,Al Rawdah,Makkah,Large,Frozen Foods,7152.53,99,Mada,4.6,8.875221419253114,2024,7,Tuesday,72.25,MEDIUM,2024Q3,0,High CSAT,1
2025-10-03,Hail Central,Hail,Small,Fresh Produce,3628.69,50,Cash,3.5,8.196626980582781,2025,10,Friday,72.57,LOW,2025Q4,1,Medium CSAT,0
2025-01-21,Al Malaz,Riyadh,Large,Fresh Produce,10378.98,64,Mada,3.1,9.247537885995516,2025,1,Tuesday,162.17,HIGH,2025Q1,0,Medium CSAT,1
2024-03-03,Riyadh Central,Riyadh,Large,Baby Products,14411.54,146,Apple Pay,3.9,9.57578455351236,2024,3,Sunday,98.71,HIGH,2024Q1,0,Medium CSAT,1
2024-04-09,Riyadh East,Riyadh,Large,Snacks & Confectionery,12686.87,147,Visa,4.1,9.448322879378871,2024,4,Tuesday,86.31,HIGH,2024Q2,0,High CSAT,0
2025-04-29,Al Bahah Central,Al Bahah,Small,Personal Care,3120.09,50,Mastercard,3.5,8.045617126541332,2025,4,Tuesday,62.4,LOW,2025Q2,0,Medium CSAT,0
2024-11-18,Qatif,Eastern Province,XLarge,Baby Products,23547.59,239,Mada,4.4,10.066778758751457,2024,11,Monday,98.53,HIGH,2024Q4,0,High CSAT,1
2026-04-05,Qatif,Eastern Province,XLarge,Beverages,20529.99,260,Mastercard,4.1,9.9296420229208,2026,4,Sunday,78.96,HIGH,2026Q2,0,High CSAT,0
2024-01-27,Makkah City,Makkah,Large,Snacks & Confectionery,13263.67,147,Mastercard,4.0,9.492783997692841,2024,1,Saturday,90.23,HIGH,2024Q1,1,Medium CSAT,0
2025-06-11,Najran Central,Najran,Medium,Fresh Produce,4274.36,56,Tabby,3.4,8.36038966256122,2025,6,Wednesday,76.33,LOW,2025Q2,0,Medium CSAT,0
2024-01-18,Jubail,Eastern Province,Large,Cleaning Supplies,9022.34,137,Mastercard,3.7,9.107459002915537,2024,1,Thursday,65.86,MEDIUM,2024Q1,0,Medium CSAT,0
2025-02-13,Al Bahah Central,Al Bahah,Small,Snacks & Confectionery,2162.31,50,STC Pay,3.3,7.67893237367433,2025,2,Thursday,43.25,LOW,2025Q1,0,Medium CSAT,0
2025-11-05,Najran Central,Najran,Medium,Fresh Produce,5659.01,79,Mada,3.9,8.641004244237623,2025,11,Wednesday,71.63,MEDIUM,2025Q4,0,Medium CSAT,1
2025-08-08,Buraidah Central,Qassim,Medium,Toys,7358.58,62,Mada,4.0,8.903622258326005,2025,8,Friday,118.69,MEDIUM,2025Q3,1,Medium CSAT,1
2024-11-04,Al Malaz,Riyadh,Large,Baby Products,13833.78,157,Mada,4.6,9.534868706186023,2024,11,Monday,88.11,HIGH,2024Q4,0,High CSAT,1
2025-11-09,Najran Central,Najran,Medium,Bakery,6480.59,75,Mada,3.2,8.776566834584292,2025,11,Sunday,86.41,MEDIUM,2025Q4,0,Medium CSAT,1
2024-04-18,Al Malaz,Riyadh,Large,Toys,12498.43,99,STC Pay,4.4,9.433358315402051,2024,4,Thursday,126.25,HIGH,2024Q2,0,High CSAT,0
2026-01-06,Madinah Central,Madinah,Small,Beverages,1689.7,50,Mada,3.2,7.432306277366604,2026,1,Tuesday,33.79,LOW,2026Q1,0,Medium CSAT,1
2025-07-01,Makkah City,Makkah,Large,Beverages,8818.95,116,Mada,3.9,9.08465809429506,2025,7,Tuesday,76.03,MEDIUM,2025Q3,0,Medium CSAT,1
2025-10-21,Riyadh West,Riyadh,Large,Cleaning Supplies,7893.59,111,Mastercard,4.3,8.97380631669306,2025,10,Tuesday,71.11,MEDIUM,2025Q4,0,High CSAT,0
2026-04-07,Al Wajh,Tabuk,Medium,Fresh Produce,4173.93,50,Cash,3.5,8.336613317012572,2026,4,Tuesday,83.48,LOW,2026Q2,0,Medium CSAT,0
2026-02-01,Al Aziziyah,Makkah,Large,Personal Care,15811.67,141,Mada,4.3,9.668503553973645,2026,2,Sunday,112.14,HIGH,2026Q1,0,High CSAT,1
2025-08-13,Khamis Mushait,Asir,Small,Dairy,2107.28,50,Mada,3.3,7.653153295340495,2025,8,Wednesday,42.15,LOW,2025Q3,0,Medium CSAT,1
2026-03-27,Abha Central,Asir,Small,Snacks & Confectionery,2966.8,50,Visa,3.9,7.995239209862403,2026,3,Friday,59.34,LOW,2026Q1,1,Medium CSAT,0
2024-04-19,Madinah Central,Madinah,Small,Household,3560.11,50,Cash,4.3,8.17754672224512,2024,4,Friday,71.2,LOW,2024Q2,1,High CSAT,0
2025-11-27,Al Bahah Central,Al Bahah,Small,Personal Care,2649.14,50,Mastercard,3.3,7.881990338007676,2025,11,Thursday,52.98,LOW,2025Q4,0,Medium CSAT,0
2025-09-05,Riyadh East,Riyadh,Large,Household,12424.86,133,Mada,4.1,9.427454583295717,2025,9,Friday,93.42,HIGH,2025Q3,1,High CSAT,1
2025-05-21,Al Rawdah,Makkah,Large,Baby Products,9534.49,99,Apple Pay,3.4,9.162671029451435,2025,5,Wednesday,96.31,MEDIUM,2025Q2,0,Medium CSAT,1
2026-04-27,Jeddah North,Makkah,XLarge,Snacks & Confectionery,19140.54,273,Mada,3.9,9.859563877775106,2026,4,Monday,70.11,HIGH,2026Q2,0,Medium CSAT,1
2026-05-27,Jeddah East,Makkah,Large,Meat & Poultry,11171.4,121,Mastercard,2.9,9.321112219930061,2026,5,Wednesday,92.33,HIGH,2026Q2,0,Low CSAT,0
2024-01-23,Jeddah South,Makkah,Large,Meat & Poultry,11279.78,109,Tamara,3.8,9.330767021315754,2024,1,Tuesday,103.48,HIGH,2024Q1,0,Medium CSAT,0
2026-01-14,Buraidah Central,Qassim,Medium,Toys,4413.79,50,Apple Pay,3.4,8.392489009790033,2026,1,Wednesday,88.28,LOW,2026Q1,0,Medium CSAT,1
2024-04-09,Bisha,Asir,Medium,Frozen Foods,6645.62,77,Apple Pay,4.2,8.801713270030385,2024,4,Tuesday,86.31,MEDIUM,2024Q2,0,High CSAT,1
2025-11-01,Arar Central,Northern Borders,Small,Fresh Produce,2993.87,50,Mada,3.1,8.00432214386321,2025,11,Saturday,59.88,LOW,2025Q4,1,Medium CSAT,1
2024-08-02,Jeddah North,Makkah,XLarge,Frozen Foods,16727.88,207,Cash,3.9,9.724832067481591,2024,8,Friday,80.81,HIGH,2024Q3,1,Medium CSAT,0
2025-01-20,Jeddah North,Makkah,XLarge,Beverages,17471.25,233,STC Pay,3.5,9.768311951799117,2025,1,Monday,74.98,HIGH,2025Q1,0,Medium CSAT,0
2024-12-30,Al Olaya,Riyadh,Large,Fresh Produce,9201.130000000001,120,Tamara,3.5,9.127081581581582,2024,12,Monday,76.68,MEDIUM,2024Q4,0,Medium CSAT,0
2025-10-04,Jeddah North,Makkah,XLarge,Bakery,24396.65,275,Mada,3.6,10.102201106773494,2025,10,Saturday,88.72,HIGH,2025Q4,1,Medium CSAT,1
2025-12-05,Dhahran,Eastern Province,XLarge,Fresh Produce,25659.06,313,Apple Pay,4.6,10.152652004606967,2025,12,Friday,81.98,HIGH,2025Q4,1,High CSAT,1
2026-03-07,Al Malaz,Riyadh,Large,Snacks & Confectionery,13628.83,158,Visa,3.8,9.519942680947416,2026,3,Saturday,86.26,HIGH,2026Q1,1,Medium CSAT,0
2025-01-11,Hail Central,Hail,Large,Fresh Produce,2328.14,50,Visa,3.8,7.752824944500189,2025,1,Saturday,46.56,LOW,2025Q1,1,Medium CSAT,0
2024-10-07,Najran Central,Najran,Medium,Fresh Produce,5453.5,62,Mada,3.6,8.604012883368798,2024,10,Monday,87.96,MEDIUM,2024Q4,0,Medium CSAT,1
2024-11-01,Al Wajh,Tabuk,Medium,Fresh Produce,7270.12,66,STC Pay,3.9,8.89152807658116,2024,11,Friday,110.15,MEDIUM,2024Q4,1,Medium CSAT,0
2025-02-07,Riyadh North,Riyadh,Large,Household,12749.18,143,Mada,3.6,9.453222234792866,2025,2,Friday,89.16,HIGH,2025Q1,1,Medium CSAT,1
2026-05-07,Buraidah Central,Qassim,Medium,Toys,5512.56,64,Cash,3.8,8.614784404049608,2026,5,Thursday,86.13,MEDIUM,2026Q2,0,Medium CSAT,0
2024-07-04,Hittin,Riyadh,XLarge,Toys,20327.44,171,Mada,3.0,9.919726976411175,2024,7,Thursday,118.87,HIGH,2024Q3,0,Low CSAT,1
2024-05-05,Jubail,Eastern Province,Large,Personal Care,10154.44,113,Cash,3.8,9.225666327245284,2024,5,Sunday,89.86,HIGH,2024Q2,0,Medium CSAT,0
2024-05-07,Al Malaz,Riyadh,Large,Meat & Poultry,11033.16,102,Mada,4.5,9.308660562603853,2024,5,Tuesday,108.17,HIGH,2024Q2,0,High CSAT,1
2024-09-11,Riyadh Central,Riyadh,Large,Baby Products,10091.51,96,Apple Pay,3.6,9.219449755272645,2024,9,Wednesday,105.12,HIGH,2024Q3,0,Medium CSAT,1
2025-12-12,Al Bahah Central,Al Bahah,Small,Cleaning Supplies,2536.55,50,Visa,3.2,7.838560169014315,2025,12,Friday,50.73,LOW,2025Q4,1,Medium CSAT,0
2024-08-02,Al Jawf Central,Al Jawf,Small,Clothing,3780.39,50,Cash,4.1,8.237582457894675,2024,8,Friday,75.61,LOW,2024Q3,1,High CSAT,0
2024-05-17,Al Rawdah,Makkah,Large,Bakery,10335.4,130,Cash,4.4,9.243330174801839,2024,5,Friday,79.5,HIGH,2024Q2,1,High CSAT,0
2024-03-17,Al Wajh,Tabuk,Medium,Dairy,9613.83,127,Mada,2.9,9.170957965751281,2024,3,Sunday,75.7,MEDIUM,2024Q1,0,Low CSAT,1
2025-12-12,Al Wajh,Tabuk,Medium,Bakery,4932.3,69,Mada,4.1,8.50356068968494,2025,12,Friday,71.48,LOW,2025Q4,1,High CSAT,1
2026-01-01,Al Aziziyah,Makkah,Large,Clothing,11559.76,113,Visa,3.6,9.355285380765176,2026,1,Thursday,102.3,HIGH,2026Q1,0,Medium CSAT,0
2025-01-23,Al Wajh,Tabuk,Medium,Personal Care,3931.5,50,Cash,3.8,8.27677631143157,2025,1,Thursday,78.63,LOW,2025Q1,0,Medium CSAT,0
2024-10-07,Madinah Central,Madinah,Small,Fresh Produce,1977.7,50,Mada,3.9,7.589689832327979,2024,10,Monday,39.55,LOW,2024Q4,0,Medium CSAT,1
2026-03-12,Al Olaya,Riyadh,Large,Fresh Produce,13187.5,159,Mada,4.0,9.487024690218423,2026,3,Thursday,82.94,HIGH,2026Q1,0,Medium CSAT,1
2024-12-23,Buraidah Central,Qassim,Medium,Snacks & Confectionery,9201.130000000001,67,Visa,3.4,9.127081581581582,2024,12,Monday,137.33,MEDIUM,2024Q4,0,Medium CSAT,0
2024-06-23,Riyadh South,Riyadh,Large,Frozen Foods,10682.57,105,Apple Pay,3.5,9.276368720269938,2024,6,Sunday,101.74,HIGH,2024Q2,0,Medium CSAT,1
2025-05-03,Bisha,Asir,Medium,Bakery,6208.54,88,Mastercard,3.8,8.733681042616201,2025,5,Saturday,70.55,MEDIUM,2025Q2,1,Medium CSAT,0
2024-05-26,Makkah City,Makkah,Large,Fresh Produce,11683.77,109,Mastercard,4.4,9.365955978274508,2024,5,Sunday,107.19,HIGH,2024Q2,0,High CSAT,0
2025-11-25,Madinah North,Madinah,Large,Toys,11638.31,106,Tamara,3.7,9.362057521741049,2025,11,Tuesday,109.8,HIGH,2025Q4,0,Medium CSAT,0
2025-05-29,Arar Central,Northern Borders,Small,Baby Products,2293.89,50,Mastercard,3.9,7.738004345362638,2025,5,Thursday,45.88,LOW,2025Q2,0,Medium CSAT,0
2024-11-08,Al Malaz,Riyadh,Large,Dairy,11494.77,120,Mada,3.7,9.34964742829767,2024,11,Friday,95.79,HIGH,2024Q4,1,Medium CSAT,1
2024-04-05,Madinah North,Madinah,Large,Electronics,25517.39,215,Visa,3.0,10.147115459501242,2024,4,Friday,118.69,HIGH,2024Q2,1,Low CSAT,0
2025-11-24,Al Wajh,Tabuk,Medium,Frozen Foods,5083.79,57,Visa,3.8,8.533812325398005,2025,11,Monday,89.19,MEDIUM,2025Q4,0,Medium CSAT,0
2025-12-15,Unaizah,Qassim,Small,Electronics,2773.9,50,Apple Pay,4.0,7.928009551198319,2025,12,Monday,55.48,LOW,2025Q4,0,Medium CSAT,1
2026-02-06,Unaizah,Qassim,Small,Baby Products,2723.49,50,STC Pay,3.6,7.909669425071073,2026,2,Friday,54.47,LOW,2026Q1,1,Medium CSAT,0
2025-12-01,Buraidah Central,Qassim,Medium,Personal Care,6045.66,75,Mastercard,4.2,8.707095938230506,2025,12,Monday,80.61,MEDIUM,2025Q4,0,High CSAT,0
2024-06-28,Madinah Central,Madinah,Small,Snacks & Confectionery,1790.91,50,Tabby,3.3,7.490479149541794,2024,6,Friday,35.82,LOW,2024Q2,1,Medium CSAT,0
2025-05-22,Al Wajh,Tabuk,Medium,Meat & Poultry,5709.32,50,Mada,3.8,8.649855206241373,2025,5,Thursday,114.19,MEDIUM,2025Q2,0,Medium CSAT,1
2024-10-24,Hittin,Riyadh,XLarge,Dairy,14596.18,161,Mastercard,4.5,9.588515129626092,2024,10,Thursday,90.66,HIGH,2024Q4,0,High CSAT,0
2024-08-10,Bisha,Asir,Medium,Cleaning Supplies,7548.73,99,Visa,4.5,8.929134616173329,2024,8,Saturday,76.25,MEDIUM,2024Q3,1,High CSAT,0
2024-02-28,Al Bahah Central,Al Bahah,Small,Personal Care,1940.49,50,Mada,3.0,7.570695797484681,2024,2,Wednesday,38.81,LOW,2024Q1,0,Low CSAT,1
2024-12-24,Riyadh Central,Riyadh,Large,Fresh Produce,13172.07,137,Cash,3.6,9.485853957785201,2024,12,Tuesday,96.15,HIGH,2024Q4,0,Medium CSAT,0
2024-06-06,Al Jawf Central,Al Jawf,Small,Cleaning Supplies,1735.53,50,Apple Pay,3.6,7.45906812123714,2024,6,Thursday,34.71,LOW,2024Q2,0,Medium CSAT,1
2024-08-19,Al Anbariyah,Madinah,Large,Meat & Poultry,10454.98,89,STC Pay,3.5,9.254833698900597,2024,8,Monday,117.47,HIGH,2024Q3,0,Medium CSAT,0
2025-11-03,Hail Central,Hail,Small,Fresh Produce,2718.93,50,Mada,3.5,7.907993699541966,2025,11,Monday,54.38,LOW,2025Q4,0,Medium CSAT,1
2025-12-27,Hafuf,Eastern Province,Medium,Fresh Produce,7202.73,65,Mada,3.8,8.882215399805299,2025,12,Saturday,110.81,MEDIUM,2025Q4,1,Medium CSAT,1
2025-11-13,Jeddah South,Makkah,Large,Beverages,8906.36,111,Mada,2.9,9.094520907251983,2025,11,Thursday,80.24,MEDIUM,2025Q4,0,Low CSAT,1
2025-05-15,Tabuk Central,Tabuk,Medium,Snacks & Confectionery,4673.72,61,Mada,3.9,8.449710607442158,2025,5,Thursday,76.62,LOW,2025Q2,0,Medium CSAT,1
2026-01-13,Al Jawf Central,Al Jawf,Small,Fresh Produce,2299.62,50,Cash,3.8,7.74049917087604,2026,1,Tuesday,45.99,LOW,2026Q1,0,Medium CSAT,0
2026-03-22,Al Olaya,Riyadh,Large,Fresh Produce,10496.26,116,Apple Pay,3.9,9.258774282218528,2026,3,Sunday,90.48,HIGH,2026Q1,0,Medium CSAT,1
2024-03-25,Al Bahah Central,Al Bahah,Small,Bakery,3024.36,50,Visa,3.6,8.014454777832865,2024,3,Monday,60.49,LOW,2024Q1,0,Medium CSAT,0
2025-12-18,Al Anbariyah,Madinah,Large,Snacks & Confectionery,9260.57,99,Mastercard,4.5,9.133520880821383,2025,12,Thursday,93.54,MEDIUM,2025Q4,0,High CSAT,0
2025-12-18,Al Olaya,Riyadh,Large,Personal Care,13946.03,128,Apple Pay,3.6,9.542950158933095,2025,12,Thursday,108.95,HIGH,2025Q4,0,Medium CSAT,1
2024-05-15,Hittin,Riyadh,XLarge,Fresh Produce,13279.25,145,Cash,3.8,9.493957945531987,2024,5,Wednesday,91.58,HIGH,2024Q2,0,Medium CSAT,0
2025-09-23,Riyadh North,Riyadh,Large,Snacks & Confectionery,7238.4,84,Visa,3.5,8.887155466481747,2025,9,Tuesday,86.17,MEDIUM,2025Q3,0,Medium CSAT,0
2024-12-10,Madinah Central,Madinah,Small,Electronics,3453.33,50,Mada,2.5,8.147094261893933,2024,12,Tuesday,69.07,LOW,2024Q4,0,Low CSAT,1
2024-10-02,Hittin,Riyadh,XLarge,Baby Products,18852.09,194,Mada,4.2,9.844379062061506,2024,10,Wednesday,97.18,HIGH,2024Q4,0,High CSAT,1
2024-02-23,Riyadh Central,Riyadh,Large,Dairy,10753.87,122,Mada,3.6,9.283020968771357,2024,2,Friday,88.15,HIGH,2024Q1,1,Medium CSAT,1
2025-03-17,Al Olaya,Riyadh,Large,Baby Products,13501.42,121,Mada,3.9,9.510550144080133,2025,3,Monday,111.58,HIGH,2025Q1,0,Medium CSAT,1
2024-12-05,Makkah City,Makkah,Large,Snacks & Confectionery,9911.37,132,Visa,3.8,9.201437861966966,2024,12,Thursday,75.09,MEDIUM,2024Q4,0,Medium CSAT,0
2024-08-31,Abha Central,Asir,Small,Bakery,2841.09,50,STC Pay,4.0,7.951943060338692,2024,8,Saturday,56.82,LOW,2024Q3,1,Medium CSAT,0
2024-02-12,Hittin,Riyadh,XLarge,Cleaning Supplies,12800.51,174,Mada,4.5,9.457240292863968,2024,2,Monday,73.57,HIGH,2024Q1,0,High CSAT,1
2024-04-11,Hail Central,Hail,Small,Household,2405.2,50,Mastercard,3.9,7.785388339165413,2024,4,Thursday,48.1,LOW,2024Q2,0,Medium CSAT,0
2024-02-14,Jeddah North,Makkah,XLarge,Meat & Poultry,14617.88,144,STC Pay,4.0,9.590000715949316,2024,2,Wednesday,101.51,HIGH,2024Q1,0,Medium CSAT,0
2025-01-09,Hafuf,Eastern Province,Medium,Toys,5127.1,62,Cash,3.0,8.542295476177065,2025,1,Thursday,82.7,MEDIUM,2025Q1,0,Low CSAT,0
2026-03-20,Al Jawf Central,Al Jawf,Small,Fresh Produce,2331.05,99,Cash,4.1,7.754074088827159,2026,3,Friday,23.55,LOW,2026Q1,1,High CSAT,0
2025-08-02,Riyadh East,Riyadh,Large,Baby Products,12308.27,102,Apple Pay,3.3,9.418026673152898,2025,8,Saturday,120.67,HIGH,2025Q3,1,Medium CSAT,1
2024-03-17,Al Jawf Central,Al Jawf,Small,Frozen Foods,3756.06,50,Apple Pay,3.6,8.231125814641459,2024,3,Sunday,75.12,LOW,2024Q1,0,Medium CSAT,1
2025-09-13,Bisha,Asir,Medium,Fresh Produce,6556.06,62,Mada,3.5,8.788145091743745,2025,9,Saturday,105.74,MEDIUM,2025Q3,1,Medium CSAT,1
2025-04-11,Al Jawf Central,Al Jawf,Small,Frozen Foods,3326.16,50,Apple Pay,2.8,8.109573764428657,2025,4,Friday,66.52,LOW,2025Q2,1,Low CSAT,1
2025-12-26,Al Khobar,Eastern Province,Large,Fresh Produce,12465.45,123,Visa,3.7,9.430716096389062,2025,12,Friday,101.35,HIGH,2025Q4,1,Medium CSAT,0
2024-05-16,Dammam Central,Eastern Province,Large,Snacks & Confectionery,7759.64,100,Mada,3.8,8.956691220348556,2024,5,Thursday,77.6,MEDIUM,2024Q2,0,Medium CSAT,1
2025-07-01,Al Rawdah,Makkah,Large,Clothing,8840.71,80,Tabby,3.4,9.087122469148554,2025,7,Tuesday,110.51,MEDIUM,2025Q3,0,Medium CSAT,0
2026-01-09,Al Anbariyah,Madinah,Large,Cleaning Supplies,8186.9,96,Tamara,4.7,9.01029059481547,2026,1,Friday,85.28,MEDIUM,2026Q1,1,High CSAT,0
2026-04-23,Riyadh Central,Riyadh,Large,Frozen Foods,11066.32,114,Mada,4.4,9.311661540444618,2026,4,Thursday,97.07,HIGH,2026Q2,0,High CSAT,1
2026-01-09,Al Olaya,Riyadh,Large,Meat & Poultry,16266.11,156,STC Pay,3.9,9.69683908127609,2026,1,Friday,104.27,HIGH,2026Q1,1,Medium CSAT,0
2026-04-16,Al Rawdah,Makkah,Large,Dairy,10567.67,116,Visa,4.1,9.26555461937093,2026,4,Thursday,91.1,HIGH,2026Q2,0,High CSAT,0
2024-08-25,Hail Central,Hail,Small,Beverages,3099.18,50,Mada,3.3,8.038892839353643,2024,8,Sunday,61.98,LOW,2024Q3,0,Medium CSAT,1
2024-07-04,Al Bahah Central,Al Bahah,Small,Snacks & Confectionery,1916.24,50,Visa,3.8,7.558120211646641,2024,7,Thursday,38.32,LOW,2024Q3,0,Medium CSAT,0
2024-01-22,Al Khobar,Eastern Province,Large,Cleaning Supplies,6764.71,97,Mastercard,3.7,8.819474671984638,2024,1,Monday,69.74,MEDIUM,2024Q1,0,Medium CSAT,0
2024-03-12,Al Aziziyah,Makkah,Large,Beverages,11013.55,127,Visa,3.3,9.306881611896777,2024,3,Tuesday,86.72,HIGH,2024Q1,0,Medium CSAT,0
2026-01-14,Makkah City,Makkah,Large,Electronics,15077.89,97,Mada,4.2,9.620984711347768,2026,1,Wednesday,155.44,HIGH,2026Q1,0,High CSAT,1
2026-04-26,Hittin,Riyadh,XLarge,Snacks & Confectionery,18633.36,266,Mada,4.0,9.83270880160107,2026,4,Sunday,70.05,HIGH,2026Q2,0,Medium CSAT,1
2026-03-22,Riyadh Central,Riyadh,Large,Baby Products,20604.09,165,Mastercard,3.5,9.933244878759803,2026,3,Sunday,124.87,HIGH,2026Q1,0,Medium CSAT,0
2026-05-23,Qatif,Eastern Province,XLarge,Bakery,21913.45,289,Visa,3.8,9.994855882539579,2026,5,Saturday,75.83,HIGH,2026Q2,1,Medium CSAT,0
2025-05-05,Qatif,Eastern Province,XLarge,Electronics,17530.45,145,Visa,4.1,9.771694647865326,2025,5,Monday,120.9,HIGH,2025Q2,0,High CSAT,0
2024-01-22,Hittin,Riyadh,XLarge,Fresh Produce,17495.91,178,Visa,4.1,9.769722418310451,2024,1,Monday,98.29,HIGH,2024Q1,0,High CSAT,0
2024-01-25,Madinah Central,Madinah,Small,Meat & Poultry,2315.55,50,Mada,3.4,7.74740251929596,2024,1,Thursday,46.31,LOW,2024Q1,0,Medium CSAT,1
2025-12-04,Khamis Mushait,Asir,Small,Snacks & Confectionery,2953.49,50,Mada,3.7,7.990742800928117,2025,12,Thursday,59.07,LOW,2025Q4,0,Medium CSAT,1
2024-12-31,Al Khobar,Eastern Province,Large,Fresh Produce,10285.44,88,STC Pay,3.9,9.23848458192065,2024,12,Tuesday,116.88,HIGH,2024Q4,0,Medium CSAT,0
2024-02-14,Al Malaz,Riyadh,Large,Fresh Produce,9206.48,103,Visa,3.7,9.127662862926703,2024,2,Wednesday,89.38,MEDIUM,2024Q1,0,Medium CSAT,0
2025-10-01,Dhahran,Eastern Province,XLarge,Meat & Poultry,24940.92,190,STC Pay,3.8,10.12426510708614,2025,10,Wednesday,131.27,HIGH,2025Q4,0,Medium CSAT,0
2024-09-28,Abha Central,Asir,Small,Toys,4089.96,50,Cash,3.8,8.316290469037924,2024,9,Saturday,81.8,LOW,2024Q3,1,Medium CSAT,0
2024-11-23,Jeddah North,Makkah,XLarge,Beverages,20985.64,276,Tabby,3.9,9.951593673277381,2024,11,Saturday,76.03,HIGH,2024Q4,1,Medium CSAT,0
2024-04-25,Riyadh West,Riyadh,Large,Baby Products,14912.02,99,Cash,4.1,9.60992287812619,2024,4,Thursday,150.63,HIGH,2024Q2,0,High CSAT,0
2024-12-27,Khamis Mushait,Asir,Small,Beverages,2774.71,50,Mada,3.6,7.928301516215054,2024,12,Friday,55.49,LOW,2024Q4,1,Medium CSAT,1
2024-05-21,Qatif,Eastern Province,XLarge,Clothing,22903.96,178,Mada,3.5,10.039065100356586,2024,5,Tuesday,128.67,HIGH,2024Q2,0,Medium CSAT,1
2025-07-03,Unaizah,Qassim,Small,Meat & Poultry,3081.02,50,Mada,3.6,8.033015989974496,2025,7,Thursday,61.62,LOW,2025Q3,0,Medium CSAT,1
2025-12-20,Madinah Central,Madinah,Small,Meat & Poultry,3634.04,99,Apple Pay,3.3,8.19810025605019,2025,12,Saturday,36.71,LOW,2025Q4,1,Medium CSAT,1
2024-04-22,Makkah City,Makkah,Large,Meat & Poultry,10246.43,106,Mada,4.1,9.234684631215643,2024,4,Monday,96.66,HIGH,2024Q2,0,High CSAT,1
2024-10-28,Makkah City,Makkah,Large,Snacks & Confectionery,8565.69,106,STC Pay,3.6,9.05551996793372,2024,10,Monday,80.81,MEDIUM,2024Q4,0,Medium CSAT,0
2024-02-27,Madinah Central,Madinah,Small,Fresh Produce,2206.54,99,Cash,3.7,7.699180956802708,2024,2,Tuesday,22.29,LOW,2024Q1,0,Medium CSAT,0
2025-12-13,Riyadh North,Riyadh,Large,Meat & Poultry,25516.39,250,Mastercard,4.5,10.147076269772395,2025,12,Saturday,102.07,HIGH,2025Q4,1,High CSAT,0
2024-01-31,Jeddah South,Makkah,Large,Fresh Produce,7458.4,74,Cash,4.1,8.917096192982484,2024,1,Wednesday,100.79,MEDIUM,2024Q1,0,High CSAT,0
2024-06-02,Tabuk Central,Tabuk,Medium,Beverages,6718.5,67,Visa,4.2,8.812620194315464,2024,6,Sunday,100.28,MEDIUM,2024Q2,0,High CSAT,0
2025-09-10,Riyadh East,Riyadh,Large,Household,9201.130000000001,98,Apple Pay,3.5,9.127081581581582,2025,9,Wednesday,93.89,MEDIUM,2025Q3,0,Medium CSAT,1
2025-08-08,Al Anbariyah,Madinah,Large,Toys,12423.73,126,Mada,3.1,9.427363632461018,2025,8,Friday,98.6,HIGH,2025Q3,1,Medium CSAT,1
2025-06-18,Al Malaz,Riyadh,Large,Baby Products,9502.36,99,Mada,3.8,9.159295467789864,2025,6,Wednesday,95.98,MEDIUM,2025Q2,0,Medium CSAT,1
2026-04-16,Riyadh West,Riyadh,Large,Beverages,12784.09,159,Mada,3.9,9.455956708031337,2026,4,Thursday,80.4,HIGH,2026Q2,0,Medium CSAT,1
2024-06-17,Khamis Mushait,Asir,Small,Meat & Poultry,1750.48,99,Mada,3.9,7.467645315022396,2024,6,Monday,17.68,LOW,2024Q2,0,Medium CSAT,1
2024-01-29,Qatif,Eastern Province,XLarge,Fresh Produce,12816.11,119,Mada,4.2,9.45845825229253,2024,1,Monday,107.7,HIGH,2024Q1,0,High CSAT,1
2026-02-13,Riyadh Central,Riyadh,Large,Fresh Produce,13587.94,132,STC Pay,3.8,9.516937913609848,2026,2,Friday,102.94,HIGH,2026Q1,1,Medium CSAT,0
2025-07-31,Riyadh East,Riyadh,Large,Beverages,11202.93,107,Cash,4.0,9.323930630212862,2025,7,Thursday,104.7,HIGH,2025Q3,0,Medium CSAT,0
2024-01-09,Dhahran,Eastern Province,XLarge,Frozen Foods,18970.21,255,Visa,3.8,9.850625132978488,2024,1,Tuesday,74.39,HIGH,2024Q1,0,Medium CSAT,0
2024-05-12,Hafuf,Eastern Province,Medium,Fresh Produce,7287.56,77,Mastercard,4.2,8.893924063901013,2024,5,Sunday,94.64,MEDIUM,2024Q2,0,High CSAT,0
2025-05-29,Al Olaya,Riyadh,Large,Fresh Produce,11315.8,130,Mada,3.1,9.333955258175484,2025,5,Thursday,87.04,HIGH,2025Q2,0,Medium CSAT,1
2024-06-14,Al Khobar,Eastern Province,Large,Beverages,8553.25,116,Cash,3.4,9.05406660666372,2024,6,Friday,73.73,MEDIUM,2024Q2,1,Medium CSAT,0
2024-08-08,Madinah Central,Madinah,Small,Clothing,3304.9,50,Mada,4.1,8.103161494641947,2024,8,Thursday,66.1,LOW,2024Q3,0,High CSAT,1
2026-02-26,Buraidah Central,Qassim,Medium,Frozen Foods,4233.51,50,Mada,3.7,8.350786715191271,2026,2,Thursday,84.67,LOW,2026Q1,0,Medium CSAT,1
2024-02-10,Al Wajh,Tabuk,Medium,Frozen Foods,7954.04,86,Mada,3.7,8.98143525467126,2024,2,Saturday,92.49,MEDIUM,2024Q1,1,Medium CSAT,1
2025-08-03,Jeddah North,Makkah,Large,Beverages,22111.05,291,Cash,3.9,10.003832762547495,2025,8,Sunday,75.98,HIGH,2025Q3,0,Medium CSAT,0
2025-07-14,Dhahran,Eastern Province,XLarge,Snacks & Confectionery,15737.87,99,Mada,3.8,9.663825188799025,2025,7,Monday,158.97,HIGH,2025Q3,0,Medium CSAT,1
2024-06-14,Al Khobar,Eastern Province,Large,Personal Care,9033.48,89,Cash,3.9,9.10869295423024,2024,6,Friday,101.5,MEDIUM,2024Q2,1,Medium CSAT,0
2024-09-21,Arar Central,Northern Borders,Small,Baby Products,4885.19,51,Mada,4.4,8.493963458295738,2024,9,Saturday,95.79,LOW,2024Q3,1,High CSAT,1
2024-02-10,Al Bahah Central,Al Bahah,Small,Dairy,2462.17,50,Visa,3.2,7.808798353913797,2024,2,Saturday,49.24,LOW,2024Q1,1,Medium CSAT,0
2025-03-27,Makkah City,Makkah,Large,Snacks & Confectionery,9201.130000000001,189,Mada,3.6,9.127081581581582,2025,3,Thursday,48.68,MEDIUM,2025Q1,0,Medium CSAT,1
2025-11-29,Al Anbariyah,Madinah,Large,Baby Products,14070.41,110,Apple Pay,3.4,9.551829289698087,2025,11,Saturday,127.91,HIGH,2025Q4,1,Medium CSAT,1
2024-06-07,Riyadh Central,Riyadh,Large,Dairy,11777.31,99,Mada,4.2,9.373930077988113,2024,6,Friday,118.96,HIGH,2024Q2,1,High CSAT,1
2025-11-16,Arar Central,Northern Borders,Small,Beverages,2497.78,50,STC Pay,3.8,7.823157616350728,2025,11,Sunday,49.96,LOW,2025Q4,0,Medium CSAT,0
2024-04-21,Arar Central,Northern Borders,Small,Fresh Produce,2806.15,99,STC Pay,3.6,7.939568716111757,2024,4,Sunday,28.34,LOW,2024Q2,0,Medium CSAT,0
2024-03-07,Qatif,Eastern Province,XLarge,Baby Products,19366.1,183,Mastercard,3.7,9.871279393847084,2024,3,Thursday,105.83,HIGH,2024Q1,0,Medium CSAT,0
2024-04-27,Najran Central,Najran,Medium,Electronics,11411.65,99,Mada,3.6,9.34239004239234,2024,4,Saturday,115.27,HIGH,2024Q2,1,Medium CSAT,1
2025-09-07,Riyadh East,Riyadh,Large,Electronics,22291.46,192,Apple Pay,3.5,10.011958924459185,2025,9,Sunday,116.1,HIGH,2025Q3,0,Medium CSAT,1
2024-08-06,Najran Central,Najran,Medium,Snacks & Confectionery,3207.18,50,Mastercard,3.7,8.073147325339784,2024,8,Tuesday,64.14,LOW,2024Q3,0,Medium CSAT,0
2024-05-25,Al Malaz,Riyadh,Large,Meat & Poultry,12971.02,108,Mastercard,4.4,9.470472917240649,2024,5,Saturday,120.1,HIGH,2024Q2,1,High CSAT,0
2025-06-21,Tabuk Central,Tabuk,Medium,Cleaning Supplies,4934.24,55,Cash,4.1,8.50395393798171,2025,6,Saturday,89.71,LOW,2025Q2,1,High CSAT,0
2024-06-17,Dhahran,Eastern Province,XLarge,Baby Products,9201.130000000001,130,Visa,3.7,9.127081581581582,2024,6,Monday,70.78,MEDIUM,2024Q2,0,Medium CSAT,0
2025-12-14,Jeddah South,Makkah,Large,Cleaning Supplies,12953.46,170,Apple Pay,3.0,9.469118212908253,2025,12,Sunday,76.2,HIGH,2025Q4,0,Low CSAT,1
2024-03-20,Al Aziziyah,Makkah,Large,Personal Care,17426.98,157,Mastercard,3.5,9.765774859015524,2024,3,Wednesday,111.0,HIGH,2024Q1,0,Medium CSAT,0
2024-01-15,Jubail,Eastern Province,Large,Beverages,6668.65,67,Apple Pay,4.6,8.805172719623668,2024,1,Monday,99.53,MEDIUM,2024Q1,0,High CSAT,1
2024-09-26,Tabuk Central,Tabuk,Medium,Electronics,9201.130000000001,57,Apple Pay,4.5,9.127081581581582,2024,9,Thursday,161.42,MEDIUM,2024Q3,0,High CSAT,1
2025-10-11,Makkah City,Makkah,Large,Baby Products,17314.55,138,Mada,4.2,9.759302467471946,2025,10,Saturday,125.47,HIGH,2025Q4,1,High CSAT,1
2026-03-03,Unaizah,Qassim,Small,Meat & Poultry,2280.41,50,Tabby,3.5,7.732110530343392,2026,3,Tuesday,45.61,LOW,2026Q1,0,Medium CSAT,0
2025-01-14,Riyadh Central,Riyadh,Large,Electronics,15184.5,135,Visa,4.2,9.628030449706916,2025,1,Tuesday,112.48,HIGH,2025Q1,0,High CSAT,0
2025-02-27,Arar Central,Northern Borders,Small,Meat & Poultry,2447.09,50,Visa,3.1,7.802654842496596,2025,2,Thursday,48.94,LOW,2025Q1,0,Medium CSAT,0
2026-05-15,Al Khobar,Eastern Province,Large,Toys,13474.18,149,Mastercard,4.2,9.50853054049327,2026,5,Friday,90.43,HIGH,2026Q2,1,High CSAT,0
2024-03-30,Al Olaya,Riyadh,Large,Fresh Produce,25752.41,303,Visa,3.4,10.156283493945413,2024,3,Saturday,84.99,HIGH,2024Q1,1,Medium CSAT,0
2024-04-12,Unaizah,Qassim,Small,Household,4042.25,50,Mastercard,3.8,8.304556746619925,2024,4,Friday,80.84,LOW,2024Q2,1,Medium CSAT,0
2024-08-04,Tabuk Central,Tabuk,Medium,Beverages,5284.58,99,Mada,3.6,8.572548424947739,2024,8,Sunday,53.38,MEDIUM,2024Q3,0,Medium CSAT,1
2025-02-26,Arar Central,Northern Borders,Small,Clothing,3103.5,50,Mada,3.6,8.040285785853708,2025,2,Wednesday,62.07,LOW,2025Q1,0,Medium CSAT,1
2026-03-11,Abha Central,Asir,Small,Dairy,1760.3,50,Mada,4.0,7.473239528051926,2026,3,Wednesday,35.21,LOW,2026Q1,0,Medium CSAT,1
2025-11-20,Tabuk Central,Tabuk,Medium,Cleaning Supplies,4317.69,53,Cash,3.2,8.370475816001022,2025,11,Thursday,81.47,LOW,2025Q4,0,Medium CSAT,0
2026-03-20,Jeddah North,Makkah,XLarge,Snacks & Confectionery,18930.15,260,Visa,3.5,9.848511168102243,2026,3,Friday,72.81,HIGH,2026Q1,1,Medium CSAT,0
2024-09-04,Al Wajh,Tabuk,Medium,Meat & Poultry,6270.6,59,Mada,4.7,8.743627322828512,2024,9,Wednesday,106.28,MEDIUM,2024Q3,0,High CSAT,1
2026-03-31,Riyadh South,Riyadh,Large,Beverages,11568.9,160,Mada,3.7,9.356075742202094,2026,3,Tuesday,72.31,HIGH,2026Q1,0,Medium CSAT,1
2025-06-13,Jubail,Eastern Province,Large,Bakery,7581.39,109,Cash,3.4,8.93345183913356,2025,6,Friday,69.55,MEDIUM,2025Q2,1,Medium CSAT,0
2025-10-08,Hittin,Riyadh,Large,Meat & Poultry,22189.45,222,STC Pay,4.1,10.00737222967985,2025,10,Wednesday,99.95,HIGH,2025Q4,0,High CSAT,0
2024-07-27,Jubail,Eastern Province,Large,Electronics,15093.9,93,Apple Pay,3.6,9.6220459676738,2024,7,Saturday,162.3,HIGH,2024Q3,1,Medium CSAT,1
2024-01-29,Jeddah North,Makkah,XLarge,Household,17602.77,209,Visa,4.6,9.775811555005944,2024,1,Monday,84.22,HIGH,2024Q1,0,High CSAT,0
2025-10-11,Arar Central,Northern Borders,Small,Meat & Poultry,4562.68,50,STC Pay,3.7,8.42566544916733,2025,10,Saturday,91.25,LOW,2025Q4,1,Medium CSAT,0
2024-07-17,Dhahran,Eastern Province,XLarge,Bakery,12972.44,192,Apple Pay,4.1,9.470582386062572,2024,7,Wednesday,67.56,HIGH,2024Q3,0,High CSAT,1
2024-03-25,Dammam Central,Eastern Province,Large,Personal Care,18133.22,201,Visa,3.2,9.805500894156394,2024,3,Monday,90.22,HIGH,2024Q1,0,Medium CSAT,0
2024-04-23,Al Olaya,Riyadh,Large,Personal Care,11733.5,104,Mada,3.9,9.37020327736265,2024,4,Tuesday,112.82,HIGH,2024Q2,0,Medium CSAT,1
2026-05-14,Al Bahah Central,Al Bahah,Small,Snacks & Confectionery,1872.36,50,Mada,3.5,7.534954946241091,2026,5,Thursday,37.45,LOW,2026Q2,0,Medium CSAT,1
2025-02-27,Riyadh North,Riyadh,Large,Baby Products,8279.15,65,Mada,3.6,9.021495585104883,2025,2,Thursday,127.37,MEDIUM,2025Q1,0,Medium CSAT,1
2026-04-07,Hail Central,Hail,Small,Dairy,1889.21,50,Mastercard,3.8,7.543914031253771,2026,4,Tuesday,37.78,LOW,2026Q2,0,Medium CSAT,0
2024-04-30,Riyadh East,Riyadh,Large,Baby Products,16645.45,157,Visa,3.6,9.719892184789371,2024,4,Tuesday,106.02,HIGH,2024Q2,0,Medium CSAT,0
2024-05-04,Al Anbariyah,Madinah,Large,Electronics,16651.53,103,Visa,3.7,9.72025738307868,2024,5,Saturday,161.67,HIGH,2024Q2,1,Medium CSAT,0
2024-08-09,Jeddah North,Makkah,Large,Fresh Produce,24124.65,237,Mada,4.1,10.090989418329928,2024,8,Friday,101.79,HIGH,2024Q3,1,High CSAT,1
2024-10-01,Makkah City,Makkah,Large,Fresh Produce,8736.81,81,Mastercard,4.4,9.075300413466692,2024,10,Tuesday,107.86,MEDIUM,2024Q4,0,High CSAT,0
2025-04-23,Al Khobar,Eastern Province,Large,Beverages,12422.07,146,Mada,3.9,9.42723000826679,2025,4,Wednesday,85.08,HIGH,2025Q2,0,Medium CSAT,1
2025-02-06,Dammam Central,Eastern Province,Large,Snacks & Confectionery,6597.52,99,Mada,4.0,8.794449099824192,2025,2,Thursday,66.64,MEDIUM,2025Q1,0,Medium CSAT,1
2026-01-09,Al Rawdah,Makkah,Large,Cleaning Supplies,10123.76,125,Mastercard,4.0,9.222640415338981,2026,1,Friday,80.99,HIGH,2026Q1,1,Medium CSAT,0
2025-03-15,Khamis Mushait,Asir,Small,Meat & Poultry,5184.1,54,Apple Pay,3.1,8.553351527969516,2025,3,Saturday,96.0,MEDIUM,2025Q1,1,Medium CSAT,1
2024-06-20,Hail Central,Hail,Small,Baby Products,2966.64,50,Mada,2.9,7.9951852782476776,2024,6,Thursday,59.33,LOW,2024Q2,0,Low CSAT,1
2024-12-26,Buraidah Central,Qassim,Large,Fresh Produce,5717.02,71,Mada,3.3,8.651202969596142,2024,12,Thursday,80.52,MEDIUM,2024Q4,0,Medium CSAT,1
2025-01-01,Jeddah East,Makkah,Large,Bakery,6620.35,83,Cash,3.8,8.797903517624114,2025,1,Wednesday,79.76,MEDIUM,2025Q1,0,Medium CSAT,0
2026-01-04,Riyadh Central,Riyadh,Large,Beverages,10962.06,144,STC Pay,3.9,9.302195499044831,2026,1,Sunday,76.13,HIGH,2026Q1,0,Medium CSAT,0
2025-01-29,Riyadh West,Riyadh,Large,Bakery,6777.92,80,Visa,3.6,8.821425549205633,2025,1,Wednesday,84.72,MEDIUM,2025Q1,0,Medium CSAT,0
2025-08-10,Riyadh West,Riyadh,Large,Beverages,14613.66,189,Mada,2.9,9.58971198671854,2025,8,Sunday,77.32,HIGH,2025Q3,0,Low CSAT,1
2024-07-21,Jubail,Eastern Province,Large,Snacks & Confectionery,9444.03,115,Tamara,3.6,9.153138074820435,2024,7,Sunday,82.12,MEDIUM,2024Q3,0,Medium CSAT,0
2025-09-07,Jeddah South,Makkah,Large,Fresh Produce,14915.24,139,Mada,3.9,9.61013878800276,2025,9,Sunday,107.3,HIGH,2025Q3,0,Medium CSAT,1
2025-04-17,Riyadh Central,Riyadh,Large,Snacks & Confectionery,9885.21,115,Mada,3.9,9.19879497968862,2025,4,Thursday,85.96,MEDIUM,2025Q2,0,Medium CSAT,1
2024-03-12,Riyadh North,Riyadh,Large,Snacks & Confectionery,12925.62,99,Mada,3.7,9.466966667278376,2024,3,Tuesday,130.56,HIGH,2024Q1,0,Medium CSAT,1
2026-02-10,Jubail,Eastern Province,Large,Electronics,11293.72,96,Mada,4.1,9.332002098000542,2026,2,Tuesday,117.64,HIGH,2026Q1,0,High CSAT,1
2025-05-20,Arar Central,Northern Borders,Small,Fresh Produce,2848.21,50,Mada,3.7,7.954446005768561,2025,5,Tuesday,56.96,LOW,2025Q2,0,Medium CSAT,1
2024-01-30,Al Olaya,Riyadh,Large,Snacks & Confectionery,6983.68,72,Tamara,4.2,8.851331277454824,2024,1,Tuesday,97.0,MEDIUM,2024Q1,0,High CSAT,0
2024-06-23,Madinah Central,Madinah,Small,Frozen Foods,2107.8,50,Apple Pay,3.1,7.653400028499837,2024,6,Sunday,42.16,LOW,2024Q2,0,Medium CSAT,1
2024-01-06,Unaizah,Qassim,Small,Snacks & Confectionery,3544.09,50,Apple Pay,4.3,8.173036706436383,2024,1,Saturday,70.88,LOW,2024Q1,1,High CSAT,1
2024-09-27,Riyadh West,Riyadh,Large,Personal Care,11868.04,140,Mada,4.4,9.381604351812852,2024,9,Friday,84.77,HIGH,2024Q3,1,High CSAT,1
2024-05-21,Jeddah South,Makkah,Large,Fresh Produce,9400.35,96,Mada,3.1,9.148502201607478,2024,5,Tuesday,97.92,MEDIUM,2024Q2,0,Medium CSAT,1
2025-10-14,Tabuk Central,Tabuk,Medium,Fresh Produce,4968.29,55,Visa,3.8,8.510830995500624,2025,10,Tuesday,90.33,LOW,2025Q4,0,Medium CSAT,0
2024-10-14,Al Bahah Central,Al Bahah,Small,Frozen Foods,1941.62,50,Mada,3.6,7.5712779551421985,2024,10,Monday,38.83,LOW,2024Q4,0,Medium CSAT,1
2025-11-06,Madinah North,Madinah,Large,Snacks & Confectionery,11056.11,145,Cash,4.0,9.310738495306726,2025,11,Thursday,76.25,HIGH,2025Q4,0,Medium CSAT,0
2024-03-02,Al Bahah Central,Al Bahah,Small,Fresh Produce,3768.25,50,Mada,3.2,8.234365981690638,2024,3,Saturday,75.36,LOW,2024Q1,1,Medium CSAT,1
2025-06-10,Buraidah Central,Qassim,Medium,Frozen Foods,5110.75,53,Mada,3.8,8.539101443465118,2025,6,Tuesday,96.43,MEDIUM,2025Q2,0,Medium CSAT,1
2026-05-18,Jeddah North,Makkah,XLarge,Cleaning Supplies,12943.18,147,Mada,4.8,9.468324287477003,2026,5,Monday,88.05,HIGH,2026Q2,0,High CSAT,1
2024-07-26,Al Jawf Central,Al Jawf,Small,Fresh Produce,2993.75,50,Mada,3.5,8.004282061159225,2024,7,Friday,59.88,LOW,2024Q3,1,Medium CSAT,1
2025-08-14,Dhahran,Eastern Province,Large,Fresh Produce,17976.89,229,Mastercard,4.1,9.796842323097952,2025,8,Thursday,78.5,HIGH,2025Q3,0,High CSAT,0
2024-09-30,Jeddah East,Makkah,Large,Clothing,8732.43,74,Mada,4.6,9.074798960616794,2024,9,Monday,118.01,MEDIUM,2024Q3,0,High CSAT,1
2024-12-28,Al Malaz,Riyadh,Large,Fresh Produce,16094.4,178,Visa,4.1,9.686226664380074,2024,12,Saturday,90.42,HIGH,2024Q4,1,High CSAT,0
2024-02-20,Al Olaya,Riyadh,Large,Frozen Foods,8999.14,99,Mada,3.9,9.104884296197078,2024,2,Tuesday,90.9,MEDIUM,2024Q1,0,Medium CSAT,1
2024-06-29,Bisha,Asir,Medium,Household,7849.34,78,Mada,3.6,8.968184730808712,2024,6,Saturday,100.63,MEDIUM,2024Q2,1,Medium CSAT,1
2024-08-12,Hittin,Riyadh,XLarge,Cleaning Supplies,10245.81,135,Mada,3.5,9.234624120505229,2024,8,Monday,75.89,HIGH,2024Q3,0,Medium CSAT,1
2024-04-13,Unaizah,Qassim,Small,Cleaning Supplies,3037.7,50,Mada,3.4,8.018855929102607,2024,4,Saturday,60.75,LOW,2024Q2,1,Medium CSAT,1
2025-05-22,Dammam Central,Eastern Province,Large,Frozen Foods,7997.55,85,Mada,4.0,8.986890523757864,2025,5,Thursday,94.09,MEDIUM,2025Q2,0,Medium CSAT,1
2026-01-21,Al Khobar,Eastern Province,Large,Fresh Produce,6748.47,87,Visa,3.7,8.817071091507138,2026,1,Wednesday,77.57,MEDIUM,2026Q1,0,Medium CSAT,0
2024-06-23,Madinah North,Madinah,Large,Electronics,15754.01,106,STC Pay,3.0,9.664850215022494,2024,6,Sunday,148.62,HIGH,2024Q2,0,Low CSAT,0
2024-01-14,Jeddah North,Makkah,XLarge,Beverages,22535.65,214,Tabby,4.2,10.02285377872918,2024,1,Sunday,105.31,HIGH,2024Q1,0,High CSAT,0
2025-08-31,Riyadh Central,Riyadh,Large,Beverages,11112.8,104,STC Pay,3.6,9.315852876083179,2025,8,Sunday,106.85,HIGH,2025Q3,0,Medium CSAT,0
2024-04-22,Najran Central,Najran,Medium,Electronics,6164.68,50,Mada,3.9,8.726591508330767,2024,4,Monday,123.29,MEDIUM,2024Q2,0,Medium CSAT,1
2026-03-04,Jeddah North,Makkah,XLarge,Dairy,12120.96,165,Mada,4.5,9.402691464407315,2026,3,Wednesday,73.46,HIGH,2026Q1,0,High CSAT,1
2025-07-12,Hafuf,Eastern Province,Medium,Beverages,5647.17,62,Cash,3.4,8.63890981369996,2025,7,Saturday,91.08,MEDIUM,2025Q3,1,Medium CSAT,0
2026-03-04,Buraidah Central,Qassim,Medium,Fresh Produce,5184.85,71,Mada,4.3,8.55349619064053,2026,3,Wednesday,73.03,MEDIUM,2026Q1,0,High CSAT,1
2025-12-03,Dammam Central,Eastern Province,Large,Clothing,14380.88,107,Mada,3.8,9.573654825508335,2025,12,Wednesday,134.4,HIGH,2025Q4,0,Medium CSAT,1
2025-05-24,Hafuf,Eastern Province,Medium,Personal Care,5606.94,63,Mada,5.0,8.63176039515684,2025,5,Saturday,89.0,MEDIUM,2025Q2,1,High CSAT,1
2026-02-01,Al Rawdah,Makkah,Large,Cleaning Supplies,8180.79,99,Cash,3.7,9.009544001950648,2026,2,Sunday,82.63,MEDIUM,2026Q1,0,Medium CSAT,0
2025-04-05,Unaizah,Qassim,Small,Cleaning Supplies,4357.0,50,STC Pay,4.2,8.379539026117442,2025,4,Saturday,87.14,LOW,2025Q2,1,High CSAT,0
2024-12-05,Hafuf,Eastern Province,Medium,Meat & Poultry,6958.6,75,Mada,4.3,8.84773358366992,2024,12,Thursday,92.78,MEDIUM,2024Q4,0,High CSAT,1
2026-05-04,Qatif,Eastern Province,XLarge,Beverages,9201.130000000001,172,Tabby,4.1,9.127081581581582,2026,5,Monday,53.49,MEDIUM,2026Q2,0,High CSAT,0
2024-10-22,Hafuf,Eastern Province,Medium,Electronics,5842.19,52,Cash,3.6,8.672861005527347,2024,10,Tuesday,112.35,MEDIUM,2024Q4,0,Medium CSAT,0
2025-09-30,Al Khobar,Eastern Province,Large,Fresh Produce,9766.47,107,Cash,3.4,9.186710369615534,2025,9,Tuesday,91.28,MEDIUM,2025Q3,0,Medium CSAT,0
2024-01-16,Al Khobar,Eastern Province,Large,Bakery,7312.23,110,Cash,3.8,8.897303567781515,2024,1,Tuesday,66.47,MEDIUM,2024Q1,0,Medium CSAT,0
2025-11-07,Hafuf,Eastern Province,Large,Electronics,11926.84,78,STC Pay,3.8,9.386546601547797,2025,11,Friday,152.91,HIGH,2025Q4,1,Medium CSAT,0
2025-11-12,Al Jawf Central,Al Jawf,Small,Household,3371.78,50,Mastercard,3.8,8.123196073814196,2025,11,Wednesday,67.44,LOW,2025Q4,0,Medium CSAT,0
2025-08-22,Al Wajh,Tabuk,Medium,Dairy,6581.45,66,STC Pay,4.3,8.792010364784261,2025,8,Friday,99.72,MEDIUM,2025Q3,1,High CSAT,0
2026-04-11,Madinah North,Madinah,Large,Meat & Poultry,23350.81,203,STC Pay,4.5,10.058386952002872,2026,4,Saturday,115.03,HIGH,2026Q2,1,High CSAT,0
2024-06-26,Dhahran,Eastern Province,XLarge,Clothing,19750.58,159,Visa,3.4,9.890938136986671,2024,6,Wednesday,124.22,HIGH,2024Q2,0,Medium CSAT,0
2024-09-13,Al Aziziyah,Makkah,Large,Household,11063.78,101,Cash,3.3,9.311431988837427,2024,9,Friday,109.54,HIGH,2024Q3,1,Medium CSAT,0
2024-07-06,Unaizah,Qassim,Small,Cleaning Supplies,2471.71,50,Cash,3.4,7.812665497779908,2024,7,Saturday,49.43,LOW,2024Q3,1,Medium CSAT,0
2025-12-11,Hail Central,Hail,Small,Baby Products,2821.3,50,Mada,3.2,7.944953050615375,2025,12,Thursday,56.43,LOW,2025Q4,0,Medium CSAT,1
2025-04-17,Tabuk Central,Tabuk,Medium,Household,5234.11,61,Mada,4.0,8.562952099300277,2025,4,Thursday,85.81,MEDIUM,2025Q2,0,Medium CSAT,1
2025-09-21,Makkah City,Makkah,Large,Frozen Foods,16025.84,187,Mada,3.2,9.681957698511814,2025,9,Sunday,85.7,HIGH,2025Q3,0,Medium CSAT,1
2024-02-24,Al Khobar,Eastern Province,Large,Meat & Poultry,18172.04,158,Cash,3.2,9.807639428065514,2024,2,Saturday,115.01,HIGH,2024Q1,1,Medium CSAT,0
2025-04-16,Buraidah Central,Qassim,Medium,Fresh Produce,7065.81,71,Tamara,4.2,8.863022938228385,2025,4,Wednesday,99.52,MEDIUM,2025Q2,0,High CSAT,0
2025-08-02,Al Khobar,Eastern Province,Large,Meat & Poultry,16702.46,125,Mastercard,4.1,9.723311292945695,2025,8,Saturday,133.62,HIGH,2025Q3,1,High CSAT,0
2026-01-27,Al Jawf Central,Al Jawf,Small,Toys,2423.52,50,Visa,3.8,7.792976307778715,2026,1,Tuesday,48.47,LOW,2026Q1,0,Medium CSAT,0
2024-11-04,Jeddah North,Makkah,XLarge,Toys,19462.12,240,Apple Pay,4.0,9.876225291224605,2024,11,Monday,81.09,HIGH,2024Q4,0,Medium CSAT,1
2024-04-27,Al Aziziyah,Makkah,Large,Fresh Produce,13385.65,171,Visa,3.8,9.501938516598301,2024,4,Saturday,78.28,HIGH,2024Q2,1,Medium CSAT,0
2026-05-02,Riyadh North,Riyadh,Large,Meat & Poultry,16922.76,180,Mada,4.0,9.736414740424877,2026,5,Saturday,94.02,HIGH,2026Q2,1,Medium CSAT,1
2024-07-07,Najran Central,Najran,Medium,Snacks & Confectionery,6796.1,84,Apple Pay,3.5,8.824104197221528,2024,7,Sunday,80.91,MEDIUM,2024Q3,0,Medium CSAT,1
2024-06-23,Madinah North,Madinah,Large,Toys,12859.44,119,Mada,3.8,9.461833450964768,2024,6,Sunday,108.06,HIGH,2024Q2,0,Medium CSAT,1
2025-01-11,Al Bahah Central,Al Bahah,Large,Meat & Poultry,4203.04,50,Cash,3.8,8.343563351971488,2025,1,Saturday,84.06,LOW,2025Q1,1,Medium CSAT,0
2026-04-13,Tabuk Central,Tabuk,Medium,Electronics,7825.98,59,Visa,4.1,8.965204247183141,2026,4,Monday,132.64,MEDIUM,2026Q2,0,High CSAT,0
2024-02-13,Hail Central,Hail,Small,Fresh Produce,2902.74,50,STC Pay,3.6,7.973410397492138,2024,2,Tuesday,58.05,LOW,2024Q1,0,Medium CSAT,0
2024-10-10,Arar Central,Northern Borders,Small,Fresh Produce,1807.51,50,Apple Pay,3.8,7.499705486521074,2024,10,Thursday,36.15,LOW,2024Q4,0,Medium CSAT,1
2025-02-03,Buraidah Central,Qassim,Medium,Fresh Produce,4263.91,50,Mastercard,4.6,8.357941858681087,2025,2,Monday,85.28,LOW,2025Q1,0,High CSAT,0
2025-04-15,Qatif,Eastern Province,XLarge,Frozen Foods,21249.85,220,Apple Pay,3.9,9.96410511550412,2025,4,Tuesday,96.59,HIGH,2025Q2,0,Medium CSAT,1
2025-01-20,Najran Central,Najran,Medium,Personal Care,5888.78,54,Mastercard,4.2,8.68080412446105,2025,1,Monday,109.05,MEDIUM,2025Q1,0,High CSAT,0
2026-03-05,Al Jawf Central,Al Jawf,Large,Bakery,2219.23,50,Visa,3.1,7.704915567854198,2026,3,Thursday,44.38,LOW,2026Q1,0,Medium CSAT,0
2024-03-10,Bisha,Asir,Medium,Snacks & Confectionery,5002.7,52,Cash,3.5,8.517733045668704,2024,3,Sunday,96.21,MEDIUM,2024Q1,0,Medium CSAT,0
2025-05-26,Al Olaya,Riyadh,Large,Beverages,10120.37,131,Tamara,4.0,9.222305503437932,2025,5,Monday,77.25,HIGH,2025Q2,0,Medium CSAT,0
2024-04-17,Madinah North,Madinah,Large,Fresh Produce,14117.02,181,Apple Pay,3.2,9.555136440614797,2024,4,Wednesday,77.99,HIGH,2024Q2,0,Medium CSAT,1
2024-03-06,Tabuk Central,Tabuk,Medium,Bakery,3334.21,50,Mastercard,3.4,8.111991048729635,2024,3,Wednesday,66.68,LOW,2024Q1,0,Medium CSAT,0
2024-06-27,Riyadh North,Riyadh,Large,Toys,8781.05,87,Mada,3.9,9.080351269456072,2024,6,Thursday,100.93,MEDIUM,2024Q2,0,Medium CSAT,1
2024-07-19,Al Aziziyah,Makkah,Large,Beverages,9325.9,100,Mada,4.2,9.140550754600076,2024,7,Friday,93.26,MEDIUM,2024Q3,1,High CSAT,1
2024-03-29,Al Aziziyah,Makkah,Large,Personal Care,20767.01,233,Mada,4.4,9.941120948876065,2024,3,Friday,89.13,HIGH,2024Q1,1,High CSAT,1
2024-01-06,Makkah City,Makkah,Large,Meat & Poultry,15598.92,144,Cash,4.1,9.654956960071837,2024,1,Saturday,108.33,HIGH,2024Q1,1,High CSAT,0
2025-05-23,Buraidah Central,Qassim,Medium,Bakery,4201.31,63,Visa,4.4,8.343151660401187,2025,5,Friday,66.69,LOW,2025Q2,1,High CSAT,0
2025-09-25,Hafuf,Eastern Province,Medium,Snacks & Confectionery,5818.5,79,Mada,3.8,8.668797775548132,2025,9,Thursday,73.65,MEDIUM,2025Q3,0,Medium CSAT,1
2024-05-10,Al Malaz,Riyadh,Large,Dairy,12035.26,127,Mada,3.2,9.39559595363982,2024,5,Friday,94.77,HIGH,2024Q2,1,Medium CSAT,1
2024-12-04,Unaizah,Qassim,Small,Snacks & Confectionery,1725.46,50,Apple Pay,3.8,7.453248960582891,2024,12,Wednesday,34.51,LOW,2024Q4,0,Medium CSAT,1
2024-10-21,Jeddah South,Makkah,Large,Personal Care,7825.73,94,STC Pay,4.0,8.965172301791869,2024,10,Monday,83.25,MEDIUM,2024Q4,0,Medium CSAT,0
2024-11-15,Al Jawf Central,Al Jawf,Small,Electronics,4251.89,50,Cash,2.7,8.35511886894846,2024,11,Friday,85.04,LOW,2024Q4,1,Low CSAT,0
2025-10-30,Al Anbariyah,Madinah,Large,Meat & Poultry,9812.0,80,Mada,4.0,9.19136140537838,2025,10,Thursday,122.65,MEDIUM,2025Q4,0,Medium CSAT,1
2024-05-22,Riyadh South,Riyadh,Large,Snacks & Confectionery,7053.41,80,Apple Pay,3.9,8.86126646681027,2024,5,Wednesday,88.17,MEDIUM,2024Q2,0,Medium CSAT,1
2024-03-15,Al Bahah Central,Al Bahah,Small,Household,5570.65,58,Apple Pay,3.5,8.625267022701681,2024,3,Friday,96.05,MEDIUM,2024Q1,1,Medium CSAT,1
2024-12-20,Riyadh East,Riyadh,Large,Baby Products,20892.02,206,Visa,4.2,9.947122546859962,2024,12,Friday,101.42,HIGH,2024Q4,1,High CSAT,0
2024-10-04,Makkah City,Makkah,Large,Fresh Produce,14553.07,161,Mada,4.0,9.585557246906568,2024,10,Friday,90.39,HIGH,2024Q4,1,Medium CSAT,1
2025-03-17,Hafuf,Eastern Province,Medium,Frozen Foods,6919.59,90,Mada,3.9,8.842111798301538,2025,3,Monday,76.88,MEDIUM,2025Q1,0,Medium CSAT,1
2025-07-01,Al Aziziyah,Makkah,Large,Meat & Poultry,11267.57,109,Cash,3.8,9.329683967103747,2025,7,Tuesday,103.37,HIGH,2025Q3,0,Medium CSAT,0
2024-02-23,Najran Central,Najran,Medium,Fresh Produce,6577.7,50,Mada,3.6,8.791440419141646,2024,2,Friday,131.55,MEDIUM,2024Q1,1,Medium CSAT,1
2025-09-22,Hittin,Riyadh,XLarge,Meat & Poultry,24130.37,192,Mada,3.9,10.091226492111133,2025,9,Monday,125.68,HIGH,2025Q3,0,Medium CSAT,1
2024-08-31,Riyadh South,Riyadh,Large,Personal Care,12474.8,116,Mastercard,4.3,9.431465888427077,2024,8,Saturday,107.54,HIGH,2024Q3,1,High CSAT,0
2026-04-01,Riyadh East,Riyadh,Large,Toys,9075.58,107,Cash,3.3,9.113342568936506,2026,4,Wednesday,84.82,MEDIUM,2026Q2,0,Medium CSAT,0
2025-03-25,Makkah City,Makkah,Large,Electronics,17258.57,124,Mastercard,3.8,9.756064110683688,2025,3,Tuesday,139.18,HIGH,2025Q1,0,Medium CSAT,0
2025-05-05,Bisha,Asir,Medium,Clothing,6193.95,50,STC Pay,4.1,8.731328288172508,2025,5,Monday,123.88,MEDIUM,2025Q2,0,High CSAT,0
2025-05-21,Al Rawdah,Makkah,Large,Snacks & Confectionery,9307.37,131,Apple Pay,3.5,9.138561838418601,2025,5,Wednesday,71.05,MEDIUM,2025Q2,0,Medium CSAT,1
2026-03-09,Abha Central,Asir,Small,Snacks & Confectionery,2055.57,50,STC Pay,3.7,7.628308460732534,2026,3,Monday,41.11,LOW,2026Q1,0,Medium CSAT,0
2025-12-15,Jubail,Eastern Province,Large,Fresh Produce,10754.16,112,Mada,4.2,9.283047935443806,2025,12,Monday,96.02,HIGH,2025Q4,0,High CSAT,1
2024-07-27,Al Malaz,Riyadh,Large,Snacks & Confectionery,14871.58,182,Mada,3.7,9.607207288012717,2024,7,Saturday,81.71,HIGH,2024Q3,1,Medium CSAT,1
2024-05-05,Al Rawdah,Makkah,Large,Snacks & Confectionery,9201.130000000001,113,Tabby,3.6,9.127081581581582,2024,5,Sunday,81.43,MEDIUM,2024Q2,0,Medium CSAT,0
2024-04-26,Arar Central,Northern Borders,Small,Snacks & Confectionery,2298.53,50,Visa,3.1,7.740025067151535,2024,4,Friday,45.97,LOW,2024Q2,1,Medium CSAT,0
2024-02-15,Hail Central,Hail,Small,Meat & Poultry,2190.6,50,Visa,3.6,7.691930757889646,2024,2,Thursday,43.81,LOW,2024Q1,0,Medium CSAT,0
2024-02-02,Dhahran,Eastern Province,XLarge,Meat & Poultry,23859.59,175,Visa,4.7,10.079941511933438,2024,2,Friday,136.34,HIGH,2024Q1,1,High CSAT,0
2026-04-09,Al Anbariyah,Madinah,Large,Bakery,11614.14,125,Mastercard,3.2,9.359978600276424,2026,4,Thursday,92.91,HIGH,2026Q2,0,Medium CSAT,0
2025-03-13,Al Wajh,Tabuk,Medium,Cleaning Supplies,9201.130000000001,112,Apple Pay,2.9,9.127081581581582,2025,3,Thursday,82.15,MEDIUM,2025Q1,0,Low CSAT,1
2026-05-29,Al Khobar,Eastern Province,Large,Household,16505.73,160,Mastercard,3.5,9.711462872330728,2026,5,Friday,103.16,HIGH,2026Q2,1,Medium CSAT,0
2024-09-23,Buraidah Central,Qassim,Medium,Meat & Poultry,4709.04,99,STC Pay,3.8,8.457239344579955,2024,9,Monday,47.57,LOW,2024Q3,0,Medium CSAT,0
2024-03-28,Dammam Central,Eastern Province,Large,Frozen Foods,19294.53,201,Visa,3.9,9.867576915032908,2024,3,Thursday,95.99,HIGH,2024Q1,0,Medium CSAT,0
2025-09-22,Riyadh East,Riyadh,Large,Dairy,7146.73,80,Mastercard,3.8,8.874410188417661,2025,9,Monday,89.33,MEDIUM,2025Q3,0,Medium CSAT,0
2025-08-05,Dhahran,Eastern Province,XLarge,Snacks & Confectionery,15265.53,212,Mada,3.9,9.633352624513847,2025,8,Tuesday,72.01,HIGH,2025Q3,0,Medium CSAT,1
2025-03-26,Riyadh North,Riyadh,Large,Electronics,15687.99,113,Visa,3.4,9.660650730446097,2025,3,Wednesday,138.83,HIGH,2025Q1,0,Medium CSAT,0
2024-10-10,Al Malaz,Riyadh,Large,Household,9201.130000000001,170,Mada,3.8,9.127081581581582,2024,10,Thursday,54.12,MEDIUM,2024Q4,0,Medium CSAT,1
2026-02-23,Al Anbariyah,Madinah,Large,Bakery,7916.73,105,Mada,3.8,8.976733520762677,2026,2,Monday,75.4,MEDIUM,2026Q1,0,Medium CSAT,1
2024-08-26,Riyadh South,Riyadh,Large,Electronics,9956.21,82,Apple Pay,3.8,9.20595175607339,2024,8,Monday,121.42,MEDIUM,2024Q3,0,Medium CSAT,1
2024-02-12,Jubail,Eastern Province,Large,Bakery,7057.72,111,Tamara,3.8,8.861877332153304,2024,2,Monday,63.58,MEDIUM,2024Q1,0,Medium CSAT,0
2025-07-07,Hafuf,Eastern Province,Medium,Personal Care,5104.06,50,Cash,3.8,8.537791580441423,2025,7,Monday,102.08,MEDIUM,2025Q3,0,Medium CSAT,0
2024-04-25,Hail Central,Hail,Small,Bakery,2350.84,50,Mada,3.8,7.762527990077825,2024,4,Thursday,47.02,LOW,2024Q2,0,Medium CSAT,1
2024-10-16,Al Wajh,Tabuk,Medium,Dairy,3758.95,52,Mada,3.4,8.231894942065765,2024,10,Wednesday,72.29,LOW,2024Q4,0,Medium CSAT,1
2025-10-29,Tabuk Central,Tabuk,Medium,Baby Products,5692.1,50,Cash,3.6,8.646834527572636,2025,10,Wednesday,113.84,MEDIUM,2025Q4,0,Medium CSAT,0
2025-08-28,Jeddah North,Makkah,XLarge,Personal Care,13101.45,154,Visa,4.2,9.480478190086787,2025,8,Thursday,85.07,HIGH,2025Q3,0,High CSAT,0
2026-03-13,Al Jawf Central,Al Jawf,Small,Meat & Poultry,3789.29,50,Apple Pay,4.2,8.239933945434714,2026,3,Friday,75.79,LOW,2026Q1,1,High CSAT,1
2026-02-19,Khamis Mushait,Asir,Small,Electronics,3849.65,50,STC Pay,3.7,8.255737514058438,2026,2,Thursday,76.99,LOW,2026Q1,0,Medium CSAT,0
2025-08-01,Madinah Central,Madinah,Small,Fresh Produce,2842.18,50,Mada,3.5,7.952326642330526,2025,8,Friday,56.84,LOW,2025Q3,1,Medium CSAT,1
2026-03-28,Buraidah Central,Qassim,Medium,Beverages,5626.43,66,Mada,3.0,8.63523041698585,2026,3,Saturday,85.25,MEDIUM,2026Q1,1,Low CSAT,1
2024-07-18,Dammam Central,Eastern Province,Large,Dairy,9868.78,110,Mada,3.8,9.197131517898002,2024,7,Thursday,89.72,MEDIUM,2024Q3,0,Medium CSAT,1
2024-11-18,Arar Central,Northern Borders,Small,Fresh Produce,2606.41,50,Mastercard,3.2,7.8657290745500585,2024,11,Monday,52.13,LOW,2024Q4,0,Medium CSAT,0
2025-01-05,Tabuk Central,Tabuk,Medium,Household,5656.04,50,Mada,3.5,8.640479279687186,2025,1,Sunday,113.12,MEDIUM,2025Q1,0,Medium CSAT,1
2024-08-23,Tabuk Central,Tabuk,Medium,Snacks & Confectionery,5714.47,59,Visa,3.8,8.65075683352074,2024,8,Friday,96.86,MEDIUM,2024Q3,1,Medium CSAT,0
2025-11-21,Tabuk Central,Tabuk,Medium,Fresh Produce,7320.21,73,Mada,3.7,8.898394295068439,2025,11,Friday,100.28,MEDIUM,2025Q4,1,Medium CSAT,1
2025-06-01,Tabuk Central,Tabuk,Medium,Fresh Produce,8277.17,91,Apple Pay,4.0,9.021256401517052,2025,6,Sunday,90.96,MEDIUM,2025Q2,0,Medium CSAT,1
2025-04-09,Jeddah East,Makkah,Large,Fresh Produce,8601.75,86,Visa,4.4,9.059720949912741,2025,4,Wednesday,100.02,MEDIUM,2025Q2,0,High CSAT,0
2024-02-04,Makkah City,Makkah,Large,Electronics,20622.12,137,Cash,3.5,9.93411956508918,2024,2,Sunday,150.53,HIGH,2024Q1,0,Medium CSAT,0
2025-06-26,Al Jawf Central,Al Jawf,Small,Cleaning Supplies,2232.32,50,Mada,3.0,7.710796682400451,2025,6,Thursday,44.65,LOW,2025Q2,0,Low CSAT,1
2024-12-10,Hittin,Riyadh,XLarge,Cleaning Supplies,19632.72,260,Visa,3.8,9.884952841094814,2024,12,Tuesday,75.51,HIGH,2024Q4,0,Medium CSAT,0
2026-02-14,Al Khobar,Eastern Province,Large,Fresh Produce,12915.8,125,Apple Pay,4.0,9.4662066470881,2026,2,Saturday,103.33,HIGH,2026Q1,1,Medium CSAT,1
2024-03-26,Al Jawf Central,Al Jawf,Small,Electronics,3872.43,50,Mastercard,3.3,8.261637495949469,2024,3,Tuesday,77.45,LOW,2024Q1,0,Medium CSAT,0
2025-06-04,Jeddah East,Makkah,Large,Dairy,8674.29,120,Mada,3.9,9.068118757085223,2025,6,Wednesday,72.29,MEDIUM,2025Q2,0,Medium CSAT,1
2024-12-15,Al Bahah Central,Al Bahah,Small,Household,2976.81,50,Visa,3.9,7.998607536338783,2024,12,Sunday,59.54,LOW,2024Q4,0,Medium CSAT,0
2024-11-22,Khamis Mushait,Asir,Small,Baby Products,4131.8,50,STC Pay,3.5,8.326468426357529,2024,11,Friday,82.64,LOW,2024Q4,1,Medium CSAT,0
2025-03-16,Al Rawdah,Makkah,Large,Personal Care,21842.28,240,Cash,3.8,9.991602820014394,2025,3,Sunday,91.01,HIGH,2025Q1,0,Medium CSAT,0
2025-05-13,Dammam Central,Eastern Province,Large,Cleaning Supplies,7542.21,88,Mada,4.0,8.928270521503853,2025,5,Tuesday,85.71,MEDIUM,2025Q2,0,Medium CSAT,1
2024-08-25,Al Olaya,Riyadh,Large,Fresh Produce,13921.84,136,Apple Pay,3.8,9.541214109060933,2024,8,Sunday,102.37,HIGH,2024Q3,0,Medium CSAT,1
2025-07-06,Riyadh East,Riyadh,Large,Fresh Produce,12628.68,139,Apple Pay,3.7,9.443725696818532,2025,7,Sunday,90.85,HIGH,2025Q3,0,Medium CSAT,1
2024-07-27,Abha Central,Asir,Small,Baby Products,3147.26,50,Mada,3.9,8.054287512018396,2024,7,Saturday,62.95,LOW,2024Q3,1,Medium CSAT,1
2026-01-03,Hittin,Riyadh,XLarge,Snacks & Confectionery,23945.59,285,Mada,4.3,10.083539452272696,2026,1,Saturday,84.02,HIGH,2026Q1,1,High CSAT,1
2024-03-29,Al Anbariyah,Madinah,Large,Baby Products,26284.29,273,Cash,3.7,10.176726701285153,2024,3,Friday,96.28,HIGH,2024Q1,1,Medium CSAT,0
2026-01-14,Madinah Central,Madinah,Small,Fresh Produce,1622.91,50,Mada,3.7,7.3919761131119595,2026,1,Wednesday,32.46,LOW,2026Q1,0,Medium CSAT,1
2025-11-19,Al Jawf Central,Al Jawf,Small,Toys,2952.86,50,STC Pay,2.8,7.990529471205906,2025,11,Wednesday,59.06,LOW,2025Q4,0,Low CSAT,0
2024-11-21,Buraidah Central,Qassim,Medium,Household,5359.09,60,Visa,4.2,8.586549463531847,2024,11,Thursday,89.32,MEDIUM,2024Q4,0,High CSAT,0
2024-09-08,Riyadh Central,Riyadh,Large,Meat & Poultry,13238.88,141,Mastercard,3.8,9.490913233767866,2024,9,Sunday,93.89,HIGH,2024Q3,0,Medium CSAT,0
2026-01-21,Jeddah East,Makkah,Large,Fresh Produce,9185.77,99,Cash,4.0,9.125410826470821,2026,1,Wednesday,92.79,MEDIUM,2026Q1,0,Medium CSAT,0
2026-05-27,Buraidah Central,Qassim,Medium,Bakery,4416.18,57,Mada,3.3,8.393030347995795,2026,5,Wednesday,77.48,LOW,2026Q2,0,Medium CSAT,1
2025-03-04,Riyadh East,Riyadh,Large,Personal Care,16755.97,99,Mada,3.4,9.726509891661886,2025,3,Tuesday,169.25,HIGH,2025Q1,0,Medium CSAT,1
2025-05-10,Hafuf,Eastern Province,Medium,Baby Products,8417.11,92,Apple Pay,4.2,9.038021817915535,2025,5,Saturday,91.49,MEDIUM,2025Q2,1,High CSAT,1
2026-03-26,Al Bahah Central,Al Bahah,Small,Personal Care,2770.89,50,Mada,3.2,7.926923847214698,2026,3,Thursday,55.42,LOW,2026Q1,0,Medium CSAT,1
2024-04-25,Madinah Central,Madinah,Small,Cleaning Supplies,3034.2,50,Mada,3.3,8.017703077313993,2024,4,Thursday,60.68,LOW,2024Q2,0,Medium CSAT,1
2024-04-28,Al Wajh,Tabuk,Large,Baby Products,8003.27,81,Mada,3.9,8.98760548714645,2024,4,Sunday,98.81,MEDIUM,2024Q2,0,Medium CSAT,1
2025-12-22,Bisha,Asir,Medium,Cleaning Supplies,3753.23,54,Apple Pay,3.3,8.230372081563104,2025,12,Monday,69.5,LOW,2025Q4,0,Medium CSAT,1
2024-10-24,Riyadh North,Riyadh,Large,Bakery,7832.25,119,Mada,3.8,8.966005104027767,2024,10,Thursday,65.82,MEDIUM,2024Q4,0,Medium CSAT,1
2024-09-24,Jubail,Eastern Province,Large,Meat & Poultry,12662.58,129,Mada,3.8,9.446406466404701,2024,9,Tuesday,98.16,HIGH,2024Q3,0,Medium CSAT,1
2026-01-15,Al Bahah Central,Al Bahah,Small,Clothing,2409.04,50,Mada,3.7,7.786983606877186,2026,1,Thursday,48.18,LOW,2026Q1,0,Medium CSAT,1
2025-08-09,Madinah Central,Madinah,Small,Household,4212.04,50,Cash,4.1,8.345702369884936,2025,8,Saturday,84.24,LOW,2025Q3,1,High CSAT,0
2025-09-11,Makkah City,Makkah,Large,Baby Products,12182.97,93,Mada,3.7,9.407794353903702,2025,9,Thursday,131.0,HIGH,2025Q3,0,Medium CSAT,1
2026-05-08,Jeddah South,Makkah,Large,Snacks & Confectionery,9201.130000000001,118,Apple Pay,4.0,9.127081581581582,2026,5,Friday,77.98,MEDIUM,2026Q2,1,Medium CSAT,1
2024-12-05,Abha Central,Asir,Small,Household,2847.4,50,Cash,4.0,7.954161576179645,2024,12,Thursday,56.95,LOW,2024Q4,0,Medium CSAT,0
2024-04-14,Buraidah Central,Qassim,Medium,Snacks & Confectionery,7570.59,75,Mada,3.2,8.932026282628208,2024,4,Sunday,100.94,MEDIUM,2024Q2,0,Medium CSAT,1
2024-08-23,Riyadh North,Riyadh,Large,Toys,13287.38,113,Mastercard,4.0,9.494569991565209,2024,8,Friday,117.59,HIGH,2024Q3,1,Medium CSAT,0
2024-05-14,Bisha,Asir,Medium,Cleaning Supplies,4695.22,68,Cash,3.4,8.454300248904502,2024,5,Tuesday,69.05,LOW,2024Q2,0,Medium CSAT,0
2026-01-09,Al Jawf Central,Al Jawf,Small,Frozen Foods,2914.76,50,Mastercard,2.7,7.977542762633487,2026,1,Friday,58.3,LOW,2026Q1,1,Low CSAT,0
2026-01-23,Al Olaya,Riyadh,Large,Meat & Poultry,15051.03,154,Apple Pay,3.8,9.619201706373419,2026,1,Friday,97.73,HIGH,2026Q1,1,Medium CSAT,1
2025-03-11,Jubail,Eastern Province,Large,Electronics,20966.4,146,Mada,3.7,9.950676435338586,2025,3,Tuesday,143.61,HIGH,2025Q1,0,Medium CSAT,1
2025-01-20,Najran Central,Najran,Medium,Fresh Produce,3968.85,52,Visa,4.4,8.28623165917396,2025,1,Monday,76.32,LOW,2025Q1,0,High CSAT,0
2024-10-18,Najran Central,Najran,Medium,Household,9050.57,81,Cash,3.4,9.110583018136014,2024,10,Friday,111.74,MEDIUM,2024Q4,1,Medium CSAT,0
2026-02-20,Abha Central,Asir,Small,Fresh Produce,2609.74,50,Tabby,3.6,7.867005878496412,2026,2,Friday,52.19,LOW,2026Q1,1,Medium CSAT,0
2026-02-28,Bisha,Asir,Medium,Meat & Poultry,7037.98,65,Mada,3.4,8.859076476161096,2026,2,Saturday,108.28,MEDIUM,2026Q1,1,Medium CSAT,1
2024-04-07,Al Malaz,Riyadh,Large,Bakery,20144.33,316,Visa,4.4,9.91067813819919,2024,4,Sunday,63.75,HIGH,2024Q2,0,High CSAT,0
2024-05-24,Al Malaz,Riyadh,Large,Snacks & Confectionery,10156.4,125,Apple Pay,3.8,9.225859327633852,2024,5,Friday,81.25,HIGH,2024Q2,1,Medium CSAT,1
2024-09-15,Al Bahah Central,Al Bahah,Small,Frozen Foods,2864.47,50,Cash,3.5,7.960138620761847,2024,9,Sunday,57.29,LOW,2024Q3,0,Medium CSAT,0
2024-01-06,Tabuk Central,Tabuk,Medium,Bakery,5179.58,70,Mada,2.8,8.552479250885199,2024,1,Saturday,73.99,MEDIUM,2024Q1,1,Low CSAT,1
2024-11-25,Madinah North,Madinah,Large,Beverages,9306.9,111,Mastercard,3.8,9.138511339527149,2024,11,Monday,83.85,MEDIUM,2024Q4,0,Medium CSAT,0
2024-04-17,Al Malaz,Riyadh,Large,Electronics,16120.15,105,Cash,3.6,9.687825321228244,2024,4,Wednesday,153.53,HIGH,2024Q2,0,Medium CSAT,0
2025-03-24,Al Aziziyah,Makkah,Large,Fresh Produce,16691.37,214,Mada,3.8,9.722647098367972,2025,3,Monday,78.0,HIGH,2025Q1,0,Medium CSAT,1
2025-05-13,Buraidah Central,Qassim,Medium,Cleaning Supplies,3235.33,50,Cash,4.8,8.08188621100598,2025,5,Tuesday,64.71,LOW,2025Q2,0,High CSAT,0
2025-06-19,Dammam Central,Eastern Province,Large,Cleaning Supplies,7214.95,94,Mada,4.7,8.883910541177029,2025,6,Thursday,76.75,MEDIUM,2025Q2,0,High CSAT,1
2025-06-19,Al Khobar,Eastern Province,Large,Snacks & Confectionery,9216.36,132,Mada,3.4,9.128735444672753,2025,6,Thursday,69.82,MEDIUM,2025Q2,0,Medium CSAT,1
2024-12-04,Al Rawdah,Makkah,Large,Frozen Foods,13387.63,173,Cash,3.5,9.502086425259744,2024,12,Wednesday,77.39,HIGH,2024Q4,0,Medium CSAT,0
2026-01-02,Buraidah Central,Qassim,Medium,Electronics,10278.42,76,Mada,4.8,9.237801830698585,2026,1,Friday,135.24,HIGH,2026Q1,1,High CSAT,1
2025-12-19,Dhahran,Eastern Province,Large,Toys,21439.31,229,Mada,4.4,9.97298143183104,2025,12,Friday,93.62,HIGH,2025Q4,1,High CSAT,1
2025-10-01,Riyadh South,Riyadh,Large,Fresh Produce,9999.71,104,Visa,3.9,9.210311371555674,2025,10,Wednesday,96.15,MEDIUM,2025Q4,0,Medium CSAT,0
2024-10-08,Al Aziziyah,Makkah,Large,Cleaning Supplies,7620.56,94,Mastercard,4.4,8.938605136794022,2024,10,Tuesday,81.07,MEDIUM,2024Q4,0,High CSAT,0
2025-10-01,Abha Central,Asir,Small,Baby Products,3100.7,50,Visa,3.8,8.03938317143441,2025,10,Wednesday,62.01,LOW,2025Q4,0,Medium CSAT,0
2026-01-18,Al Olaya,Riyadh,Large,Fresh Produce,10835.88,123,Cash,4.3,9.290618128946546,2026,1,Sunday,88.1,HIGH,2026Q1,0,High CSAT,0
2025-08-24,Buraidah Central,Qassim,Medium,Meat & Poultry,8657.75,81,Apple Pay,3.0,9.06621015255616,2025,8,Sunday,106.89,MEDIUM,2025Q3,0,Low CSAT,1
2024-08-02,Najran Central,Najran,Medium,Frozen Foods,4859.62,66,Cash,3.2,8.488715524537184,2024,8,Friday,73.63,LOW,2024Q3,1,Medium CSAT,0
2024-05-26,Jeddah North,Makkah,XLarge,Fresh Produce,15573.04,185,STC Pay,4.5,9.653296493040168,2024,5,Sunday,84.18,HIGH,2024Q2,0,High CSAT,0
2025-03-11,Hail Central,Hail,Small,Dairy,3188.83,50,Cash,3.8,8.067409357342022,2025,3,Tuesday,63.78,LOW,2025Q1,0,Medium CSAT,0
2025-01-21,Bisha,Asir,Medium,Toys,5602.23,55,Apple Pay,3.7,8.630920011742688,2025,1,Tuesday,101.86,MEDIUM,2025Q1,0,Medium CSAT,1
2024-06-19,Al Rawdah,Makkah,Large,Snacks & Confectionery,9201.130000000001,130,Apple Pay,3.9,9.127081581581582,2024,6,Wednesday,70.78,MEDIUM,2024Q2,0,Medium CSAT,1
2025-05-16,Hail Central,Hail,Small,Bakery,2474.09,50,STC Pay,3.5,7.813627930625438,2025,5,Friday,49.48,LOW,2025Q2,1,Medium CSAT,0
2026-05-25,Abha Central,Asir,Small,Clothing,2492.04,50,Mada,3.4,7.820856931142888,2026,5,Monday,49.84,LOW,2026Q2,0,Medium CSAT,1
2025-01-26,Al Aziziyah,Makkah,Large,Baby Products,13904.1,158,Mada,3.6,9.539939039654223,2025,1,Sunday,88.0,HIGH,2025Q1,0,Medium CSAT,1
2024-12-02,Dhahran,Eastern Province,XLarge,Meat & Poultry,17241.84,141,STC Pay,4.2,9.755094267060882,2024,12,Monday,122.28,HIGH,2024Q4,0,High CSAT,0
2024-02-04,Dammam Central,Eastern Province,Large,Clothing,16693.23,139,Tamara,3.7,9.722758526990866,2024,2,Sunday,120.1,HIGH,2024Q1,0,Medium CSAT,0
2025-08-08,Riyadh South,Riyadh,Large,Snacks & Confectionery,12571.47,179,Tamara,3.5,9.439185239854146,2025,8,Friday,70.23,HIGH,2025Q3,1,Medium CSAT,0
2025-05-17,Arar Central,Northern Borders,Small,Frozen Foods,2544.84,50,Visa,3.9,7.8418230586389726,2025,5,Saturday,50.9,LOW,2025Q2,1,Medium CSAT,0
2025-12-23,Jeddah North,Makkah,XLarge,Cleaning Supplies,18232.76,199,Mada,4.2,9.810975255006266,2025,12,Tuesday,91.62,HIGH,2025Q4,0,High CSAT,1
2024-02-27,Hittin,Riyadh,XLarge,Toys,14955.57,145,Mada,3.9,9.612839084680745,2024,2,Tuesday,103.14,HIGH,2024Q1,0,Medium CSAT,1
2024-12-06,Riyadh North,Riyadh,Large,Snacks & Confectionery,15315.15,173,Mastercard,4.6,9.636597813538206,2024,12,Friday,88.53,HIGH,2024Q4,1,High CSAT,0
2025-06-12,Abha Central,Asir,Small,Clothing,1986.94,50,Mastercard,3.8,7.594351045820107,2025,6,Thursday,39.74,LOW,2025Q2,0,Medium CSAT,0
2024-05-31,Al Jawf Central,Al Jawf,Small,Fresh Produce,3017.73,50,Mada,3.7,8.012260172105046,2024,5,Friday,60.35,LOW,2024Q2,1,Medium CSAT,1
2025-12-06,Al Aziziyah,Makkah,Large,Fresh Produce,16757.79,204,Mada,4.1,9.726618503766394,2025,12,Saturday,82.15,HIGH,2025Q4,1,High CSAT,1
2024-04-30,Hafuf,Eastern Province,Medium,Household,5941.89,64,Visa,3.8,8.689782543565773,2024,4,Tuesday,92.84,MEDIUM,2024Q2,0,Medium CSAT,0
2024-03-31,Arar Central,Northern Borders,Small,Fresh Produce,3717.69,50,Mada,2.7,8.220857786644936,2024,3,Sunday,74.35,LOW,2024Q1,0,Low CSAT,1
2026-03-18,Jeddah South,Makkah,Large,Clothing,9581.85,81,STC Pay,3.2,9.167625962968627,2026,3,Wednesday,118.29,MEDIUM,2026Q1,0,Medium CSAT,0
2024-11-11,Madinah North,Madinah,Large,Clothing,15185.46,153,Mada,3.8,9.628093670073378,2024,11,Monday,99.25,HIGH,2024Q4,0,Medium CSAT,1
2025-01-23,Riyadh South,Riyadh,Large,Fresh Produce,10786.37,102,Mada,3.6,9.286038579035866,2025,1,Thursday,105.75,HIGH,2025Q1,0,Medium CSAT,1
2026-05-05,Madinah Central,Madinah,Small,Fresh Produce,1484.19,50,Mada,3.8,7.302624447876898,2026,5,Tuesday,29.68,LOW,2026Q2,0,Medium CSAT,1
2024-12-29,Al Bahah Central,Al Bahah,Large,Meat & Poultry,4504.59,50,Mada,3.3,8.412852155911876,2024,12,Sunday,90.09,LOW,2024Q4,0,Medium CSAT,1
2024-02-07,Jeddah South,Makkah,Large,Personal Care,11422.22,103,Visa,4.2,9.343315860114433,2024,2,Wednesday,110.9,HIGH,2024Q1,0,High CSAT,0
2024-07-31,Al Khobar,Eastern Province,Large,Baby Products,9201.130000000001,92,Mastercard,3.8,9.127081581581582,2024,7,Wednesday,100.01,MEDIUM,2024Q3,0,Medium CSAT,0
2024-04-02,Dammam Central,Eastern Province,Large,Bakery,13830.75,163,Mada,4.2,9.534649653123338,2024,4,Tuesday,84.85,HIGH,2024Q2,0,High CSAT,1
2025-05-01,Jeddah East,Makkah,Large,Personal Care,8271.22,82,Mada,3.6,9.020537298298382,2025,5,Thursday,100.87,MEDIUM,2025Q2,0,Medium CSAT,1
2024-11-26,Riyadh East,Riyadh,Large,Personal Care,12184.64,147,Cash,3.5,9.407931421100905,2024,11,Tuesday,82.89,HIGH,2024Q4,0,Medium CSAT,0
2024-07-10,Al Olaya,Riyadh,Large,Dairy,9677.25,119,Mada,4.0,9.177533049000065,2024,7,Wednesday,81.32,MEDIUM,2024Q3,0,Medium CSAT,1
2025-03-25,Riyadh North,Riyadh,Large,Beverages,15878.14,192,Mada,3.2,9.672698599477576,2025,3,Tuesday,82.7,HIGH,2025Q1,0,Medium CSAT,1
2026-01-10,Al Anbariyah,Madinah,Large,Meat & Poultry,15722.52,153,Mada,4.2,9.66284935847918,2026,1,Saturday,102.76,HIGH,2026Q1,1,High CSAT,1
2026-02-20,Madinah Central,Madinah,Small,Cleaning Supplies,2721.39,50,Mada,3.5,7.908898058170746,2026,2,Friday,54.43,LOW,2026Q1,1,Medium CSAT,1
2024-06-16,Riyadh North,Riyadh,Large,Cleaning Supplies,10562.16,156,Tabby,4.3,9.26503308179823,2024,6,Sunday,67.71,HIGH,2024Q2,0,High CSAT,0
2024-07-22,Buraidah Central,Qassim,Medium,Household,5974.43,51,Mastercard,3.8,8.695243974759542,2024,7,Monday,117.15,MEDIUM,2024Q3,0,Medium CSAT,0
2024-11-12,Al Malaz,Riyadh,Large,Fresh Produce,12055.27,125,Mada,3.7,9.397257187709954,2024,11,Tuesday,96.44,HIGH,2024Q4,0,Medium CSAT,1
2024-01-01,Arar Central,Northern Borders,Small,Bakery,1796.26,50,Mada,3.9,7.493462004531531,2024,1,Monday,35.93,LOW,2024Q1,0,Medium CSAT,1
2024-04-02,Al Wajh,Tabuk,Medium,Fresh Produce,9201.130000000001,107,Apple Pay,4.5,9.127081581581582,2024,4,Tuesday,85.99,MEDIUM,2024Q2,0,High CSAT,1
2025-05-03,Riyadh Central,Riyadh,Large,Fresh Produce,11279.75,127,Mada,3.9,9.330764361685876,2025,5,Saturday,88.82,HIGH,2025Q2,1,Medium CSAT,1
2026-05-01,Khamis Mushait,Asir,Small,Bakery,2195.74,50,Mada,4.0,7.694274398534323,2026,5,Friday,43.91,LOW,2026Q2,1,Medium CSAT,1
2026-02-20,Jubail,Eastern Province,Large,Meat & Poultry,16794.32,142,Mada,3.4,9.728796012986175,2026,2,Friday,118.27,HIGH,2026Q1,1,Medium CSAT,1
2025-06-30,Bisha,Asir,Medium,Beverages,3079.89,50,Visa,3.1,8.032649161044136,2025,6,Monday,61.6,LOW,2025Q2,0,Medium CSAT,0
2025-09-15,Madinah Central,Madinah,Small,Bakery,1441.58,50,Visa,4.1,7.2734950132839185,2025,9,Monday,28.83,LOW,2025Q3,0,High CSAT,0
2024-03-20,Bisha,Asir,Medium,Fresh Produce,8176.78,99,Mada,3.8,9.009053709067251,2024,3,Wednesday,82.59,MEDIUM,2024Q1,0,Medium CSAT,1
2024-04-05,Al Wajh,Tabuk,Medium,Clothing,12933.93,109,Mada,3.2,9.467609369899732,2024,4,Friday,118.66,HIGH,2024Q2,1,Medium CSAT,1
2024-09-24,Riyadh East,Riyadh,Large,Beverages,11145.54,113,Mastercard,4.3,9.318794696866926,2024,9,Tuesday,98.63,HIGH,2024Q3,0,High CSAT,0
2025-04-21,Al Olaya,Riyadh,Large,Meat & Poultry,15621.95,155,Mastercard,3.8,9.656432255550603,2025,4,Monday,100.79,HIGH,2025Q2,0,Medium CSAT,0
2024-11-22,Jeddah South,Makkah,Large,Household,12113.74,130,Cash,4.2,9.402095624540216,2024,11,Friday,93.18,HIGH,2024Q4,1,High CSAT,0
2025-03-08,Bisha,Asir,Medium,Dairy,11584.89,130,Visa,3.2,9.357456941784713,2025,3,Saturday,89.11,HIGH,2025Q1,1,Medium CSAT,0
2025-05-29,Hail Central,Hail,Small,Beverages,1953.72,99,Visa,3.2,7.577490526531424,2025,5,Thursday,19.73,LOW,2025Q2,0,Medium CSAT,0
2024-04-24,Abha Central,Asir,Small,Baby Products,3574.43,50,Mada,3.5,8.18156100185667,2024,4,Wednesday,71.49,LOW,2024Q2,0,Medium CSAT,1
2025-12-25,Qatif,Eastern Province,XLarge,Fresh Produce,21131.7,264,Mastercard,3.8,9.958529561704163,2025,12,Thursday,80.04,HIGH,2025Q4,0,Medium CSAT,0
2025-03-21,Arar Central,Northern Borders,Small,Dairy,2901.13,99,Mada,3.0,7.972855595251118,2025,3,Friday,29.3,LOW,2025Q1,1,Low CSAT,1
2024-09-15,Abha Central,Asir,Large,Clothing,3772.52,50,Cash,4.2,8.23549849215214,2024,9,Sunday,75.45,LOW,2024Q3,0,High CSAT,0
2024-07-02,Dammam Central,Eastern Province,Large,Meat & Poultry,9468.1,84,Mada,4.0,9.155683532470789,2024,7,Tuesday,112.72,MEDIUM,2024Q3,0,Medium CSAT,1
2025-06-28,Riyadh East,Riyadh,Large,Bakery,12292.64,136,Cash,3.8,9.416755988279608,2025,6,Saturday,90.39,HIGH,2025Q2,1,Medium CSAT,0
2025-10-10,Jeddah North,Makkah,XLarge,Cleaning Supplies,19240.07,231,Mada,3.3,9.864750362466717,2025,10,Friday,83.29,HIGH,2025Q4,1,Medium CSAT,1
2025-08-05,Buraidah Central,Qassim,Medium,Electronics,6534.69,50,Cash,3.2,8.78488018805481,2025,8,Tuesday,130.69,MEDIUM,2025Q3,0,Medium CSAT,0
2025-01-26,Al Olaya,Riyadh,Large,Frozen Foods,12581.16,133,Visa,3.7,9.43995573586028,2025,1,Sunday,94.6,HIGH,2025Q1,0,Medium CSAT,0
2026-02-03,Jeddah East,Makkah,Large,Clothing,9470.66,94,Apple Pay,4.2,9.155953877521425,2026,2,Tuesday,100.75,MEDIUM,2026Q1,0,High CSAT,1
2024-04-29,Al Wajh,Tabuk,Medium,Personal Care,6898.34,99,Visa,3.1,8.839036081931265,2024,4,Monday,69.68,MEDIUM,2024Q2,0,Medium CSAT,0
2025-01-18,Riyadh South,Riyadh,Large,Bakery,11955.05,187,Mada,3.6,9.38890906223416,2025,1,Saturday,63.93,HIGH,2025Q1,1,Medium CSAT,1
2024-10-10,Jeddah East,Makkah,Large,Electronics,15519.97,114,Mada,3.8,9.64988286074565,2024,10,Thursday,136.14,HIGH,2024Q4,0,Medium CSAT,1
2024-01-20,Al Rawdah,Makkah,Large,Clothing,20306.31,160,Mada,3.8,9.918686954168354,2024,1,Saturday,126.91,HIGH,2024Q1,1,Medium CSAT,1
2024-04-09,Jubail,Eastern Province,Large,Electronics,20244.31,144,Mada,3.7,9.915629045395937,2024,4,Tuesday,140.59,HIGH,2024Q2,0,Medium CSAT,1
2025-08-25,Arar Central,Northern Borders,Small,Personal Care,2007.66,50,Mada,4.2,7.604725143765748,2025,8,Monday,40.15,LOW,2025Q3,0,High CSAT,1
2024-12-17,Riyadh Central,Riyadh,Large,Meat & Poultry,9201.130000000001,108,Mada,3.8,9.127081581581582,2024,12,Tuesday,85.2,MEDIUM,2024Q4,0,Medium CSAT,1
2025-11-20,Jeddah South,Makkah,Large,Meat & Poultry,12935.2,125,Visa,3.5,9.467707556425605,2025,11,Thursday,103.48,HIGH,2025Q4,0,Medium CSAT,0
2025-10-08,Al Malaz,Riyadh,Large,Baby Products,11779.95,93,Mastercard,3.5,9.374154212714396,2025,10,Wednesday,126.67,HIGH,2025Q4,0,Medium CSAT,0
2025-04-07,Jubail,Eastern Province,Large,Electronics,17341.49,140,Mada,3.7,9.760857175131935,2025,4,Monday,123.87,HIGH,2025Q2,0,Medium CSAT,1
2025-08-01,Hafuf,Eastern Province,Medium,Baby Products,6795.63,52,Tabby,3.4,8.824035037519241,2025,8,Friday,130.69,MEDIUM,2025Q3,1,Medium CSAT,0
2025-01-19,Madinah North,Madinah,Large,Fresh Produce,15668.82,181,Apple Pay,3.6,9.65942802938765,2025,1,Sunday,86.57,HIGH,2025Q1,0,Medium CSAT,1
2025-02-09,Al Olaya,Riyadh,Large,Baby Products,11990.62,117,Mada,4.2,9.391879956442788,2025,2,Sunday,102.48,HIGH,2025Q1,0,High CSAT,1
2025-07-17,Bisha,Asir,Medium,Frozen Foods,4497.89,50,Visa,4.4,8.411363676906753,2025,7,Thursday,89.96,LOW,2025Q3,0,High CSAT,0
2026-02-27,Jubail,Eastern Province,Large,Fresh Produce,10321.37,132,Tabby,3.8,9.24197178216278,2026,2,Friday,78.19,HIGH,2026Q1,1,Medium CSAT,0
2025-06-29,Unaizah,Qassim,Small,Snacks & Confectionery,2375.61,50,Mada,3.3,7.773009525595718,2025,6,Sunday,47.51,LOW,2025Q2,0,Medium CSAT,1
2024-06-09,Hail Central,Hail,Small,Fresh Produce,3397.01,50,Visa,3.4,8.13065091193017,2024,6,Sunday,67.94,LOW,2024Q2,0,Medium CSAT,0
2025-11-30,Jeddah East,Makkah,Large,Meat & Poultry,22039.73,212,Tabby,3.8,10.000602012738092,2025,11,Sunday,103.96,HIGH,2025Q4,0,Medium CSAT,0
2024-07-12,Tabuk Central,Tabuk,Medium,Personal Care,6633.84,59,Visa,4.3,8.799939101037072,2024,7,Friday,112.44,MEDIUM,2024Q3,1,High CSAT,0
2024-01-24,Tabuk Central,Tabuk,Medium,Bakery,3573.41,50,Mada,3.8,8.181275600950404,2024,1,Wednesday,71.47,LOW,2024Q1,0,Medium CSAT,1
2025-01-14,Al Malaz,Riyadh,Large,Personal Care,7065.03,82,Mada,3.5,8.862912541394113,2025,1,Tuesday,86.16,MEDIUM,2025Q1,0,Medium CSAT,1
2025-04-13,Jeddah South,Makkah,Large,Cleaning Supplies,13008.25,99,STC Pay,3.8,9.4733390505451,2025,4,Sunday,131.4,HIGH,2025Q2,0,Medium CSAT,0
2024-11-26,Al Aziziyah,Makkah,Large,Electronics,12082.11,75,Visa,3.2,9.399481125110146,2024,11,Tuesday,161.09,HIGH,2024Q4,0,Medium CSAT,0
2024-09-04,Hail Central,Hail,Small,Baby Products,2994.3,50,Cash,3.8,8.00446576036065,2024,9,Wednesday,59.89,LOW,2024Q3,0,Medium CSAT,0
2024-06-12,Qatif,Eastern Province,XLarge,Frozen Foods,12611.93,118,Mastercard,3.8,9.442398470379963,2024,6,Wednesday,106.88,HIGH,2024Q2,0,Medium CSAT,0
2025-04-26,Buraidah Central,Qassim,Medium,Electronics,15468.9,115,Mada,3.4,9.646586835673782,2025,4,Saturday,134.51,HIGH,2025Q2,1,Medium CSAT,1
2024-05-03,Unaizah,Qassim,Small,Personal Care,3165.34,50,Mastercard,2.9,8.060015753769134,2024,5,Friday,63.31,LOW,2024Q2,1,Low CSAT,0
2024-10-26,Riyadh South,Riyadh,Large,Snacks & Confectionery,16224.28,215,Cash,3.8,9.694264164624629,2024,10,Saturday,75.46,HIGH,2024Q4,1,Medium CSAT,0
2026-01-03,Bisha,Asir,Medium,Personal Care,9211.39,94,Apple Pay,4.4,9.128196040771517,2026,1,Saturday,97.99,MEDIUM,2026Q1,1,High CSAT,1
2026-01-09,Hittin,Riyadh,XLarge,Meat & Poultry,20259.69,172,STC Pay,4.5,9.916388476599728,2026,1,Friday,117.79,HIGH,2026Q1,1,High CSAT,0
2024-08-03,Najran Central,Najran,Medium,Meat & Poultry,7579.78,74,Mada,3.6,8.933239454468518,2024,8,Saturday,102.43,MEDIUM,2024Q3,1,Medium CSAT,1
2024-12-16,Al Anbariyah,Madinah,Large,Beverages,8844.49,116,Mastercard,3.8,9.08754994523676,2024,12,Monday,76.25,MEDIUM,2024Q4,0,Medium CSAT,0
2025-08-31,Dammam Central,Eastern Province,Large,Fresh Produce,9596.69,107,Cash,4.2,9.169173526334948,2025,8,Sunday,89.69,MEDIUM,2025Q3,0,High CSAT,0
2024-11-10,Al Khobar,Eastern Province,Large,Fresh Produce,18330.36,214,Mada,3.4,9.816313980575423,2024,11,Sunday,85.66,HIGH,2024Q4,0,Medium CSAT,1
2025-11-20,Hail Central,Hail,Small,Frozen Foods,2236.92,50,Cash,3.5,7.712855198669154,2025,11,Thursday,44.74,LOW,2025Q4,0,Medium CSAT,0
2024-01-29,Madinah Central,Madinah,Small,Personal Care,2491.63,50,Cash,4.0,7.820692393763437,2024,1,Monday,49.83,LOW,2024Q1,0,Medium CSAT,0
2026-01-08,Abha Central,Asir,Small,Cleaning Supplies,1933.0,50,Mada,4.5,7.566828479208331,2026,1,Thursday,38.66,LOW,2026Q1,0,High CSAT,1
2025-08-24,Jeddah North,Makkah,XLarge,Dairy,23159.78,274,Mada,3.4,10.050172432505372,2025,8,Sunday,84.52,HIGH,2025Q3,0,Medium CSAT,1
2025-10-25,Al Bahah Central,Al Bahah,Small,Household,3186.6,50,STC Pay,4.6,8.066709796656408,2025,10,Saturday,63.73,LOW,2025Q4,1,High CSAT,0
2024-08-18,Qatif,Eastern Province,XLarge,Bakery,16389.63,199,Apple Pay,4.1,9.704404096742367,2024,8,Sunday,82.36,HIGH,2024Q3,0,High CSAT,1
2025-10-27,Hittin,Riyadh,XLarge,Beverages,13022.83,157,Visa,4.7,9.474459250054657,2025,10,Monday,82.95,HIGH,2025Q4,0,High CSAT,0
2024-08-21,Buraidah Central,Qassim,Medium,Meat & Poultry,6533.23,50,Visa,3.9,8.784656740098889,2024,8,Wednesday,130.66,MEDIUM,2024Q3,0,Medium CSAT,0
2025-06-03,Qatif,Eastern Province,Large,Household,12465.43,126,Mada,4.7,9.430714491953118,2025,6,Tuesday,98.93,HIGH,2025Q2,0,High CSAT,1
2025-04-02,Riyadh South,Riyadh,Large,Bakery,10032.93,120,Mastercard,3.0,9.213627961925294,2025,4,Wednesday,83.61,HIGH,2025Q2,0,Low CSAT,0
2024-08-21,Madinah North,Madinah,Large,Beverages,9575.06,91,Visa,3.6,9.166917080347751,2024,8,Wednesday,105.22,MEDIUM,2024Q3,0,Medium CSAT,0
2026-01-20,Al Aziziyah,Makkah,Large,Electronics,15302.44,136,Visa,3.7,9.635767571789586,2026,1,Tuesday,112.52,HIGH,2026Q1,0,Medium CSAT,0
2024-07-31,Riyadh South,Riyadh,Large,Personal Care,8031.46,87,Mada,3.1,8.991121608595703,2024,7,Wednesday,92.32,MEDIUM,2024Q3,0,Medium CSAT,1
2026-03-19,Jubail,Eastern Province,Large,Fresh Produce,9201.130000000001,108,Cash,3.6,9.127081581581582,2026,3,Thursday,85.2,MEDIUM,2026Q1,0,Medium CSAT,0
2024-04-12,Al Aziziyah,Makkah,Large,Bakery,12658.26,167,Mada,3.1,9.446065245494028,2024,4,Friday,75.8,HIGH,2024Q2,1,Medium CSAT,1
2026-01-07,Hittin,Riyadh,XLarge,Frozen Foods,9201.130000000001,185,Apple Pay,3.6,9.127081581581582,2026,1,Wednesday,49.74,MEDIUM,2026Q1,0,Medium CSAT,1
2024-01-01,Arar Central,Northern Borders,Small,Meat & Poultry,2104.47,50,Visa,3.4,7.651818932941521,2024,1,Monday,42.09,LOW,2024Q1,0,Medium CSAT,0
2025-10-22,Al Khobar,Eastern Province,Large,Fresh Produce,8270.25,99,Mada,4.2,9.020420017306897,2025,10,Wednesday,83.54,MEDIUM,2025Q4,0,High CSAT,1
2024-11-12,Al Jawf Central,Al Jawf,Small,Fresh Produce,2542.18,50,Mada,4.4,7.840777259627986,2024,11,Tuesday,50.84,LOW,2024Q4,0,High CSAT,1
2025-04-26,Al Jawf Central,Al Jawf,Small,Fresh Produce,3976.19,99,Mastercard,3.6,8.288079353355037,2025,4,Saturday,40.16,LOW,2025Q2,1,Medium CSAT,0
2025-03-29,Al Olaya,Riyadh,Large,Toys,21375.71,254,Mada,4.0,9.970010509627578,2025,3,Saturday,84.16,HIGH,2025Q1,1,Medium CSAT,1
2025-05-28,Dhahran,Eastern Province,XLarge,Frozen Foods,13813.48,155,Mastercard,4.2,9.533400205969505,2025,5,Wednesday,89.12,HIGH,2025Q2,0,High CSAT,0
2025-08-07,Al Rawdah,Makkah,Large,Dairy,9430.24,103,Mada,3.8,9.15167682599293,2025,8,Thursday,91.56,MEDIUM,2025Q3,0,Medium CSAT,1
2024-11-29,Jeddah South,Makkah,Large,Baby Products,9201.130000000001,199,Apple Pay,4.0,9.127081581581582,2024,11,Friday,46.24,MEDIUM,2024Q4,1,Medium CSAT,1
2024-08-22,Dammam Central,Eastern Province,Large,Fresh Produce,11304.16,151,Mada,4.0,9.332926078545862,2024,8,Thursday,74.86,HIGH,2024Q3,0,Medium CSAT,1
2026-04-29,Hafuf,Eastern Province,Medium,Fresh Produce,6388.55,72,Mada,4.1,8.762262604564107,2026,4,Wednesday,88.73,MEDIUM,2026Q2,0,High CSAT,1
2024-01-06,Tabuk Central,Tabuk,Medium,Meat & Poultry,9896.88,106,Mada,4.2,9.199974834936855,2024,1,Saturday,93.37,MEDIUM,2024Q1,1,High CSAT,1
2024-01-20,Dammam Central,Eastern Province,Large,Bakery,13468.42,191,Mada,2.8,9.508102964825907,2024,1,Saturday,70.52,HIGH,2024Q1,1,Low CSAT,1
2024-01-25,Abha Central,Asir,Small,Snacks & Confectionery,1829.43,50,Visa,3.7,7.51175972190709,2024,1,Thursday,36.59,LOW,2024Q1,0,Medium CSAT,0
2025-03-26,Al Jawf Central,Al Jawf,Small,Fresh Produce,4015.45,50,Mada,3.9,8.297904699801522,2025,3,Wednesday,80.31,LOW,2025Q1,0,Medium CSAT,1
2026-01-08,Najran Central,Najran,Medium,Baby Products,6118.53,68,Apple Pay,3.0,8.719077150576242,2026,1,Thursday,89.98,MEDIUM,2026Q1,0,Low CSAT,1
2024-09-12,Al Bahah Central,Al Bahah,Large,Fresh Produce,2175.82,50,Cash,4.2,7.685160883966062,2024,9,Thursday,43.52,LOW,2024Q3,0,High CSAT,0
2024-10-09,Qatif,Eastern Province,XLarge,Beverages,16801.46,180,Mada,4.1,9.729221066377255,2024,10,Wednesday,93.34,HIGH,2024Q4,0,High CSAT,1
2026-04-24,Tabuk Central,Tabuk,Medium,Fresh Produce,6211.06,63,Mada,3.7,8.73408685279279,2026,4,Friday,98.59,MEDIUM,2026Q2,1,Medium CSAT,1
2025-03-24,Al Malaz,Riyadh,Large,Fresh Produce,12691.95,147,Mada,3.5,9.448723213205884,2025,3,Monday,86.34,HIGH,2025Q1,0,Medium CSAT,1
2024-05-23,Riyadh North,Riyadh,Large,Electronics,16078.59,137,Mastercard,3.7,9.6852438523211,2024,5,Thursday,117.36,HIGH,2024Q2,0,Medium CSAT,0
2026-05-23,Jubail,Eastern Province,Large,Frozen Foods,12491.22,155,Mada,3.7,9.432781276491939,2026,5,Saturday,80.59,HIGH,2026Q2,1,Medium CSAT,1
2024-12-07,Abha Central,Asir,Small,Baby Products,3735.99,50,Visa,3.9,8.225768122685622,2024,12,Saturday,74.72,LOW,2024Q4,1,Medium CSAT,0
2024-05-23,Riyadh North,Riyadh,Large,Meat & Poultry,9445.82,82,Mada,4.3,9.153327594589555,2024,5,Thursday,115.19,MEDIUM,2024Q2,0,High CSAT,1
2025-01-17,Al Jawf Central,Al Jawf,Small,Beverages,1879.32,50,Visa,3.7,7.538665288266343,2025,1,Friday,37.59,LOW,2025Q1,1,Medium CSAT,0
2026-03-20,Jubail,Eastern Province,Large,Dairy,11792.31,137,Cash,4.0,9.375202903093065,2026,3,Friday,86.08,HIGH,2026Q1,1,Medium CSAT,0
2025-06-28,Hittin,Riyadh,XLarge,Household,20339.66,231,Visa,4.1,9.920327953631965,2025,6,Saturday,88.05,HIGH,2025Q2,1,High CSAT,0
2025-09-16,Arar Central,Northern Borders,Small,Fresh Produce,2339.24,50,Mastercard,3.8,7.75758136927246,2025,9,Tuesday,46.78,LOW,2025Q3,0,Medium CSAT,0
2025-10-28,Jeddah North,Makkah,XLarge,Fresh Produce,15496.64,177,Mada,3.6,9.648378505214868,2025,10,Tuesday,87.55,HIGH,2025Q4,0,Medium CSAT,1
2024-01-22,Al Wajh,Tabuk,Medium,Dairy,3762.85,50,Mada,4.2,8.23293192798655,2024,1,Monday,75.26,LOW,2024Q1,0,High CSAT,1
2026-02-27,Al Aziziyah,Makkah,Large,Cleaning Supplies,11319.52,167,Mastercard,3.6,9.334283948031294,2026,2,Friday,67.78,HIGH,2026Q1,1,Medium CSAT,0
2024-07-30,Jeddah North,Makkah,XLarge,Fresh Produce,13402.09,150,STC Pay,3.9,9.503165943926177,2024,7,Tuesday,89.35,HIGH,2024Q3,0,Medium CSAT,0
2026-03-09,Riyadh East,Riyadh,Large,Meat & Poultry,9392.4,70,STC Pay,4.3,9.147656130598794,2026,3,Monday,134.18,MEDIUM,2026Q1,0,High CSAT,0
2024-11-06,Al Aziziyah,Makkah,Large,Baby Products,10184.78,86,STC Pay,3.5,9.22864972803488,2024,11,Wednesday,118.43,HIGH,2024Q4,0,Medium CSAT,0
2024-01-28,Hafuf,Eastern Province,Medium,Cleaning Supplies,4587.84,57,Apple Pay,3.5,8.431164604057903,2024,1,Sunday,80.49,LOW,2024Q1,0,Medium CSAT,1
2025-01-24,Al Rawdah,Makkah,Large,Beverages,8418.72,87,Apple Pay,4.1,9.038213076677938,2025,1,Friday,96.77,MEDIUM,2025Q1,1,High CSAT,1
2026-01-28,Al Bahah Central,Al Bahah,Small,Frozen Foods,2172.26,50,Mada,3.8,7.683523379230413,2026,1,Wednesday,43.45,LOW,2026Q1,0,Medium CSAT,1
2026-03-29,Al Malaz,Riyadh,Large,Beverages,13390.48,158,STC Pay,4.2,9.502299285690205,2026,3,Sunday,84.75,HIGH,2026Q1,0,High CSAT,0
2025-02-13,Tabuk Central,Tabuk,Medium,Fresh Produce,5904.51,61,Mada,3.8,8.683471744663409,2025,2,Thursday,96.8,MEDIUM,2025Q1,0,Medium CSAT,1
2025-03-20,Riyadh West,Riyadh,Large,Clothing,24650.21,191,Mastercard,3.4,10.112540698704324,2025,3,Thursday,129.06,HIGH,2025Q1,0,Medium CSAT,0
2024-01-17,Najran Central,Najran,Medium,Dairy,5225.3,69,Mada,3.2,8.561267491452703,2024,1,Wednesday,75.73,MEDIUM,2024Q1,0,Medium CSAT,1
2026-05-17,Jeddah North,Makkah,XLarge,Household,21065.04,179,Mada,3.8,9.95537007329572,2026,5,Sunday,117.68,HIGH,2026Q2,0,Medium CSAT,1
2025-09-02,Riyadh South,Riyadh,Large,Snacks & Confectionery,10029.23,130,Mada,3.2,9.21325910831811,2025,9,Tuesday,77.15,HIGH,2025Q3,0,Medium CSAT,1
2026-04-23,Tabuk Central,Tabuk,Large,Fresh Produce,5150.2,67,Tabby,3.8,8.546790827855181,2026,4,Thursday,76.87,MEDIUM,2026Q2,0,Medium CSAT,0
2025-01-08,Jeddah East,Makkah,Large,Fresh Produce,11073.68,106,Mada,3.1,9.312326400451042,2025,1,Wednesday,104.47,HIGH,2025Q1,0,Medium CSAT,1
2025-02-17,Dhahran,Eastern Province,XLarge,Cleaning Supplies,13054.86,151,Mada,4.1,9.476915757215139,2025,2,Monday,86.46,HIGH,2025Q1,0,High CSAT,1
2024-02-05,Najran Central,Najran,Medium,Fresh Produce,4768.1,51,Visa,3.4,8.469703181679614,2024,2,Monday,93.49,LOW,2024Q1,0,Medium CSAT,0
2024-06-22,Buraidah Central,Qassim,Medium,Electronics,7932.2,70,Cash,4.0,8.978685703643546,2024,6,Saturday,113.32,MEDIUM,2024Q2,1,Medium CSAT,0
2025-04-20,Najran Central,Najran,Medium,Snacks & Confectionery,9526.49,117,Cash,3.8,9.16183161820713,2025,4,Sunday,81.42,MEDIUM,2025Q2,0,Medium CSAT,0
2024-11-14,Riyadh Central,Riyadh,Large,Cleaning Supplies,9622.99,111,Mada,2.8,9.171910306178889,2024,11,Thursday,86.69,MEDIUM,2024Q4,0,Low CSAT,1
2025-05-04,Al Olaya,Riyadh,Large,Snacks & Confectionery,11599.45,145,Cash,3.6,9.358712962177282,2025,5,Sunday,80.0,HIGH,2025Q2,0,Medium CSAT,0
2024-05-12,Al Jawf Central,Al Jawf,Small,Fresh Produce,3400.04,50,Mastercard,3.5,8.13154247524093,2024,5,Sunday,68.0,LOW,2024Q2,0,Medium CSAT,0
2024-09-12,Al Olaya,Riyadh,Large,Fresh Produce,8722.37,103,Mada,3.8,9.073646268965915,2024,9,Thursday,84.68,MEDIUM,2024Q3,0,Medium CSAT,1
2025-11-15,Arar Central,Northern Borders,Small,Household,4256.73,50,Mada,3.9,8.356256538869559,2025,11,Saturday,85.13,LOW,2025Q4,1,Medium CSAT,1
2025-11-08,Abha Central,Asir,Small,Frozen Foods,2891.94,50,Mastercard,3.4,7.969682836175469,2025,11,Saturday,57.84,LOW,2025Q4,1,Medium CSAT,0
2025-10-09,Khamis Mushait,Asir,Small,Fresh Produce,1858.73,50,Cash,4.3,7.5276487377971755,2025,10,Thursday,37.17,LOW,2025Q4,0,High CSAT,0
2025-02-10,Jeddah South,Makkah,Large,Personal Care,7863.13,82,Mada,4.0,8.969940024984695,2025,2,Monday,95.89,MEDIUM,2025Q1,0,Medium CSAT,1
2025-04-07,Bisha,Asir,Medium,Beverages,6741.71,71,Mada,3.8,8.81606888092643,2025,4,Monday,94.95,MEDIUM,2025Q2,0,Medium CSAT,1
2024-12-11,Al Jawf Central,Al Jawf,Small,Cleaning Supplies,2013.92,50,Apple Pay,3.0,7.607838350543195,2024,12,Wednesday,40.28,LOW,2024Q4,0,Low CSAT,1
2026-03-01,Al Bahah Central,Al Bahah,Small,Clothing,4233.88,50,Mada,3.5,8.350874109299781,2026,3,Sunday,84.68,LOW,2026Q1,0,Medium CSAT,1
2025-03-12,Abha Central,Asir,Small,Baby Products,4232.88,50,Mada,3.6,8.35063789143022,2025,3,Wednesday,84.66,LOW,2025Q1,0,Medium CSAT,1
2026-04-29,Arar Central,Northern Borders,Small,Household,2336.04,50,STC Pay,3.4,7.756212467089187,2026,4,Wednesday,46.72,LOW,2026Q2,0,Medium CSAT,0
2025-05-31,Al Malaz,Riyadh,Large,Snacks & Confectionery,10434.22,146,Visa,4.2,9.252846068274756,2025,5,Saturday,71.47,HIGH,2025Q2,1,High CSAT,0
2026-05-10,Jeddah North,Makkah,XLarge,Frozen Foods,23498.2,234,Mastercard,3.3,10.064679101453965,2026,5,Sunday,100.42,HIGH,2026Q2,0,Medium CSAT,0
2025-06-21,Buraidah Central,Qassim,Medium,Household,5655.93,57,Mastercard,3.7,8.640459831262199,2025,6,Saturday,99.23,MEDIUM,2025Q2,1,Medium CSAT,0
2024-06-19,Buraidah Central,Qassim,Medium,Fresh Produce,9201.130000000001,50,Visa,3.2,9.127081581581582,2024,6,Wednesday,184.02,MEDIUM,2024Q2,0,Medium CSAT,0
2025-07-07,Jeddah North,Makkah,XLarge,Personal Care,18843.0,226,Mada,3.5,9.843896771122491,2025,7,Monday,83.38,HIGH,2025Q3,0,Medium CSAT,1
2024-10-30,Bisha,Asir,Medium,Household,5468.01,52,Mada,3.5,8.606670026664407,2024,10,Wednesday,105.15,MEDIUM,2024Q4,0,Medium CSAT,1
2024-01-01,Dhahran,Eastern Province,XLarge,Toys,12138.66,136,Mada,4.6,9.404150679608604,2024,1,Monday,89.25,HIGH,2024Q1,0,High CSAT,1
2024-03-01,Riyadh West,Riyadh,Large,Fresh Produce,14775.1,162,Mada,4.9,9.600698610440904,2024,3,Friday,91.2,HIGH,2024Q1,1,High CSAT,1
2025-02-04,Madinah North,Madinah,Large,Clothing,12564.95,104,Mada,3.6,9.438666470662175,2025,2,Tuesday,120.82,HIGH,2025Q1,0,Medium CSAT,1
2024-03-13,Hafuf,Eastern Province,Medium,Baby Products,7548.91,61,Mada,3.7,8.929158460959668,2024,3,Wednesday,123.75,MEDIUM,2024Q1,0,Medium CSAT,1
2024-07-29,Jeddah North,Makkah,XLarge,Clothing,17875.56,171,Cash,3.5,9.791189695742805,2024,7,Monday,104.54,HIGH,2024Q3,0,Medium CSAT,0
2025-06-17,Hittin,Riyadh,XLarge,Fresh Produce,13131.75,153,Mada,3.8,9.482788240974536,2025,6,Tuesday,85.83,HIGH,2025Q2,0,Medium CSAT,1
2025-07-08,Hittin,Riyadh,XLarge,Beverages,15946.06,155,Tabby,3.7,9.67696705575447,2025,7,Tuesday,102.88,HIGH,2025Q3,0,Medium CSAT,0
2025-12-27,Jeddah South,Makkah,Large,Snacks & Confectionery,16787.35,225,Mada,3.5,9.728380905571916,2025,12,Saturday,74.61,HIGH,2025Q4,1,Medium CSAT,1
2025-03-07,Al Wajh,Tabuk,Medium,Fresh Produce,7385.64,90,Apple Pay,3.4,8.907292853363545,2025,3,Friday,82.06,MEDIUM,2025Q1,1,Medium CSAT,1
2024-09-14,Dammam Central,Eastern Province,Large,Dairy,13887.04,185,Mada,3.8,9.538711310086965,2024,9,Saturday,75.07,HIGH,2024Q3,1,Medium CSAT,1
2024-09-05,Al Bahah Central,Al Bahah,Small,Bakery,2037.14,50,Mada,3.7,7.619302142387446,2024,9,Thursday,40.74,LOW,2024Q3,0,Medium CSAT,1
2025-07-28,Al Bahah Central,Al Bahah,Small,Household,2259.78,50,STC Pay,3.5,7.723022742395243,2025,7,Monday,45.2,LOW,2025Q3,0,Medium CSAT,0
2025-08-27,Al Olaya,Riyadh,Large,Clothing,13891.83,101,Cash,3.7,9.539056176530234,2025,8,Wednesday,137.54,HIGH,2025Q3,0,Medium CSAT,0
2025-01-04,Madinah North,Madinah,Large,Toys,15196.12,166,Apple Pay,3.8,9.628795411091287,2025,1,Saturday,91.54,HIGH,2025Q1,1,Medium CSAT,1
2026-05-22,Hail Central,Hail,Small,Snacks & Confectionery,2397.08,50,Mada,3.5,7.782006608929598,2026,5,Friday,47.94,LOW,2026Q2,1,Medium CSAT,1
2025-11-16,Al Wajh,Tabuk,Medium,Bakery,7730.94,89,Visa,3.6,8.952985738328,2025,11,Sunday,86.86,MEDIUM,2025Q4,0,Medium CSAT,0
2026-04-01,Tabuk Central,Tabuk,Medium,Beverages,4216.96,57,Mada,3.8,8.3468697682854,2026,4,Wednesday,73.98,LOW,2026Q2,0,Medium CSAT,1
2024-12-26,Hafuf,Eastern Province,Medium,Bakery,6319.69,82,Cash,2.6,8.75142543530497,2024,12,Thursday,77.07,MEDIUM,2024Q4,0,Low CSAT,0
2026-02-26,Al Anbariyah,Madinah,Large,Bakery,8876.52,131,Visa,4.1,9.091164867284629,2026,2,Thursday,67.76,MEDIUM,2026Q1,0,High CSAT,0
2026-01-28,Jubail,Eastern Province,Large,Meat & Poultry,10651.3,109,Apple Pay,4.0,9.273437229415856,2026,1,Wednesday,97.72,HIGH,2026Q1,0,Medium CSAT,1
2026-01-27,Unaizah,Qassim,Small,Baby Products,2792.19,50,Mada,3.3,7.934581513142791,2026,1,Tuesday,55.84,LOW,2026Q1,0,Medium CSAT,1
2025-10-16,Al Malaz,Riyadh,Large,Personal Care,10760.84,119,Apple Pay,4.0,9.28366889758321,2025,10,Thursday,90.43,HIGH,2025Q4,0,Medium CSAT,1
2024-12-25,Al Bahah Central,Al Bahah,Small,Beverages,2194.33,50,Mada,4.4,7.693632039734357,2024,12,Wednesday,43.89,LOW,2024Q4,0,High CSAT,1
2024-11-26,Jeddah South,Makkah,Large,Fresh Produce,7712.04,79,Visa,3.6,8.950538022998922,2024,11,Tuesday,97.62,MEDIUM,2024Q4,0,Medium CSAT,0
2024-07-01,Unaizah,Qassim,Small,Fresh Produce,1919.42,50,Cash,3.3,7.559778336052133,2024,7,Monday,38.39,LOW,2024Q3,0,Medium CSAT,0
2026-05-22,Bisha,Asir,Medium,Toys,5572.48,59,Mada,4.0,8.625595476200196,2026,5,Friday,94.45,MEDIUM,2026Q2,1,Medium CSAT,1
2025-09-20,Al Khobar,Eastern Province,Large,Fresh Produce,9201.130000000001,200,Mada,3.7,9.127081581581582,2025,9,Saturday,46.01,MEDIUM,2025Q3,1,Medium CSAT,1
2024-09-08,Riyadh East,Riyadh,Large,Clothing,17632.74,139,Mada,4.4,9.777512680218967,2024,9,Sunday,126.85,HIGH,2024Q3,0,High CSAT,1
2024-08-19,Madinah North,Madinah,Large,Snacks & Confectionery,7664.79,80,Mada,2.8,8.944392393670329,2024,8,Monday,95.81,MEDIUM,2024Q3,0,Low CSAT,1
2026-05-28,Riyadh North,Riyadh,Large,Snacks & Confectionery,9201.130000000001,110,Visa,3.4,9.127081581581582,2026,5,Thursday,83.65,MEDIUM,2026Q2,0,Medium CSAT,0
2025-08-17,Buraidah Central,Qassim,Medium,Personal Care,6564.26,80,Mada,3.6,8.789395061419432,2025,8,Sunday,82.05,MEDIUM,2025Q3,0,Medium CSAT,1
2025-12-24,Al Anbariyah,Madinah,Large,Meat & Poultry,15782.78,160,Mada,3.2,9.666674751253424,2025,12,Wednesday,98.64,HIGH,2025Q4,0,Medium CSAT,1
2024-11-23,Madinah North,Madinah,Large,Electronics,23585.63,195,Mada,4.5,10.068392907254758,2024,11,Saturday,120.95,HIGH,2024Q4,1,High CSAT,1
2026-03-25,Madinah North,Madinah,Large,Fresh Produce,10379.45,137,Mada,3.3,9.247583168803521,2026,3,Wednesday,75.76,HIGH,2026Q1,0,Medium CSAT,1
2024-04-17,Jubail,Eastern Province,Large,Personal Care,9201.130000000001,163,Mastercard,3.8,9.127081581581582,2024,4,Wednesday,56.45,MEDIUM,2024Q2,0,Medium CSAT,0
2025-04-21,Madinah Central,Madinah,Small,Snacks & Confectionery,2002.95,50,Mada,3.5,7.602376372798083,2025,4,Monday,40.06,LOW,2025Q2,0,Medium CSAT,1
2024-01-23,Jeddah South,Makkah,Large,Household,10318.81,84,Mada,3.7,9.241723722309317,2024,1,Tuesday,122.84,HIGH,2024Q1,0,Medium CSAT,1
2025-03-17,Al Bahah Central,Al Bahah,Small,Baby Products,4121.14,50,Mada,3.4,8.323885103098583,2025,3,Monday,82.42,LOW,2025Q1,0,Medium CSAT,1
2024-11-13,Hail Central,Hail,Small,Clothing,3176.01,50,Visa,4.3,8.063380970976679,2024,11,Wednesday,63.52,LOW,2024Q4,0,High CSAT,0
2026-02-23,Jeddah North,Makkah,XLarge,Toys,15215.05,148,Cash,3.3,9.630040348556365,2026,2,Monday,102.8,HIGH,2026Q1,0,Medium CSAT,0
2025-12-30,Riyadh South,Riyadh,Large,Personal Care,13066.54,152,Cash,4.2,9.477810043185908,2025,12,Tuesday,85.96,HIGH,2025Q4,0,High CSAT,0
2026-01-20,Jeddah South,Makkah,Large,Baby Products,8776.95,92,Tamara,4.0,9.079884245868588,2026,1,Tuesday,95.4,MEDIUM,2026Q1,0,Medium CSAT,0
2024-01-31,Jeddah East,Makkah,Large,Beverages,9387.45,93,Cash,4.3,9.147128969826515,2024,1,Wednesday,100.94,MEDIUM,2024Q1,0,High CSAT,0
2026-04-04,Khamis Mushait,Asir,Small,Toys,3997.98,50,Mada,3.4,8.293544512546582,2026,4,Saturday,79.96,LOW,2026Q2,1,Medium CSAT,1
2024-11-14,Al Olaya,Riyadh,Large,Toys,9201.130000000001,132,Mada,4.0,9.127081581581582,2024,11,Thursday,69.71,MEDIUM,2024Q4,0,Medium CSAT,1
2024-12-25,Madinah Central,Madinah,Small,Fresh Produce,4101.12,50,Apple Pay,4.0,8.319015386119776,2024,12,Wednesday,82.02,LOW,2024Q4,0,Medium CSAT,1
2024-09-20,Buraidah Central,Qassim,Medium,Personal Care,4989.8,62,Cash,3.6,8.515151107782012,2024,9,Friday,80.48,LOW,2024Q3,1,Medium CSAT,0
2024-01-13,Buraidah Central,Qassim,Large,Meat & Poultry,6370.07,50,STC Pay,4.0,8.75936573751682,2024,1,Saturday,127.4,MEDIUM,2024Q1,1,Medium CSAT,0
2026-05-29,Abha Central,Asir,Small,Fresh Produce,2066.57,50,Mada,2.5,7.633645507077579,2026,5,Friday,41.33,LOW,2026Q2,1,Low CSAT,1
2025-11-30,Al Olaya,Riyadh,Large,Personal Care,19079.01,206,STC Pay,3.6,9.856344056863659,2025,11,Sunday,92.62,HIGH,2025Q4,0,Medium CSAT,0
2025-06-03,Jeddah East,Makkah,Large,Snacks & Confectionery,6302.89,62,Cash,2.8,8.748763537353842,2025,6,Tuesday,101.66,MEDIUM,2025Q2,0,Low CSAT,0
2026-04-06,Hittin,Riyadh,XLarge,Baby Products,9201.130000000001,217,Mastercard,3.8,9.127081581581582,2026,4,Monday,42.4,MEDIUM,2026Q2,0,Medium CSAT,0
2024-06-20,Buraidah Central,Qassim,Medium,Beverages,5429.38,66,Tamara,4.6,8.599580225930072,2024,6,Thursday,82.26,MEDIUM,2024Q2,0,High CSAT,0
2026-03-13,Khamis Mushait,Asir,Small,Fresh Produce,2887.46,50,Mada,3.1,7.968132501920245,2026,3,Friday,57.75,LOW,2026Q1,1,Medium CSAT,1
2024-05-24,Abha Central,Asir,Small,Snacks & Confectionery,2106.32,50,Mada,3.0,7.652697627969785,2024,5,Friday,42.13,LOW,2024Q2,1,Low CSAT,1
2026-04-10,Najran Central,Najran,Medium,Clothing,11559.52,110,Mada,4.5,9.355264618872937,2026,4,Friday,105.09,HIGH,2026Q2,1,High CSAT,1
2024-04-03,Buraidah Central,Qassim,Large,Dairy,8380.72,99,Visa,3.4,9.03368910863973,2024,4,Wednesday,84.65,MEDIUM,2024Q2,0,Medium CSAT,0
2025-10-20,Unaizah,Qassim,Small,Dairy,1638.42,50,Mada,3.5,7.401487641801934,2025,10,Monday,32.77,LOW,2025Q4,0,Medium CSAT,1
2025-02-17,Al Wajh,Tabuk,Medium,Fresh Produce,4086.91,50,Cash,3.3,8.315544462279481,2025,2,Monday,81.74,LOW,2025Q1,0,Medium CSAT,0
2026-05-01,Buraidah Central,Qassim,Medium,Baby Products,5319.66,50,Visa,4.2,8.579164670518937,2026,5,Friday,106.39,MEDIUM,2026Q2,1,High CSAT,0
2026-01-26,Jubail,Eastern Province,Large,Electronics,9508.34,86,Mada,3.5,9.159924587201273,2026,1,Monday,110.56,MEDIUM,2026Q1,0,Medium CSAT,1
2025-07-04,Hafuf,Eastern Province,Medium,Snacks & Confectionery,4054.14,56,Mastercard,3.6,8.307493860209451,2025,7,Friday,72.4,LOW,2025Q3,1,Medium CSAT,0
2025-11-28,Abha Central,Asir,Small,Cleaning Supplies,2985.23,50,STC Pay,3.6,8.001432074784653,2025,11,Friday,59.7,LOW,2025Q4,1,Medium CSAT,0
2025-12-30,Madinah Central,Madinah,Small,Toys,2374.45,50,Visa,3.5,7.7725211107028285,2025,12,Tuesday,47.49,LOW,2025Q4,0,Medium CSAT,0
2024-07-29,Khamis Mushait,Asir,Small,Fresh Produce,2336.95,50,STC Pay,3.5,7.756601939359191,2024,7,Monday,46.74,LOW,2024Q3,0,Medium CSAT,0
2024-06-30,Qatif,Eastern Province,XLarge,Snacks & Confectionery,23853.95,275,Mada,3.8,10.079705101051903,2024,6,Sunday,86.74,HIGH,2024Q2,0,Medium CSAT,1
2025-09-28,Madinah North,Madinah,Large,Cleaning Supplies,12713.76,157,Visa,3.9,9.450440150489491,2025,9,Sunday,80.98,HIGH,2025Q3,0,Medium CSAT,0
2024-10-11,Khamis Mushait,Asir,Small,Fresh Produce,3516.57,50,Mada,3.6,8.165241361706638,2024,10,Friday,70.33,LOW,2024Q4,1,Medium CSAT,1
2025-10-03,Riyadh Central,Riyadh,Large,Electronics,20710.8,176,Cash,3.7,9.938410582325357,2025,10,Friday,117.68,HIGH,2025Q4,1,Medium CSAT,0
2024-04-28,Hittin,Riyadh,XLarge,Snacks & Confectionery,20600.24,207,Visa,3.9,9.933058005195242,2024,4,Sunday,99.52,HIGH,2024Q2,0,Medium CSAT,0
2026-01-27,Jeddah South,Makkah,Large,Toys,8256.4,101,Mada,3.5,9.018743936160103,2026,1,Tuesday,81.75,MEDIUM,2026Q1,0,Medium CSAT,1
2024-04-21,Al Anbariyah,Madinah,Large,Meat & Poultry,22494.47,236,Mada,3.7,10.021024780206426,2024,4,Sunday,95.32,HIGH,2024Q2,0,Medium CSAT,1
2025-07-22,Al Malaz,Riyadh,Large,Bakery,8610.96,115,Cash,3.6,9.060791089464148,2025,7,Tuesday,74.88,MEDIUM,2025Q3,0,Medium CSAT,0
2026-05-03,Riyadh East,Riyadh,Large,Fresh Produce,12012.83,143,Cash,3.8,9.393730524285191,2026,5,Sunday,84.01,HIGH,2026Q2,0,Medium CSAT,0
2025-09-22,Al Wajh,Tabuk,Medium,Frozen Foods,4281.53,50,Apple Pay,3.6,8.362065701331806,2025,9,Monday,85.63,LOW,2025Q3,0,Medium CSAT,1
2026-02-25,Al Aziziyah,Makkah,Large,Dairy,6544.97,84,STC Pay,3.4,8.786452094681852,2026,2,Wednesday,77.92,MEDIUM,2026Q1,0,Medium CSAT,0
2026-05-30,Qatif,Eastern Province,XLarge,Cleaning Supplies,25463.47,306,Mada,3.8,10.145000155047551,2026,5,Saturday,83.21,HIGH,2026Q2,1,Medium CSAT,1
2024-10-25,Jeddah North,Makkah,XLarge,Bakery,9201.130000000001,260,Mada,3.7,9.127081581581582,2024,10,Friday,35.39,MEDIUM,2024Q4,1,Medium CSAT,1
2024-01-26,Hail Central,Hail,Small,Electronics,4655.52,50,Visa,3.4,8.445808891313343,2024,1,Friday,93.11,LOW,2024Q1,1,Medium CSAT,0
2024-02-28,Jubail,Eastern Province,Large,Electronics,9966.22,77,Cash,3.7,9.206956653652886,2024,2,Wednesday,129.43,MEDIUM,2024Q1,0,Medium CSAT,0
2026-01-11,Jeddah South,Makkah,Large,Meat & Poultry,19248.21,150,Cash,3.8,9.865173348379383,2026,1,Sunday,128.32,HIGH,2026Q1,0,Medium CSAT,0
2026-04-13,Riyadh South,Riyadh,Large,Household,11461.37,130,Apple Pay,4.2,9.346737529371467,2026,4,Monday,88.16,HIGH,2026Q2,0,High CSAT,1
2025-07-31,Riyadh East,Riyadh,Large,Electronics,13919.38,120,Mada,3.4,9.54103739266658,2025,7,Thursday,115.99,HIGH,2025Q3,0,Medium CSAT,1
2025-04-05,Khamis Mushait,Asir,Small,Bakery,4052.05,53,Mada,3.4,8.306978204877831,2025,4,Saturday,76.45,LOW,2025Q2,1,Medium CSAT,1
2025-05-05,Arar Central,Northern Borders,Small,Fresh Produce,2433.52,50,Mada,4.0,7.7970940478549,2025,5,Monday,48.67,LOW,2025Q2,0,Medium CSAT,1
2025-02-01,Jeddah East,Makkah,Large,Cleaning Supplies,14368.22,174,Cash,4.2,9.572774102228765,2025,2,Saturday,82.58,HIGH,2025Q1,1,High CSAT,0
2024-05-27,Dhahran,Eastern Province,XLarge,Meat & Poultry,13739.54,143,Apple Pay,4.2,9.52803308632217,2024,5,Monday,96.08,HIGH,2024Q2,0,High CSAT,1
2024-08-01,Hafuf,Eastern Province,Medium,Beverages,5836.45,66,Mastercard,3.8,8.671878014277988,2024,8,Thursday,88.43,MEDIUM,2024Q3,0,Medium CSAT,0
2025-02-01,Hail Central,Hail,Small,Meat & Poultry,9201.130000000001,50,Cash,3.3,9.127081581581582,2025,2,Saturday,184.02,MEDIUM,2025Q1,1,Medium CSAT,0
2025-08-05,Al Aziziyah,Makkah,Large,Cleaning Supplies,6519.95,88,Visa,3.7,8.782621986179638,2025,8,Tuesday,74.09,MEDIUM,2025Q3,0,Medium CSAT,0
2025-07-15,Arar Central,Northern Borders,Small,Snacks & Confectionery,2167.48,50,Mada,3.2,7.681320481391826,2025,7,Tuesday,43.35,LOW,2025Q3,0,Medium CSAT,1
2025-10-29,Unaizah,Qassim,Small,Cleaning Supplies,1963.19,50,Mada,3.9,7.582325980219142,2025,10,Wednesday,39.26,LOW,2025Q4,0,Medium CSAT,1
2024-02-22,Tabuk Central,Tabuk,Medium,Meat & Poultry,4851.15,50,Mastercard,4.2,8.486971069226652,2024,2,Thursday,97.02,LOW,2024Q1,0,High CSAT,0
2024-01-25,Hail Central,Hail,Small,Meat & Poultry,2995.94,50,Mada,3.4,8.005013317734303,2024,1,Thursday,59.92,LOW,2024Q1,0,Medium CSAT,1
2025-10-18,Jeddah North,Makkah,XLarge,Frozen Foods,24225.31,242,Mada,3.2,10.095153233374717,2025,10,Saturday,100.1,HIGH,2025Q4,1,Medium CSAT,1
2026-02-19,Makkah City,Makkah,Large,Dairy,10072.27,147,Visa,4.0,9.217541382354556,2026,2,Thursday,68.52,HIGH,2026Q1,0,Medium CSAT,0
2025-11-23,Riyadh East,Riyadh,Large,Electronics,16753.94,104,STC Pay,4.0,9.72638873347301,2025,11,Sunday,161.1,HIGH,2025Q4,0,Medium CSAT,0
2024-11-16,Al Malaz,Riyadh,Large,Meat & Poultry,9201.130000000001,240,Tabby,3.8,9.127081581581582,2024,11,Saturday,38.34,MEDIUM,2024Q4,1,Medium CSAT,0
2026-05-10,Dhahran,Eastern Province,XLarge,Personal Care,17741.18,172,STC Pay,3.7,9.783643769998694,2026,5,Sunday,103.15,HIGH,2026Q2,0,Medium CSAT,0
2024-10-23,Jeddah East,Makkah,Large,Snacks & Confectionery,8288.17,87,STC Pay,3.9,9.022584475871916,2024,10,Wednesday,95.27,MEDIUM,2024Q4,0,Medium CSAT,0
2025-03-01,Jeddah South,Makkah,Large,Cleaning Supplies,15246.35,188,Visa,3.4,9.632095409125853,2025,3,Saturday,81.1,HIGH,2025Q1,1,Medium CSAT,0
2025-12-07,Dammam Central,Eastern Province,Large,Bakery,15299.99,172,STC Pay,3.4,9.635607453785543,2025,12,Sunday,88.95,HIGH,2025Q4,0,Medium CSAT,0
2024-04-09,Hail Central,Hail,Small,Fresh Produce,4283.52,50,Mada,3.6,8.362530380472222,2024,4,Tuesday,85.67,LOW,2024Q2,0,Medium CSAT,1
2025-03-27,Abha Central,Asir,Large,Fresh Produce,3720.16,50,Tabby,3.7,8.221521957094945,2025,3,Thursday,74.4,LOW,2025Q1,0,Medium CSAT,0
2024-12-13,Hafuf,Eastern Province,Medium,Cleaning Supplies,8004.61,84,Cash,3.7,8.987772904693697,2024,12,Friday,95.29,MEDIUM,2024Q4,1,Medium CSAT,0
2024-04-23,Jeddah North,Makkah,XLarge,Snacks & Confectionery,22446.26,292,Tabby,4.4,10.018879286864724,2024,4,Tuesday,76.87,HIGH,2024Q2,0,High CSAT,0
2024-10-26,Jubail,Eastern Province,Large,Baby Products,19817.52,157,Visa,3.8,9.894321673919833,2024,10,Saturday,126.23,HIGH,2024Q4,1,Medium CSAT,0
2024-06-22,Tabuk Central,Tabuk,Medium,Bakery,5198.88,69,Tamara,3.7,8.556198496755536,2024,6,Saturday,75.35,MEDIUM,2024Q2,1,Medium CSAT,0
2025-05-16,Riyadh North,Riyadh,Large,Fresh Produce,10613.34,124,Mastercard,3.7,9.269866979430716,2025,5,Friday,85.59,HIGH,2025Q2,1,Medium CSAT,0
2024-02-11,Qatif,Eastern Province,XLarge,Baby Products,21263.92,215,Mastercard,5.0,9.96476701871871,2024,2,Sunday,98.9,HIGH,2024Q1,0,High CSAT,0
2025-07-18,Qatif,Eastern Province,XLarge,Cleaning Supplies,12663.4,190,Cash,3.7,9.446471222043005,2025,7,Friday,66.65,HIGH,2025Q3,1,Medium CSAT,0
2025-04-26,Al Aziziyah,Makkah,Large,Electronics,23562.86,193,Mastercard,3.6,10.067427022588241,2025,4,Saturday,122.09,HIGH,2025Q2,1,Medium CSAT,0
2025-01-10,Qatif,Eastern Province,XLarge,Snacks & Confectionery,21352.23,289,Mada,3.5,9.968911462850997,2025,1,Friday,73.88,HIGH,2025Q1,1,Medium CSAT,1
2025-07-19,Al Anbariyah,Madinah,Large,Fresh Produce,9923.88,103,Mada,4.6,9.202699252840157,2025,7,Saturday,96.35,MEDIUM,2025Q3,1,High CSAT,1
2026-04-04,Al Malaz,Riyadh,Large,Dairy,16880.31,211,Cash,4.1,9.733903132910225,2026,4,Saturday,80.0,HIGH,2026Q2,1,High CSAT,0
2024-09-05,Al Olaya,Riyadh,Large,Meat & Poultry,9642.73,75,Apple Pay,3.1,9.173959542533197,2024,9,Thursday,128.57,MEDIUM,2024Q3,0,Medium CSAT,1
2024-03-18,Al Malaz,Riyadh,Large,Electronics,14824.79,128,STC Pay,3.6,9.604056058504215,2024,3,Monday,115.82,HIGH,2024Q1,0,Medium CSAT,0
2025-10-08,Arar Central,Northern Borders,Small,Frozen Foods,2728.47,50,Cash,3.4,7.911496291513614,2025,10,Wednesday,54.57,LOW,2025Q4,0,Medium CSAT,0
2024-07-23,Makkah City,Makkah,Large,Cleaning Supplies,9245.31,103,Mastercard,4.2,9.131871674897775,2024,7,Tuesday,89.76,MEDIUM,2024Q3,0,High CSAT,0
2024-08-03,Madinah Central,Madinah,Small,Electronics,9201.130000000001,50,Visa,3.8,9.127081581581582,2024,8,Saturday,184.02,MEDIUM,2024Q3,1,Medium CSAT,0
2026-04-17,Najran Central,Najran,Medium,Baby Products,7463.93,74,Mada,3.7,8.917837364133792,2026,4,Friday,100.86,MEDIUM,2026Q2,1,Medium CSAT,1
2025-03-29,Riyadh South,Riyadh,Large,Electronics,26550.53,177,Mada,4.4,10.186804988806056,2025,3,Saturday,150.0,HIGH,2025Q1,1,High CSAT,1
2025-07-09,Jeddah North,Makkah,XLarge,Fresh Produce,15894.95,150,Apple Pay,4.3,9.673756727696672,2025,7,Wednesday,105.97,HIGH,2025Q3,0,High CSAT,1
2024-06-15,Madinah Central,Madinah,Small,Snacks & Confectionery,2569.3,99,Mada,4.3,7.851388767247999,2024,6,Saturday,25.95,LOW,2024Q2,1,High CSAT,1
2024-08-11,Al Khobar,Eastern Province,Large,Snacks & Confectionery,11185.33,149,Visa,3.2,9.322358377288733,2024,8,Sunday,75.07,HIGH,2024Q3,0,Medium CSAT,0
2024-10-15,Al Anbariyah,Madinah,Large,Electronics,16324.4,103,Mada,2.9,9.700416200023572,2024,10,Tuesday,158.49,HIGH,2024Q4,0,Low CSAT,1
2025-09-26,Riyadh South,Riyadh,Large,Beverages,13292.78,167,STC Pay,2.8,9.494976309666702,2025,9,Friday,79.6,HIGH,2025Q3,1,Low CSAT,0
2024-11-22,Al Malaz,Riyadh,Large,Cleaning Supplies,12357.32,149,Mastercard,4.2,9.422003879022023,2024,11,Friday,82.94,HIGH,2024Q4,1,High CSAT,0
2025-08-05,Riyadh West,Riyadh,Large,Snacks & Confectionery,7152.7,85,Mastercard,3.8,8.87524518678429,2025,8,Tuesday,84.15,MEDIUM,2025Q3,0,Medium CSAT,0
2024-11-16,Al Bahah Central,Al Bahah,Small,Fresh Produce,9201.130000000001,50,Mada,3.7,9.127081581581582,2024,11,Saturday,184.02,MEDIUM,2024Q4,1,Medium CSAT,1
2025-02-23,Hafuf,Eastern Province,Medium,Beverages,5770.32,79,Apple Pay,4.2,8.660482817236433,2025,2,Sunday,73.04,MEDIUM,2025Q1,0,High CSAT,1
2025-04-08,Arar Central,Northern Borders,Small,Frozen Foods,2066.66,50,STC Pay,3.5,7.633689056553418,2025,4,Tuesday,41.33,LOW,2025Q2,0,Medium CSAT,0
2026-03-18,Makkah City,Makkah,Large,Baby Products,10698.75,107,Mada,4.5,9.27788219119582,2026,3,Wednesday,99.99,HIGH,2026Q1,0,High CSAT,1
2024-06-03,Jeddah East,Makkah,Large,Fresh Produce,8643.9,80,Mada,3.9,9.064609148841672,2024,6,Monday,108.05,MEDIUM,2024Q2,0,Medium CSAT,1
2024-07-13,Madinah Central,Madinah,Small,Frozen Foods,2965.84,50,STC Pay,3.5,7.994915576536134,2024,7,Saturday,59.32,LOW,2024Q3,1,Medium CSAT,0
2025-05-14,Jeddah South,Makkah,Large,Electronics,16637.37,151,Cash,3.6,9.71940664899891,2025,5,Wednesday,110.18,HIGH,2025Q2,0,Medium CSAT,0
2024-05-24,Al Khobar,Eastern Province,Large,Baby Products,11768.23,125,Mada,4.2,9.373158806617814,2024,5,Friday,94.15,HIGH,2024Q2,1,High CSAT,1
2024-11-11,Riyadh Central,Riyadh,Large,Meat & Poultry,13167.04,110,Visa,3.4,9.485472016249505,2024,11,Monday,119.7,HIGH,2024Q4,0,Medium CSAT,0
2024-10-15,Buraidah Central,Qassim,Medium,Fresh Produce,5717.88,55,Cash,3.5,8.651353386303173,2024,10,Tuesday,103.96,MEDIUM,2024Q4,0,Medium CSAT,0
2024-03-05,Najran Central,Najran,Medium,Meat & Poultry,4633.2,50,STC Pay,3.5,8.441003053058191,2024,3,Tuesday,92.66,LOW,2024Q1,0,Medium CSAT,0
2025-10-11,Jubail,Eastern Province,Large,Baby Products,21768.95,231,Visa,3.0,9.988239921554163,2025,10,Saturday,94.24,HIGH,2025Q4,1,Low CSAT,0
2025-12-16,Qatif,Eastern Province,XLarge,Fresh Produce,15609.43,161,Visa,4.3,9.655630497788335,2025,12,Tuesday,96.95,HIGH,2025Q4,0,High CSAT,0
2026-04-12,Madinah North,Madinah,Large,Beverages,17862.07,207,Cash,3.7,9.790434749170203,2026,4,Sunday,86.29,HIGH,2026Q2,0,Medium CSAT,0
2024-04-07,Al Jawf Central,Al Jawf,Small,Fresh Produce,5017.88,51,Visa,2.8,8.520762812730501,2024,4,Sunday,98.39,MEDIUM,2024Q2,0,Low CSAT,0
2024-03-09,Dammam Central,Eastern Province,Large,Frozen Foods,14512.49,184,Mada,4.0,9.582764936944756,2024,3,Saturday,78.87,HIGH,2024Q1,1,Medium CSAT,1
2025-01-07,Jeddah North,Makkah,XLarge,Electronics,26436.95,182,Visa,3.7,10.182517931789727,2025,1,Tuesday,145.26,HIGH,2025Q1,0,Medium CSAT,0
2025-07-29,Najran Central,Najran,Medium,Dairy,3226.87,50,Tamara,4.5,8.079267906145981,2025,7,Tuesday,64.54,LOW,2025Q3,0,High CSAT,0
2024-07-23,Unaizah,Qassim,Small,Clothing,2987.46,50,Visa,4.1,8.002178807028793,2024,7,Tuesday,59.75,LOW,2024Q3,0,High CSAT,0
2025-06-20,Al Aziziyah,Makkah,Large,Dairy,11489.28,160,Mada,4.2,9.349169705694003,2025,6,Friday,71.81,HIGH,2025Q2,1,High CSAT,1
2024-11-01,Riyadh Central,Riyadh,Large,Fresh Produce,11868.49,106,Mastercard,3.8,9.381642268054193,2024,11,Friday,111.97,HIGH,2024Q4,1,Medium CSAT,0
2026-03-05,Arar Central,Northern Borders,Small,Fresh Produce,2993.44,50,Visa,3.8,8.004178506737109,2026,3,Thursday,59.87,LOW,2026Q1,0,Medium CSAT,0
2026-02-15,Hail Central,Hail,Small,Baby Products,2906.66,50,Mada,3.3,7.974759934654304,2026,2,Sunday,58.13,LOW,2026Q1,0,Medium CSAT,1
2024-11-26,Makkah City,Makkah,Large,Fresh Produce,12967.82,165,Visa,3.8,9.47022618299839,2024,11,Tuesday,78.59,HIGH,2024Q4,0,Medium CSAT,0
2024-05-25,Abha Central,Asir,Small,Frozen Foods,2779.06,50,Visa,3.4,7.9298680200096126,2024,5,Saturday,55.58,LOW,2024Q2,1,Medium CSAT,0
2025-09-19,Jubail,Eastern Province,Large,Electronics,21101.63,148,Visa,3.5,9.957105567665273,2025,9,Friday,142.58,HIGH,2025Q3,1,Medium CSAT,0
2025-06-07,Riyadh East,Riyadh,Large,Toys,10513.41,94,Cash,4.0,9.260406864149534,2025,6,Saturday,111.84,HIGH,2025Q2,1,Medium CSAT,0
2024-06-16,Buraidah Central,Qassim,Medium,Bakery,6414.53,94,Tabby,3.9,8.766321008582349,2024,6,Sunday,68.24,MEDIUM,2024Q2,0,Medium CSAT,0
2025-12-12,Bisha,Asir,Medium,Snacks & Confectionery,5434.66,74,Mada,3.7,8.600552240100807,2025,12,Friday,73.44,MEDIUM,2025Q4,1,Medium CSAT,1
2026-02-20,Hittin,Riyadh,XLarge,Dairy,20721.25,232,Visa,3.9,9.938915022739076,2026,2,Friday,89.32,HIGH,2026Q1,1,Medium CSAT,0
2025-05-05,Madinah Central,Madinah,Small,Bakery,1248.91,50,Mada,3.6,7.130026449883184,2025,5,Monday,24.98,LOW,2025Q2,0,Medium CSAT,1
2025-05-27,Makkah City,Makkah,Large,Meat & Poultry,9931.55,95,Mada,3.5,9.203471837506568,2025,5,Tuesday,104.54,MEDIUM,2025Q2,0,Medium CSAT,1
2025-11-16,Riyadh North,Riyadh,Large,Meat & Poultry,20171.1,151,Mada,3.8,9.912006165901458,2025,11,Sunday,133.58,HIGH,2025Q4,0,Medium CSAT,1
2024-08-01,Riyadh East,Riyadh,Large,Beverages,7842.06,86,Cash,4.2,8.967256833932419,2024,8,Thursday,91.19,MEDIUM,2024Q3,0,High CSAT,0
2025-02-10,Jeddah South,Makkah,Large,Household,7738.23,90,Mastercard,3.5,8.953928258261476,2025,2,Monday,85.98,MEDIUM,2025Q1,0,Medium CSAT,0
2024-09-29,Al Khobar,Eastern Province,Large,Household,15399.19,133,Mada,3.5,9.642070189615831,2024,9,Sunday,115.78,HIGH,2024Q3,0,Medium CSAT,1
2024-09-23,Jubail,Eastern Province,Large,Clothing,11015.83,93,Mada,3.6,9.30708860819065,2024,9,Monday,118.45,HIGH,2024Q3,0,Medium CSAT,1
2026-02-27,Al Jawf Central,Al Jawf,Small,Fresh Produce,2417.25,50,Apple Pay,3.6,7.790385809363657,2026,2,Friday,48.34,LOW,2026Q1,1,Medium CSAT,1
2026-02-16,Al Aziziyah,Makkah,Large,Fresh Produce,8353.62,107,Mastercard,3.0,9.030450256830783,2026,2,Monday,78.07,MEDIUM,2026Q1,0,Low CSAT,0
2024-11-13,Riyadh North,Riyadh,Large,Snacks & Confectionery,7167.64,100,Mada,3.6,8.877331730179252,2024,11,Wednesday,71.68,MEDIUM,2024Q4,0,Medium CSAT,1
2026-01-07,Khamis Mushait,Asir,Small,Baby Products,2226.53,50,Mada,3.1,7.708199598733413,2026,1,Wednesday,44.53,LOW,2026Q1,0,Medium CSAT,1
2026-03-25,Al Khobar,Eastern Province,Large,Snacks & Confectionery,11686.92,99,Visa,3.8,9.366225546697098,2026,3,Wednesday,118.05,HIGH,2026Q1,0,Medium CSAT,0
2026-05-23,Riyadh Central,Riyadh,Large,Electronics,14922.22,92,Mada,4.2,9.61060665625477,2026,5,Saturday,162.2,HIGH,2026Q2,1,High CSAT,1
2024-04-09,Jeddah South,Makkah,Large,Bakery,10443.01,122,Mada,3.8,9.25368813405833,2024,4,Tuesday,85.6,HIGH,2024Q2,0,Medium CSAT,1
2024-03-18,Abha Central,Asir,Small,Clothing,3587.61,50,Cash,3.8,8.185241521618712,2024,3,Monday,71.75,LOW,2024Q1,0,Medium CSAT,0
2026-03-30,Arar Central,Northern Borders,Small,Fresh Produce,2683.95,50,Mada,3.8,7.8950448690059805,2026,3,Monday,53.68,LOW,2026Q1,0,Medium CSAT,1
2025-05-02,Riyadh North,Riyadh,Large,Fresh Produce,9704.9,117,Mada,4.3,9.180386191582997,2025,5,Friday,82.95,MEDIUM,2025Q2,1,High CSAT,1
2024-10-03,Dammam Central,Eastern Province,Large,Household,8872.52,73,Mastercard,3.4,9.090714138674212,2024,10,Thursday,121.54,MEDIUM,2024Q4,0,Medium CSAT,0
2024-03-07,Al Rawdah,Makkah,Large,Meat & Poultry,12399.88,91,Mada,3.6,9.425442074126947,2024,3,Thursday,136.26,HIGH,2024Q1,0,Medium CSAT,1
2025-08-13,Riyadh Central,Riyadh,Large,Clothing,9201.130000000001,146,STC Pay,3.9,9.127081581581582,2025,8,Wednesday,63.02,MEDIUM,2025Q3,0,Medium CSAT,0
2026-01-06,Al Khobar,Eastern Province,Large,Snacks & Confectionery,8106.06,80,Mada,4.0,9.00036720908536,2026,1,Tuesday,101.33,MEDIUM,2026Q1,0,Medium CSAT,1
2026-04-09,Hail Central,Hail,Small,Clothing,2625.75,50,Apple Pay,3.4,7.873121848502885,2026,4,Thursday,52.52,LOW,2026Q2,0,Medium CSAT,1
2025-07-26,Al Wajh,Tabuk,Medium,Beverages,9201.130000000001,84,Apple Pay,4.2,9.127081581581582,2025,7,Saturday,109.54,MEDIUM,2025Q3,1,High CSAT,1
2025-04-12,Abha Central,Asir,Small,Household,5190.02,50,STC Pay,3.7,8.554492829717057,2025,4,Saturday,103.8,MEDIUM,2025Q2,1,Medium CSAT,0
2024-05-29,Unaizah,Qassim,Small,Clothing,2429.0,50,Visa,2.8,7.795234929002173,2024,5,Wednesday,48.58,LOW,2024Q2,0,Low CSAT,0
2024-05-31,Al Khobar,Eastern Province,Large,Frozen Foods,13435.21,152,Visa,4.6,9.505634151742466,2024,5,Friday,88.39,HIGH,2024Q2,1,High CSAT,0
2025-03-18,Abha Central,Asir,Small,Bakery,2137.1,50,STC Pay,3.3,7.667205048796146,2025,3,Tuesday,42.74,LOW,2025Q1,0,Medium CSAT,0
2025-11-27,Unaizah,Qassim,Small,Electronics,3044.31,50,Apple Pay,3.3,8.021029553480894,2025,11,Thursday,60.89,LOW,2025Q4,0,Medium CSAT,1
2025-09-05,Jeddah North,Makkah,XLarge,Clothing,24807.65,236,Apple Pay,3.0,10.118907352328616,2025,9,Friday,105.12,HIGH,2025Q3,1,Low CSAT,1
2026-04-24,Al Rawdah,Makkah,Large,Fresh Produce,16392.08,176,Cash,3.3,9.704553570336305,2026,4,Friday,93.14,HIGH,2026Q2,1,Medium CSAT,0
2025-07-11,Al Jawf Central,Al Jawf,Small,Fresh Produce,1963.03,50,STC Pay,3.5,7.582244476890196,2025,7,Friday,39.26,LOW,2025Q3,1,Medium CSAT,0
2025-12-01,Madinah Central,Madinah,Small,Meat & Poultry,3269.8,50,Mastercard,3.4,8.092484099941313,2025,12,Monday,65.4,LOW,2025Q4,0,Medium CSAT,0
2025-07-15,Abha Central,Asir,Small,Household,2731.72,50,Mada,3.4,7.912686726419288,2025,7,Tuesday,54.63,LOW,2025Q3,0,Medium CSAT,1
2024-08-19,Al Olaya,Riyadh,Large,Beverages,8826.56,117,STC Pay,4.1,9.085520636717671,2024,8,Monday,75.44,MEDIUM,2024Q3,0,High CSAT,0
2026-01-03,Al Aziziyah,Makkah,Large,Snacks & Confectionery,9205.96,112,Cash,3.9,9.12760637937535,2026,1,Saturday,82.2,MEDIUM,2026Q1,1,Medium CSAT,0
2024-09-04,Dhahran,Eastern Province,XLarge,Dairy,16785.94,185,Visa,4.1,9.72829691022914,2024,9,Wednesday,90.73,HIGH,2024Q3,0,High CSAT,0
2024-01-25,Al Aziziyah,Makkah,Large,Dairy,6392.64,70,Apple Pay,3.7,8.762902607590368,2024,1,Thursday,91.32,MEDIUM,2024Q1,0,Medium CSAT,1
2024-05-01,Hail Central,Hail,Small,Meat & Poultry,2462.99,50,Mada,3.5,7.809131338022974,2024,5,Wednesday,49.26,LOW,2024Q2,0,Medium CSAT,1
2024-12-17,Dhahran,Eastern Province,XLarge,Bakery,14622.3,189,Visa,3.5,9.590303039671925,2024,12,Tuesday,77.37,HIGH,2024Q4,0,Medium CSAT,0
2025-11-26,Riyadh East,Riyadh,Large,Electronics,15318.8,109,Mada,3.8,9.636836111244984,2025,11,Wednesday,140.54,HIGH,2025Q4,0,Medium CSAT,1
2026-05-31,Najran Central,Najran,Medium,Frozen Foods,7453.82,93,Mada,3.1,8.916481931639236,2026,5,Sunday,80.15,MEDIUM,2026Q2,0,Medium CSAT,1
2024-01-28,Al Bahah Central,Al Bahah,Small,Baby Products,3188.62,50,Cash,3.2,8.067343500298824,2024,1,Sunday,63.77,LOW,2024Q1,0,Medium CSAT,0
2025-07-10,Al Anbariyah,Madinah,Large,Bakery,6122.79,92,Visa,4.1,8.719773153976524,2025,7,Thursday,66.55,MEDIUM,2025Q3,0,High CSAT,0
2024-09-04,Qatif,Eastern Province,XLarge,Beverages,16554.37,180,Visa,4.2,9.714405394288951,2024,9,Wednesday,91.97,HIGH,2024Q3,0,High CSAT,0
2024-08-09,Hail Central,Hail,Small,Fresh Produce,2851.54,50,Visa,3.6,7.955614478202923,2024,8,Friday,57.03,LOW,2024Q3,1,Medium CSAT,0
2025-03-31,Al Jawf Central,Al Jawf,Small,Fresh Produce,1687.91,50,Visa,3.5,7.431246356198927,2025,3,Monday,33.76,LOW,2025Q1,0,Medium CSAT,0
2025-10-31,Unaizah,Qassim,Small,Bakery,9201.130000000001,50,Visa,3.8,9.127081581581582,2025,10,Friday,184.02,MEDIUM,2025Q4,1,Medium CSAT,0
2024-02-10,Jeddah South,Makkah,Large,Meat & Poultry,14183.84,108,Mada,3.8,9.559858567374572,2024,2,Saturday,131.33,HIGH,2024Q1,1,Medium CSAT,1
2024-07-22,Riyadh West,Riyadh,Large,Bakery,6946.37,88,Mastercard,3.7,8.845974499953279,2024,7,Monday,78.94,MEDIUM,2024Q3,0,Medium CSAT,0
2024-02-14,Khamis Mushait,Asir,Small,Bakery,1484.33,50,Visa,3.4,7.302718770974,2024,2,Wednesday,29.69,LOW,2024Q1,0,Medium CSAT,0
2024-08-22,Al Bahah Central,Al Bahah,Small,Snacks & Confectionery,2254.89,50,Cash,3.7,7.720856470259167,2024,8,Thursday,45.1,LOW,2024Q3,0,Medium CSAT,0
2025-03-24,Riyadh North,Riyadh,Large,Snacks & Confectionery,12663.73,150,Mastercard,4.0,9.446497281055615,2025,3,Monday,84.42,HIGH,2025Q1,0,Medium CSAT,0
2025-10-12,Abha Central,Asir,Small,Meat & Poultry,4038.33,50,Mada,3.6,8.303586519159147,2025,10,Sunday,80.77,LOW,2025Q4,0,Medium CSAT,1
2024-09-26,Al Malaz,Riyadh,Large,Clothing,15712.8,99,Visa,3.7,9.662230945794992,2024,9,Thursday,158.72,HIGH,2024Q3,0,Medium CSAT,0
2024-05-20,Madinah North,Madinah,Large,Fresh Produce,6923.37,79,Mastercard,2.5,8.842657924288169,2024,5,Monday,87.64,MEDIUM,2024Q2,0,Low CSAT,0
2025-07-24,Abha Central,Asir,Small,Electronics,2710.68,50,Mada,4.0,7.904954804907184,2025,7,Thursday,54.21,LOW,2025Q3,0,Medium CSAT,1
2024-04-28,Tabuk Central,Tabuk,Medium,Bakery,7140.26,81,Cash,3.8,8.873504469236462,2024,4,Sunday,88.15,MEDIUM,2024Q2,0,Medium CSAT,0
2025-06-06,Riyadh South,Riyadh,Large,Fresh Produce,12861.12,152,Visa,3.7,9.461964085756732,2025,6,Friday,84.61,HIGH,2025Q2,1,Medium CSAT,0
2024-11-06,Riyadh Central,Riyadh,Large,Fresh Produce,12829.63,166,Apple Pay,3.9,9.459512618534449,2024,11,Wednesday,77.29,HIGH,2024Q4,0,Medium CSAT,1
2025-05-04,Najran Central,Najran,Medium,Fresh Produce,6497.81,68,Visa,3.6,8.779220476035473,2025,5,Sunday,95.56,MEDIUM,2025Q2,0,Medium CSAT,0
2026-05-29,Unaizah,Qassim,Small,Fresh Produce,3125.76,50,Visa,3.7,8.047432732602175,2026,5,Friday,62.52,LOW,2026Q2,1,Medium CSAT,0
2024-03-15,Al Jawf Central,Al Jawf,Small,Bakery,3716.71,54,Apple Pay,3.5,8.220594147345013,2024,3,Friday,68.83,LOW,2024Q1,1,Medium CSAT,1
2024-08-18,Abha Central,Asir,Small,Meat & Poultry,4198.76,50,Cash,3.4,8.342544522584875,2024,8,Sunday,83.98,LOW,2024Q3,0,Medium CSAT,0
2025-11-18,Al Aziziyah,Makkah,Large,Meat & Poultry,14280.75,127,Apple Pay,4.2,9.566667755522799,2025,11,Tuesday,112.45,HIGH,2025Q4,0,High CSAT,1
2026-02-05,Madinah Central,Madinah,Small,Beverages,2420.81,50,Visa,2.9,7.791857473891389,2026,2,Thursday,48.42,LOW,2026Q1,0,Low CSAT,0
2024-09-04,Jeddah South,Makkah,Large,Dairy,9067.28,125,Mada,4.2,9.112427608386843,2024,9,Wednesday,72.54,MEDIUM,2024Q3,0,High CSAT,1
2025-03-03,Riyadh North,Riyadh,Large,Fresh Produce,10686.99,137,Cash,3.6,9.276782392808169,2025,3,Monday,78.01,HIGH,2025Q1,0,Medium CSAT,0
2024-10-14,Bisha,Asir,Medium,Snacks & Confectionery,4415.16,62,Mada,3.5,8.392799352472004,2024,10,Monday,71.21,LOW,2024Q4,0,Medium CSAT,1
2025-09-11,Unaizah,Qassim,Small,Dairy,1884.59,50,Visa,3.0,7.5414655695928134,2025,9,Thursday,37.69,LOW,2025Q3,0,Low CSAT,0
2025-04-25,Makkah City,Makkah,Large,Toys,14306.81,179,Visa,4.3,9.568490926665667,2025,4,Friday,79.93,HIGH,2025Q2,1,High CSAT,0
2024-09-14,Riyadh West,Riyadh,Large,Fresh Produce,18125.38,198,Visa,3.9,9.805068445020343,2024,9,Saturday,91.54,HIGH,2024Q3,1,Medium CSAT,0
2024-09-02,Jubail,Eastern Province,Large,Meat & Poultry,11577.1,97,Apple Pay,4.7,9.356784287984782,2024,9,Monday,119.35,HIGH,2024Q3,0,High CSAT,1
2025-11-23,Buraidah Central,Qassim,Medium,Dairy,9201.130000000001,78,Mastercard,3.9,9.127081581581582,2025,11,Sunday,117.96,MEDIUM,2025Q4,0,Medium CSAT,0
2026-04-01,Makkah City,Makkah,Large,Fresh Produce,11828.38,158,Mada,3.0,9.378257007612204,2026,4,Wednesday,74.86,HIGH,2026Q2,0,Low CSAT,1
2025-07-20,Unaizah,Qassim,Small,Snacks & Confectionery,2330.16,99,Mada,3.5,7.753692213729999,2025,7,Sunday,23.54,LOW,2025Q3,0,Medium CSAT,1
2024-07-29,Madinah North,Madinah,Large,Clothing,11320.4,92,STC Pay,3.0,9.334361686821929,2024,7,Monday,123.05,HIGH,2024Q3,0,Low CSAT,0
2025-01-18,Al Bahah Central,Al Bahah,Small,Beverages,9201.130000000001,50,Visa,3.4,9.127081581581582,2025,1,Saturday,184.02,MEDIUM,2025Q1,1,Medium CSAT,0
2024-09-15,Riyadh West,Riyadh,Large,Meat & Poultry,13129.08,121,Mada,3.7,9.482584896296611,2024,9,Sunday,108.5,HIGH,2024Q3,0,Medium CSAT,1
2024-07-12,Riyadh West,Riyadh,Large,Bakery,11077.48,147,STC Pay,3.1,9.312669497610493,2024,7,Friday,75.36,HIGH,2024Q3,1,Medium CSAT,0
2025-08-04,Al Jawf Central,Al Jawf,Small,Dairy,1690.4,50,Visa,3.4,7.432720466301847,2025,8,Monday,33.81,LOW,2025Q3,0,Medium CSAT,0
2025-09-01,Al Bahah Central,Al Bahah,Small,Beverages,1559.53,50,Cash,4.1,7.352139772797745,2025,9,Monday,31.19,LOW,2025Q3,0,High CSAT,0
2024-02-12,Riyadh South,Riyadh,Large,Dairy,8681.86,110,Mada,4.3,9.068991070412777,2024,2,Monday,78.93,MEDIUM,2024Q1,0,High CSAT,1
2026-01-30,Al Olaya,Riyadh,Large,Bakery,10780.09,166,Visa,4.2,9.2854561932222,2026,1,Friday,64.94,HIGH,2026Q1,1,High CSAT,0
2024-10-18,Dammam Central,Eastern Province,Large,Bakery,10421.84,99,Visa,3.8,9.25165888321161,2024,10,Friday,105.27,HIGH,2024Q4,1,Medium CSAT,0
2025-07-19,Dammam Central,Eastern Province,Large,Bakery,10263.85,110,Visa,3.8,9.23638329200318,2025,7,Saturday,93.31,HIGH,2025Q3,1,Medium CSAT,0
2024-07-27,Khamis Mushait,Asir,Small,Electronics,9201.130000000001,50,Visa,3.4,9.127081581581582,2024,7,Saturday,184.02,MEDIUM,2024Q3,1,Medium CSAT,0
2026-04-08,Dammam Central,Eastern Province,Large,Fresh Produce,11537.79,145,Mada,3.6,9.353383013923171,2026,4,Wednesday,79.57,HIGH,2026Q2,0,Medium CSAT,1
2024-08-13,Jeddah East,Makkah,Large,Electronics,11458.43,94,Mada,3.9,9.346480982628814,2024,8,Tuesday,121.9,HIGH,2024Q3,0,Medium CSAT,1
2025-04-01,Khamis Mushait,Asir,Large,Fresh Produce,9201.130000000001,50,Mastercard,3.8,9.127081581581582,2025,4,Tuesday,184.02,MEDIUM,2025Q2,0,Medium CSAT,0
2026-05-21,Khamis Mushait,Asir,Small,Meat & Poultry,2881.04,50,Mada,3.8,7.965906619056177,2026,5,Thursday,57.62,LOW,2026Q2,0,Medium CSAT,1
2025-03-23,Al Bahah Central,Al Bahah,Small,Household,6010.19,55,Mada,3.0,8.701211641006248,2025,3,Sunday,109.28,MEDIUM,2025Q1,0,Low CSAT,1
2025-01-16,Al Rawdah,Makkah,Large,Electronics,11353.9,99,Mastercard,3.3,9.337316576223152,2025,1,Thursday,114.69,HIGH,2025Q1,0,Medium CSAT,0
2026-03-17,Jeddah South,Makkah,Large,Bakery,7860.27,98,Mada,3.6,8.969576235978304,2026,3,Tuesday,80.21,MEDIUM,2026Q1,0,Medium CSAT,1
2025-09-06,Khamis Mushait,Asir,Small,Baby Products,4659.8,50,Visa,2.8,8.446727807743732,2025,9,Saturday,93.2,LOW,2025Q3,1,Low CSAT,0
2025-04-08,Riyadh West,Riyadh,Large,Electronics,18293.29,99,Mada,3.8,9.814289604924188,2025,4,Tuesday,184.78,HIGH,2025Q2,0,Medium CSAT,1
2025-03-10,Hail Central,Hail,Small,Bakery,2068.54,50,Mada,3.7,7.634598323398808,2025,3,Monday,41.37,LOW,2025Q1,0,Medium CSAT,1
2025-05-05,Al Anbariyah,Madinah,Large,Bakery,5913.6,81,Visa,3.5,8.68501006200731,2025,5,Monday,73.01,MEDIUM,2025Q2,0,Medium CSAT,0
2025-01-25,Riyadh East,Riyadh,Large,Frozen Foods,12515.42,118,STC Pay,3.7,9.434716763031085,2025,1,Saturday,106.06,HIGH,2025Q1,1,Medium CSAT,0
2025-09-22,Al Malaz,Riyadh,Large,Electronics,14598.81,93,STC Pay,3.5,9.588695297525248,2025,9,Monday,156.98,HIGH,2025Q3,0,Medium CSAT,0
2024-10-12,Al Wajh,Tabuk,Medium,Fresh Produce,9407.8,100,Mada,3.9,9.149294411409041,2024,10,Saturday,94.08,MEDIUM,2024Q4,1,Medium CSAT,1
2024-08-25,Riyadh West,Riyadh,Large,Personal Care,16181.95,175,Apple Pay,4.4,9.691651702510088,2024,8,Sunday,92.47,HIGH,2024Q3,0,High CSAT,1
2024-10-22,Jeddah East,Makkah,Large,Baby Products,11900.41,131,Mada,3.2,9.384328132287616,2024,10,Tuesday,90.84,HIGH,2024Q4,0,Medium CSAT,1
2025-09-09,Al Aziziyah,Makkah,Large,Electronics,15240.44,98,Apple Pay,3.9,9.631707700214942,2025,9,Tuesday,155.51,HIGH,2025Q3,0,Medium CSAT,1
2025-07-20,Arar Central,Northern Borders,Small,Frozen Foods,3153.32,50,STC Pay,3.8,8.056211145039065,2025,7,Sunday,63.07,LOW,2025Q3,0,Medium CSAT,0
2026-03-16,Madinah North,Madinah,Large,Snacks & Confectionery,6444.76,86,Visa,4.3,8.771022676510807,2026,3,Monday,74.94,MEDIUM,2026Q1,0,High CSAT,0
2025-02-07,Riyadh South,Riyadh,Large,Electronics,12938.22,85,Cash,3.9,9.467941000633113,2025,2,Friday,152.21,HIGH,2025Q1,1,Medium CSAT,0
2025-08-10,Abha Central,Asir,Small,Beverages,3178.15,50,Mastercard,3.5,8.064054545479339,2025,8,Sunday,63.56,LOW,2025Q3,0,Medium CSAT,0
2024-03-09,Riyadh East,Riyadh,Large,Fresh Produce,19208.54,195,Visa,3.6,9.86311025079205,2024,3,Saturday,98.51,HIGH,2024Q1,1,Medium CSAT,0
2025-11-24,Al Bahah Central,Al Bahah,Small,Household,2904.34,50,STC Pay,3.0,7.9739614489811785,2025,11,Monday,58.09,LOW,2025Q4,0,Low CSAT,0
2024-12-28,Buraidah Central,Qassim,Medium,Personal Care,10464.34,125,Mada,3.9,9.255728565523855,2024,12,Saturday,83.71,HIGH,2024Q4,1,Medium CSAT,1
2025-06-20,Al Anbariyah,Madinah,Large,Fresh Produce,13750.41,174,Cash,4.0,9.528823920831982,2025,6,Friday,79.03,HIGH,2025Q2,1,Medium CSAT,0
2026-05-12,Abha Central,Asir,Small,Personal Care,1936.03,50,Mada,3.6,7.568394763584231,2026,5,Tuesday,38.72,LOW,2026Q2,0,Medium CSAT,1
2024-01-25,Abha Central,Asir,Small,Fresh Produce,1999.22,50,Mada,3.5,7.600512383472304,2024,1,Thursday,39.98,LOW,2024Q1,0,Medium CSAT,1
2025-10-26,Makkah City,Makkah,Large,Meat & Poultry,19986.26,155,STC Pay,3.8,9.902800316443491,2025,10,Sunday,128.94,HIGH,2025Q4,0,Medium CSAT,0
2024-09-15,Hail Central,Hail,Small,Beverages,2883.56,50,STC Pay,3.8,7.96678092088476,2024,9,Sunday,57.67,LOW,2024Q3,0,Medium CSAT,0
2024-09-08,Riyadh South,Riyadh,Large,Cleaning Supplies,14460.46,216,Mada,3.9,9.57917330710165,2024,9,Sunday,66.95,HIGH,2024Q3,0,Medium CSAT,1
2024-12-24,Riyadh South,Riyadh,Large,Meat & Poultry,13062.65,126,Mada,3.5,9.477512291894824,2024,12,Tuesday,103.67,HIGH,2024Q4,0,Medium CSAT,1
2025-07-18,Al Jawf Central,Al Jawf,Small,Baby Products,2999.16,50,Mada,3.4,8.006087528442928,2025,7,Friday,59.98,LOW,2025Q3,1,Medium CSAT,1
2024-12-05,Hafuf,Eastern Province,Medium,Cleaning Supplies,4378.76,50,Tamara,4.2,8.38452085826587,2024,12,Thursday,87.58,LOW,2024Q4,0,High CSAT,0
2024-03-02,Dammam Central,Eastern Province,Large,Bakery,9470.73,127,Cash,4.3,9.15596126874245,2024,3,Saturday,74.57,MEDIUM,2024Q1,1,High CSAT,0
2024-12-08,Bisha,Asir,Medium,Beverages,8718.18,107,Mada,4.3,9.073165779522563,2024,12,Sunday,81.48,MEDIUM,2024Q4,0,High CSAT,1
2025-03-24,Hittin,Riyadh,XLarge,Beverages,25677.9,303,Mastercard,4.2,10.153385978759149,2025,3,Monday,84.75,HIGH,2025Q1,0,High CSAT,0
2024-03-09,Al Jawf Central,Al Jawf,Small,Fresh Produce,4420.06,99,Mada,3.5,8.393908549640242,2024,3,Saturday,44.65,LOW,2024Q1,1,Medium CSAT,1
2024-05-27,Dammam Central,Eastern Province,Large,Cleaning Supplies,6085.94,65,Mada,3.2,8.713736471716238,2024,5,Monday,93.63,MEDIUM,2024Q2,0,Medium CSAT,1
2024-08-13,Bisha,Asir,Medium,Dairy,3102.06,50,Mada,3.4,8.03982168590919,2024,8,Tuesday,62.04,LOW,2024Q3,0,Medium CSAT,1
2025-03-13,Jeddah North,Makkah,XLarge,Bakery,22799.52,354,Cash,3.8,10.034494762089343,2025,3,Thursday,64.41,HIGH,2025Q1,0,Medium CSAT,0
2024-06-16,Riyadh West,Riyadh,Large,Dairy,12834.8,159,Cash,2.7,9.459915510791937,2024,6,Sunday,80.72,HIGH,2024Q2,0,Low CSAT,0
2024-04-26,Al Bahah Central,Al Bahah,Small,Beverages,2483.58,50,Visa,3.8,7.817456346631771,2024,4,Friday,49.67,LOW,2024Q2,1,Medium CSAT,0
2026-05-21,Abha Central,Asir,Small,Baby Products,2546.99,50,Visa,4.1,7.842667548784077,2026,5,Thursday,50.94,LOW,2026Q2,0,High CSAT,0
2025-06-23,Jubail,Eastern Province,Large,Toys,7084.67,81,Visa,3.4,8.865688573764091,2025,6,Monday,87.47,MEDIUM,2025Q2,0,Medium CSAT,0
2026-04-05,Dammam Central,Eastern Province,Large,Cleaning Supplies,14695.83,167,Cash,3.4,9.59531905905451,2026,4,Sunday,88.0,HIGH,2026Q2,0,Medium CSAT,0
2024-11-03,Al Jawf Central,Al Jawf,Small,Frozen Foods,3305.34,50,Tabby,3.6,8.103294621427253,2024,11,Sunday,66.11,LOW,2024Q4,0,Medium CSAT,0
2026-03-31,Dhahran,Eastern Province,Large,Fresh Produce,20369.53,194,Mada,3.8,9.921795435807878,2026,3,Tuesday,105.0,HIGH,2026Q1,0,Medium CSAT,1
2025-04-20,Madinah North,Madinah,Large,Fresh Produce,17033.1,235,Visa,3.0,9.742913788799722,2025,4,Sunday,72.48,HIGH,2025Q2,0,Low CSAT,0
2026-01-30,Tabuk Central,Tabuk,Medium,Household,6357.81,58,Mada,3.1,8.757439257413026,2026,1,Friday,109.62,MEDIUM,2026Q1,1,Medium CSAT,1
2026-03-04,Riyadh West,Riyadh,Large,Cleaning Supplies,7934.56,99,Apple Pay,3.1,8.97898318088747,2026,3,Wednesday,80.15,MEDIUM,2026Q1,0,Medium CSAT,1
2025-02-09,Al Bahah Central,Al Bahah,Small,Meat & Poultry,3542.99,50,Mada,4.4,8.172726282394652,2025,2,Sunday,70.86,LOW,2025Q1,0,High CSAT,1
2024-12-10,Jeddah South,Makkah,Large,Dairy,7910.99,94,Cash,4.4,8.9760082109579,2024,12,Tuesday,84.16,MEDIUM,2024Q4,0,High CSAT,0
2024-06-02,Riyadh Central,Riyadh,Large,Beverages,11682.87,115,Tabby,4.2,9.365878945376288,2024,6,Sunday,101.59,HIGH,2024Q2,0,High CSAT,0
2024-02-22,Jeddah North,Makkah,XLarge,Fresh Produce,9201.130000000001,109,Tamara,3.6,9.127081581581582,2024,2,Thursday,84.41,MEDIUM,2024Q1,0,Medium CSAT,0
2025-11-13,Hafuf,Eastern Province,Medium,Electronics,8677.54,77,Mada,4.3,9.068493357347904,2025,11,Thursday,112.7,MEDIUM,2025Q4,0,High CSAT,1
2025-08-19,Riyadh East,Riyadh,Large,Electronics,10083.75,99,STC Pay,4.0,9.218680496251183,2025,8,Tuesday,101.86,HIGH,2025Q3,0,Medium CSAT,0
2024-04-20,Al Bahah Central,Al Bahah,Small,Dairy,3100.14,99,Cash,2.8,8.03920255074382,2024,4,Saturday,31.31,LOW,2024Q2,1,Low CSAT,0
2024-05-21,Al Khobar,Eastern Province,Large,Personal Care,7280.2,69,Visa,3.7,8.892913613340841,2024,5,Tuesday,105.51,MEDIUM,2024Q2,0,Medium CSAT,0
2025-12-06,Madinah Central,Madinah,Small,Meat & Poultry,4126.08,50,Mada,3.4,8.3250830826822,2025,12,Saturday,82.52,LOW,2025Q4,1,Medium CSAT,1
2026-04-09,Najran Central,Najran,Medium,Baby Products,9201.130000000001,63,Mastercard,4.0,9.127081581581582,2026,4,Thursday,146.05,MEDIUM,2026Q2,0,Medium CSAT,0
2026-03-24,Madinah North,Madinah,Large,Dairy,11138.15,129,Mada,3.4,9.3181314314678,2026,3,Tuesday,86.34,HIGH,2026Q1,0,Medium CSAT,1
2026-01-10,Jeddah North,Makkah,XLarge,Frozen Foods,17840.75,217,Visa,4.3,9.789240445609074,2026,1,Saturday,82.22,HIGH,2026Q1,1,High CSAT,0
2025-03-21,Najran Central,Najran,Medium,Fresh Produce,7992.8,109,Mastercard,3.8,8.986296415418808,2025,3,Friday,73.33,MEDIUM,2025Q1,1,Medium CSAT,0
2025-04-29,Al Rawdah,Makkah,Large,Meat & Poultry,15054.92,130,Mada,3.5,9.619460127052497,2025,4,Tuesday,115.81,HIGH,2025Q2,0,Medium CSAT,1
2024-02-02,Riyadh South,Riyadh,Large,Snacks & Confectionery,12006.72,139,Apple Pay,2.8,9.393221772028651,2024,2,Friday,86.38,HIGH,2024Q1,1,Low CSAT,1
2025-04-05,Jubail,Eastern Province,Large,Dairy,12445.22,184,Mada,4.0,9.429091892427683,2025,4,Saturday,67.64,HIGH,2025Q2,1,Medium CSAT,1
2026-02-08,Jubail,Eastern Province,Large,Toys,13236.98,111,Apple Pay,4.2,9.490769706796259,2026,2,Sunday,119.25,HIGH,2026Q1,0,High CSAT,1
2024-12-08,Al Bahah Central,Al Bahah,Small,Cleaning Supplies,2486.16,50,Visa,3.5,7.818494630417956,2024,12,Sunday,49.72,LOW,2024Q4,0,Medium CSAT,0
2024-07-26,Dammam Central,Eastern Province,Large,Meat & Poultry,15565.86,156,Visa,3.6,9.65283533351769,2024,7,Friday,99.78,HIGH,2024Q3,1,Medium CSAT,0
2024-12-11,Abha Central,Asir,Small,Beverages,1763.03,50,Visa,2.9,7.474789198702326,2024,12,Wednesday,35.26,LOW,2024Q4,0,Low CSAT,0
2024-05-31,Al Rawdah,Makkah,Large,Clothing,13673.95,130,Visa,3.0,9.523247841892532,2024,5,Friday,105.18,HIGH,2024Q2,1,Low CSAT,0
2025-03-21,Al Aziziyah,Makkah,Large,Frozen Foods,21091.58,99,Tabby,3.6,9.956629187688966,2025,3,Friday,213.05,HIGH,2025Q1,1,Medium CSAT,0
2025-07-05,Al Khobar,Eastern Province,Large,Beverages,15989.71,171,Cash,3.8,9.679700669328325,2025,7,Saturday,93.51,HIGH,2025Q3,1,Medium CSAT,0
2025-04-30,Riyadh West,Riyadh,Large,Meat & Poultry,16718.68,149,STC Pay,3.2,9.724281936153764,2025,4,Wednesday,112.21,HIGH,2025Q2,0,Medium CSAT,0
2024-11-18,Madinah Central,Madinah,Large,Fresh Produce,2261.09,50,STC Pay,4.0,7.723602276881599,2024,11,Monday,45.22,LOW,2024Q4,0,Medium CSAT,0
2025-02-08,Al Anbariyah,Madinah,Large,Household,12700.11,103,Tabby,3.2,9.449365933826495,2025,2,Saturday,123.3,HIGH,2025Q1,1,Medium CSAT,0
2024-09-01,Hail Central,Hail,Large,Beverages,2743.63,50,Apple Pay,3.5,7.917037140103947,2024,9,Sunday,54.87,LOW,2024Q3,0,Medium CSAT,1
2025-03-02,Unaizah,Qassim,Small,Snacks & Confectionery,3158.53,99,Mada,4.3,8.057862008473164,2025,3,Sunday,31.9,LOW,2025Q1,0,High CSAT,1
2026-02-26,Dhahran,Eastern Province,XLarge,Electronics,24011.4,220,Mada,3.8,10.086283996553293,2026,2,Thursday,109.14,HIGH,2026Q1,0,Medium CSAT,1
2026-05-25,Hittin,Riyadh,Large,Baby Products,14908.33,145,Mada,3.7,9.609675396120188,2026,5,Monday,102.82,HIGH,2026Q2,0,Medium CSAT,1
2025-11-02,Unaizah,Qassim,Small,Toys,2996.16,50,Visa,3.7,8.005086747750525,2025,11,Sunday,59.92,LOW,2025Q4,0,Medium CSAT,0
2026-02-06,Makkah City,Makkah,Large,Fresh Produce,12520.0,127,Mada,3.8,9.43508264465409,2026,2,Friday,98.58,HIGH,2026Q1,1,Medium CSAT,1
2025-03-12,Jeddah South,Makkah,Large,Fresh Produce,12405.75,115,STC Pay,3.6,9.42591535379044,2025,3,Wednesday,107.88,HIGH,2025Q1,0,Medium CSAT,0
2024-03-19,Riyadh West,Riyadh,Large,Cleaning Supplies,15734.59,230,Cash,4.3,9.663616752597225,2024,3,Tuesday,68.41,HIGH,2024Q1,0,High CSAT,0
2024-03-08,Madinah North,Madinah,Large,Snacks & Confectionery,13611.03,195,Tabby,4.1,9.51863577242927,2024,3,Friday,69.8,HIGH,2024Q1,1,High CSAT,0
2025-05-27,Hittin,Riyadh,Large,Fresh Produce,17234.04,193,Cash,4.3,9.754641776790404,2025,5,Tuesday,89.3,HIGH,2025Q2,0,High CSAT,0
2026-03-15,Dammam Central,Eastern Province,Large,Frozen Foods,10723.37,114,Mada,4.2,9.2801807508939,2026,3,Sunday,94.06,HIGH,2026Q1,0,High CSAT,1
2025-09-27,Riyadh North,Riyadh,Large,Snacks & Confectionery,15399.93,156,Mada,4.7,9.642118242936844,2025,9,Saturday,98.72,HIGH,2025Q3,1,High CSAT,1
2024-12-16,Jeddah North,Makkah,XLarge,Snacks & Confectionery,13436.97,166,Mada,4.5,9.505765142231702,2024,12,Monday,80.95,HIGH,2024Q4,0,High CSAT,1
2024-12-14,Riyadh North,Riyadh,Large,Snacks & Confectionery,18111.26,214,Apple Pay,3.5,9.804289123277785,2024,12,Saturday,84.63,HIGH,2024Q4,1,Medium CSAT,1
2024-08-05,Bisha,Asir,Medium,Personal Care,3876.15,50,Visa,3.4,8.262597671952246,2024,8,Monday,77.52,LOW,2024Q3,0,Medium CSAT,0
2026-05-04,Madinah Central,Madinah,Small,Cleaning Supplies,1866.65,50,Apple Pay,2.6,7.531900659443842,2026,5,Monday,37.33,LOW,2026Q2,0,Low CSAT,1
2024-11-25,Khamis Mushait,Asir,Small,Fresh Produce,2476.01,50,Mada,4.0,7.814403672568544,2024,11,Monday,49.52,LOW,2024Q4,0,Medium CSAT,1
2025-10-26,Abha Central,Asir,Small,Frozen Foods,2883.8,50,Mada,3.6,7.966864147872546,2025,10,Sunday,57.68,LOW,2025Q4,0,Medium CSAT,1
2024-03-28,Arar Central,Northern Borders,Small,Fresh Produce,2859.46,50,Apple Pay,3.2,7.958388074798011,2024,3,Thursday,57.19,LOW,2024Q1,0,Medium CSAT,1
2024-05-02,Qatif,Eastern Province,XLarge,Electronics,25664.15,223,Mada,3.8,10.152850355412253,2024,5,Thursday,115.09,HIGH,2024Q2,0,Medium CSAT,1
2025-07-03,Dhahran,Eastern Province,XLarge,Dairy,16811.43,240,Cash,3.7,9.72981429119621,2025,7,Thursday,70.05,HIGH,2025Q3,0,Medium CSAT,0
2025-12-13,Makkah City,Makkah,Large,Meat & Poultry,17773.08,139,Mada,4.8,9.785440231959562,2025,12,Saturday,127.86,HIGH,2025Q4,1,High CSAT,1
2024-03-17,Tabuk Central,Tabuk,Large,Meat & Poultry,16157.0,146,Mastercard,3.7,9.69010867127683,2024,3,Sunday,110.66,HIGH,2024Q1,0,Medium CSAT,0
2024-12-01,Al Khobar,Eastern Province,Large,Fresh Produce,12854.24,122,Visa,3.9,9.46142899698767,2024,12,Sunday,105.36,HIGH,2024Q4,0,Medium CSAT,0
2025-01-06,Al Olaya,Riyadh,Large,Baby Products,8035.72,84,Mada,4.2,8.991651882122211,2025,1,Monday,95.66,MEDIUM,2025Q1,0,High CSAT,1
2024-08-25,Al Malaz,Riyadh,Large,Fresh Produce,8611.68,118,Apple Pay,4.2,9.060874700339184,2024,8,Sunday,72.98,MEDIUM,2024Q3,0,High CSAT,1
2026-04-11,Al Malaz,Riyadh,Large,Baby Products,22663.94,247,Visa,4.3,10.028530394136569,2026,4,Saturday,91.76,HIGH,2026Q2,1,High CSAT,0
2025-02-17,Al Olaya,Riyadh,Large,Electronics,13502.6,121,Mada,3.5,9.51063753847554,2025,2,Monday,111.59,HIGH,2025Q1,0,Medium CSAT,1
2024-10-02,Qatif,Eastern Province,XLarge,Fresh Produce,19690.81,183,STC Pay,4.8,9.887907308420358,2024,10,Wednesday,107.6,HIGH,2024Q4,0,High CSAT,0
2025-04-25,Riyadh East,Riyadh,Large,Meat & Poultry,21167.44,162,Mada,3.8,9.960219430978341,2025,4,Friday,130.66,HIGH,2025Q2,1,Medium CSAT,1
2024-03-24,Madinah North,Madinah,Large,Fresh Produce,18658.64,241,Mastercard,4.4,9.834064588572666,2024,3,Sunday,77.42,HIGH,2024Q1,0,High CSAT,0
2024-08-11,Najran Central,Najran,Medium,Fresh Produce,7379.58,89,Apple Pay,4.2,8.906472005405945,2024,8,Sunday,82.92,MEDIUM,2024Q3,0,High CSAT,1
2024-09-01,Al Jawf Central,Al Jawf,Small,Fresh Produce,5608.66,50,Mada,3.8,8.632067110805309,2024,9,Sunday,112.17,MEDIUM,2024Q3,0,Medium CSAT,1
2025-05-19,Al Aziziyah,Makkah,Large,Electronics,12873.65,87,Mastercard,3.1,9.4629378656654,2025,5,Monday,147.97,HIGH,2025Q2,0,Medium CSAT,0
2026-04-24,Al Aziziyah,Makkah,Large,Meat & Poultry,18423.35,161,Visa,4.1,9.82137416080869,2026,4,Friday,114.43,HIGH,2026Q2,1,High CSAT,0
2025-09-23,Madinah North,Madinah,Large,Fresh Produce,11280.9,99,Visa,3.8,9.33086630910326,2025,9,Tuesday,113.95,HIGH,2025Q3,0,Medium CSAT,0
2024-01-02,Al Bahah Central,Al Bahah,Small,Meat & Poultry,3158.03,50,Mada,3.8,8.05770369445381,2024,1,Tuesday,63.16,LOW,2024Q1,0,Medium CSAT,1
2025-11-18,Hittin,Riyadh,XLarge,Toys,16310.56,153,Mada,4.2,9.699568029789583,2025,11,Tuesday,106.6,HIGH,2025Q4,0,High CSAT,1
2026-01-18,Riyadh East,Riyadh,Large,Meat & Poultry,12034.85,129,Mada,3.8,9.395561886491807,2026,1,Sunday,93.29,HIGH,2026Q1,0,Medium CSAT,1
2026-01-04,Al Rawdah,Makkah,Large,Toys,10672.97,99,Mada,3.8,9.275469656078945,2026,1,Sunday,107.81,HIGH,2026Q1,0,Medium CSAT,1
2024-05-27,Hail Central,Hail,Small,Clothing,2057.44,50,Mada,4.0,7.6292177705221285,2024,5,Monday,41.15,LOW,2024Q2,0,Medium CSAT,1
2025-11-27,Buraidah Central,Qassim,Medium,Clothing,6498.72,64,Cash,3.7,8.779360513414911,2025,11,Thursday,101.54,MEDIUM,2025Q4,0,Medium CSAT,0
2024-12-27,Khamis Mushait,Asir,Small,Clothing,3461.11,50,Mada,3.3,8.149344625852041,2024,12,Friday,69.22,LOW,2024Q4,1,Medium CSAT,1
2024-09-15,Riyadh South,Riyadh,Large,Beverages,9317.72,90,STC Pay,3.8,9.139673242558434,2024,9,Sunday,103.53,MEDIUM,2024Q3,0,Medium CSAT,0
2026-02-05,Riyadh South,Riyadh,Large,Dairy,9201.130000000001,96,STC Pay,4.0,9.127081581581582,2026,2,Thursday,95.85,MEDIUM,2026Q1,0,Medium CSAT,0
2026-02-26,Al Wajh,Tabuk,Medium,Frozen Foods,3419.98,50,Visa,4.1,8.137389982086335,2026,2,Thursday,68.4,LOW,2026Q1,0,High CSAT,0
2024-11-06,Hafuf,Eastern Province,Medium,Beverages,5575.8,70,Mada,3.4,8.62619108379135,2024,11,Wednesday,79.65,MEDIUM,2024Q4,0,Medium CSAT,1
2025-05-06,Jeddah South,Makkah,Large,Cleaning Supplies,6628.59,68,Mada,3.9,8.799147390879247,2025,5,Tuesday,97.48,MEDIUM,2025Q2,0,Medium CSAT,1
2025-01-28,Al Bahah Central,Al Bahah,Small,Baby Products,2037.39,50,STC Pay,4.1,7.619424855927567,2025,1,Tuesday,40.75,LOW,2025Q1,0,High CSAT,0
2024-09-17,Buraidah Central,Qassim,Medium,Dairy,4770.79,63,Apple Pay,4.2,8.470267188617804,2024,9,Tuesday,75.73,LOW,2024Q3,0,High CSAT,1
2024-01-21,Bisha,Asir,Medium,Baby Products,5870.03,50,STC Pay,3.8,8.677615023541621,2024,1,Sunday,117.4,MEDIUM,2024Q1,0,Medium CSAT,0
2024-07-06,Buraidah Central,Qassim,Medium,Baby Products,8569.0,65,Tabby,4.1,9.055906318669118,2024,7,Saturday,131.83,MEDIUM,2024Q3,1,High CSAT,0
2026-02-25,Jubail,Eastern Province,Large,Household,10671.89,109,Cash,3.9,9.275368460755956,2026,2,Wednesday,97.91,HIGH,2026Q1,0,Medium CSAT,0
2026-01-08,Dhahran,Eastern Province,XLarge,Bakery,15842.79,236,Visa,4.2,9.670469786221865,2026,1,Thursday,67.13,HIGH,2026Q1,0,High CSAT,0
2025-11-16,Bisha,Asir,Medium,Personal Care,9507.28,99,Mada,3.5,9.15981309990808,2025,11,Sunday,96.03,MEDIUM,2025Q4,0,Medium CSAT,1
2024-11-28,Madinah North,Madinah,Large,Meat & Poultry,10395.97,93,Mada,3.8,9.249173510031937,2024,11,Thursday,111.78,HIGH,2024Q4,0,Medium CSAT,1
2025-05-19,Qatif,Eastern Province,XLarge,Baby Products,14840.66,114,Cash,3.8,9.605125990125947,2025,5,Monday,130.18,HIGH,2025Q2,0,Medium CSAT,0
2024-02-14,Tabuk Central,Tabuk,Medium,Meat & Poultry,4612.14,50,Cash,3.7,8.43644723652233,2024,2,Wednesday,92.24,LOW,2024Q1,0,Medium CSAT,0
2026-01-05,Hail Central,Hail,Small,Frozen Foods,1562.65,50,Cash,3.6,7.354138377002852,2026,1,Monday,31.25,LOW,2026Q1,0,Medium CSAT,0
2024-05-03,Tabuk Central,Tabuk,Medium,Clothing,9763.72,99,STC Pay,4.7,9.18642875432985,2024,5,Friday,98.62,MEDIUM,2024Q2,1,High CSAT,0
2024-12-14,Al Malaz,Riyadh,Large,Fresh Produce,21645.59,190,Mada,3.3,9.982557017531846,2024,12,Saturday,113.92,HIGH,2024Q4,1,Medium CSAT,1
2024-02-15,Madinah North,Madinah,Large,Dairy,8074.22,87,Apple Pay,3.4,8.996431548998071,2024,2,Thursday,92.81,MEDIUM,2024Q1,0,Medium CSAT,1
2026-05-12,Riyadh Central,Riyadh,Large,Baby Products,10438.16,111,STC Pay,4.2,9.25322360069289,2026,5,Tuesday,94.04,HIGH,2026Q2,0,High CSAT,0
2025-08-12,Madinah Central,Madinah,Small,Beverages,1710.59,50,Mada,3.9,7.444593619227571,2025,8,Tuesday,34.21,LOW,2025Q3,0,Medium CSAT,1
2025-07-23,Hail Central,Hail,Small,Electronics,3251.49,50,Visa,3.9,8.086868631800863,2025,7,Wednesday,65.03,LOW,2025Q3,0,Medium CSAT,0
2026-04-22,Jeddah East,Makkah,Large,Frozen Foods,9273.17,115,Mada,3.8,9.134880563426316,2026,4,Wednesday,80.64,MEDIUM,2026Q2,0,Medium CSAT,1
2024-07-21,Al Rawdah,Makkah,Large,Beverages,9385.01,117,Mada,3.9,9.146869014550143,2024,7,Sunday,80.21,MEDIUM,2024Q3,0,Medium CSAT,1
2025-01-10,Al Rawdah,Makkah,Large,Cleaning Supplies,10885.44,128,Mastercard,3.9,9.295181395451584,2025,1,Friday,85.04,HIGH,2025Q1,1,Medium CSAT,0
2025-12-05,Jeddah North,Makkah,XLarge,Cleaning Supplies,16191.15,205,Cash,3.7,9.69222007564999,2025,12,Friday,78.98,HIGH,2025Q4,1,Medium CSAT,0
2024-04-21,Tabuk Central,Tabuk,Medium,Fresh Produce,6452.91,59,Mada,4.2,8.772286470837185,2024,4,Sunday,109.37,MEDIUM,2024Q2,0,High CSAT,1
2024-08-22,Al Wajh,Tabuk,Medium,Fresh Produce,5530.58,66,Mastercard,4.2,8.618047971475912,2024,8,Thursday,83.8,MEDIUM,2024Q3,0,High CSAT,0
2025-04-08,Qatif,Eastern Province,XLarge,Baby Products,18551.74,179,Visa,3.7,9.82831886417567,2025,4,Tuesday,103.64,HIGH,2025Q2,0,Medium CSAT,0
2025-03-11,Hail Central,Hail,Small,Snacks & Confectionery,2474.64,50,Mada,2.9,7.813850209877798,2025,3,Tuesday,49.49,LOW,2025Q1,0,Low CSAT,1
2024-07-19,Riyadh North,Riyadh,Large,Meat & Poultry,13213.77,121,STC Pay,3.2,9.489014746656602,2024,7,Friday,109.2,HIGH,2024Q3,1,Medium CSAT,0
2026-03-26,Hittin,Riyadh,XLarge,Cleaning Supplies,17614.81,201,Mastercard,4.2,9.776495304455457,2026,3,Thursday,87.64,HIGH,2026Q1,0,High CSAT,0
2025-02-08,Najran Central,Najran,Medium,Personal Care,8657.8,99,Cash,3.7,9.066215927712015,2025,2,Saturday,87.45,MEDIUM,2025Q1,1,Medium CSAT,0
2024-07-03,Buraidah Central,Qassim,Medium,Bakery,3899.12,50,STC Pay,3.3,8.268506165631331,2024,7,Wednesday,77.98,LOW,2024Q3,0,Medium CSAT,0
2024-09-04,Riyadh West,Riyadh,Large,Fresh Produce,9888.97,110,Cash,3.8,9.19917527359161,2024,9,Wednesday,89.9,MEDIUM,2024Q3,0,Medium CSAT,0
2024-12-06,Al Anbariyah,Madinah,Large,Snacks & Confectionery,13308.54,132,Mada,3.9,9.496161213411623,2024,12,Friday,100.82,HIGH,2024Q4,1,Medium CSAT,1
2025-12-16,Madinah Central,Madinah,Small,Household,2968.36,50,Cash,3.4,7.995764890732312,2025,12,Tuesday,59.37,LOW,2025Q4,0,Medium CSAT,0
2024-03-23,Unaizah,Qassim,Small,Dairy,5067.77,54,Mada,3.7,8.530656157617198,2024,3,Saturday,93.85,MEDIUM,2024Q1,1,Medium CSAT,1
2026-03-09,Riyadh Central,Riyadh,Large,Clothing,9160.72,64,Apple Pay,3.7,9.12268005719924,2026,3,Monday,143.14,MEDIUM,2026Q1,0,Medium CSAT,1
2024-03-26,Riyadh North,Riyadh,Large,Frozen Foods,12756.28,162,Visa,4.0,9.45377897834373,2024,3,Tuesday,78.74,HIGH,2024Q1,0,Medium CSAT,0
2025-03-25,Al Olaya,Riyadh,Large,Fresh Produce,18460.33,175,Apple Pay,3.9,9.823379384386769,2025,3,Tuesday,105.49,HIGH,2025Q1,0,Medium CSAT,1
2026-01-06,Riyadh North,Riyadh,Large,Meat & Poultry,8930.29,77,Cash,4.3,9.09720414814728,2026,1,Tuesday,115.98,MEDIUM,2026Q1,0,High CSAT,0
2024-09-24,Al Khobar,Eastern Province,Large,Household,8599.37,73,Mastercard,3.5,9.059444223744308,2024,9,Tuesday,117.8,MEDIUM,2024Q3,0,Medium CSAT,0
2025-05-03,Unaizah,Qassim,Small,Household,3105.19,50,Mada,3.7,8.040830184121857,2025,5,Saturday,62.1,LOW,2025Q2,1,Medium CSAT,1
2024-11-17,Riyadh East,Riyadh,Large,Electronics,19992.78,149,Cash,3.5,9.903126487359941,2024,11,Sunday,134.18,HIGH,2024Q4,0,Medium CSAT,0
2024-01-03,Riyadh South,Riyadh,Large,Cleaning Supplies,8668.41,105,Visa,4.3,9.067440661952942,2024,1,Wednesday,82.56,MEDIUM,2024Q1,0,High CSAT,0
2025-06-26,Dammam Central,Eastern Province,Large,Fresh Produce,9134.36,70,Mada,4.1,9.119798406149785,2025,6,Thursday,130.49,MEDIUM,2025Q2,0,High CSAT,1
2025-06-07,Dammam Central,Eastern Province,Large,Dairy,9926.07,132,Mada,4.1,9.202919908308697,2025,6,Saturday,75.2,MEDIUM,2025Q2,1,High CSAT,1
2026-01-17,Khamis Mushait,Asir,Small,Toys,2511.58,50,Cash,3.0,7.828667316156808,2026,1,Saturday,50.23,LOW,2026Q1,1,Low CSAT,0
2024-09-03,Al Rawdah,Makkah,Large,Snacks & Confectionery,8213.26,102,Mada,3.8,9.013505200368058,2024,9,Tuesday,80.52,MEDIUM,2024Q3,0,Medium CSAT,1
2024-07-08,Buraidah Central,Qassim,Medium,Electronics,4996.62,99,STC Pay,3.7,8.516516962825213,2024,7,Monday,50.47,LOW,2024Q3,0,Medium CSAT,0
2024-09-15,Bisha,Asir,Medium,Fresh Produce,9201.130000000001,99,Visa,4.4,9.127081581581582,2024,9,Sunday,92.94,MEDIUM,2024Q3,0,High CSAT,0
2026-05-27,Al Anbariyah,Madinah,Large,Household,11013.17,108,STC Pay,3.8,9.306847108348357,2026,5,Wednesday,101.97,HIGH,2026Q2,0,Medium CSAT,0
2025-06-12,Madinah North,Madinah,Large,Toys,8117.55,74,Visa,3.6,9.001783663489906,2025,6,Thursday,109.7,MEDIUM,2025Q2,0,Medium CSAT,0
2024-05-24,Riyadh West,Riyadh,Large,Personal Care,13720.85,132,Mada,4.0,9.526671852713616,2024,5,Friday,103.95,HIGH,2024Q2,1,Medium CSAT,1
2025-02-21,Dhahran,Eastern Province,XLarge,Electronics,24586.93,217,Apple Pay,4.4,10.109970279917157,2025,2,Friday,113.3,HIGH,2025Q1,1,High CSAT,1
2025-03-17,Buraidah Central,Qassim,Medium,Dairy,5389.55,74,Cash,4.3,8.5922171724771,2025,3,Monday,72.83,MEDIUM,2025Q1,0,High CSAT,0
2026-04-21,Riyadh East,Riyadh,Large,Baby Products,12478.08,125,Mada,3.8,9.43172878393404,2026,4,Tuesday,99.82,HIGH,2026Q2,0,Medium CSAT,1
2024-02-13,Al Khobar,Eastern Province,Large,Frozen Foods,6932.86,85,Mada,3.7,8.84402770546008,2024,2,Tuesday,81.56,MEDIUM,2024Q1,0,Medium CSAT,1
2025-11-30,Unaizah,Qassim,Small,Fresh Produce,2814.32,50,Mastercard,3.4,7.942475948337674,2025,11,Sunday,56.29,LOW,2025Q4,0,Medium CSAT,0
2025-02-25,Dhahran,Eastern Province,XLarge,Snacks & Confectionery,9201.130000000001,188,Mada,3.6,9.127081581581582,2025,2,Tuesday,48.94,MEDIUM,2025Q1,0,Medium CSAT,1
2025-06-01,Buraidah Central,Qassim,Medium,Electronics,11003.42,75,Cash,3.8,9.3059614125492,2025,6,Sunday,146.71,HIGH,2025Q2,0,Medium CSAT,0
2024-07-01,Buraidah Central,Qassim,Medium,Dairy,4529.58,61,Cash,4.4,8.418384498946969,2024,7,Monday,74.26,LOW,2024Q3,0,High CSAT,0
2025-11-20,Riyadh South,Riyadh,Large,Electronics,17886.44,147,Cash,4.0,9.791798162849547,2025,11,Thursday,121.68,HIGH,2025Q4,0,Medium CSAT,0
2024-08-01,Al Rawdah,Makkah,Large,Snacks & Confectionery,11080.36,118,Visa,3.6,9.312929450748184,2024,8,Thursday,93.9,HIGH,2024Q3,0,Medium CSAT,0
2025-12-26,Jubail,Eastern Province,Large,Frozen Foods,11095.66,141,Apple Pay,4.3,9.314309319852526,2025,12,Friday,78.69,HIGH,2025Q4,1,High CSAT,1
2025-06-22,Arar Central,Northern Borders,Small,Cleaning Supplies,2355.32,50,Cash,3.9,7.764431878323551,2025,6,Sunday,47.11,LOW,2025Q2,0,Medium CSAT,0
2024-09-03,Al Aziziyah,Makkah,Large,Clothing,12707.81,97,Mada,3.5,9.4499720440658,2024,9,Tuesday,131.01,HIGH,2024Q3,0,Medium CSAT,1
2024-02-10,Madinah Central,Madinah,Large,Snacks & Confectionery,3281.97,50,Tabby,3.8,8.096199130840434,2024,2,Saturday,65.64,LOW,2024Q1,1,Medium CSAT,0
2025-05-23,Al Jawf Central,Al Jawf,Large,Dairy,2720.17,99,Mada,3.2,7.908449657336999,2025,5,Friday,27.48,LOW,2025Q2,1,Medium CSAT,1
2024-01-09,Buraidah Central,Qassim,Medium,Fresh Produce,3412.3,50,Tamara,3.8,8.135141829717087,2024,1,Tuesday,68.25,LOW,2024Q1,0,Medium CSAT,0
2025-08-23,Riyadh North,Riyadh,Large,Frozen Foods,10648.29,102,Cash,3.1,9.273154594865611,2025,8,Saturday,104.4,HIGH,2025Q3,1,Medium CSAT,0
2025-12-05,Madinah North,Madinah,Large,Beverages,12557.55,159,Mada,3.3,9.438077357300525,2025,12,Friday,78.98,HIGH,2025Q4,1,Medium CSAT,1
2026-04-22,Al Khobar,Eastern Province,Large,Fresh Produce,14611.03,176,Mada,4.4,9.58953200191753,2026,4,Wednesday,83.02,HIGH,2026Q2,0,High CSAT,1
2025-02-05,Al Rawdah,Makkah,Large,Snacks & Confectionery,7379.74,76,Cash,3.8,8.90649368662161,2025,2,Wednesday,97.1,MEDIUM,2025Q1,0,Medium CSAT,0
2025-09-10,Dhahran,Eastern Province,Large,Fresh Produce,12781.83,143,Apple Pay,3.9,9.455779910168722,2025,9,Wednesday,89.38,HIGH,2025Q3,0,Medium CSAT,1
2024-08-24,Madinah Central,Madinah,Small,Beverages,2815.0,50,Visa,4.1,7.942717540573791,2024,8,Saturday,56.3,LOW,2024Q3,1,High CSAT,0
2024-07-18,Tabuk Central,Tabuk,Medium,Frozen Foods,3894.04,52,Visa,3.6,8.267202458093049,2024,7,Thursday,74.89,LOW,2024Q3,0,Medium CSAT,0
2024-10-08,Hail Central,Hail,Small,Meat & Poultry,2532.48,50,STC Pay,3.8,7.836954338757005,2024,10,Tuesday,50.65,LOW,2024Q4,0,Medium CSAT,0
2024-05-13,Al Khobar,Eastern Province,Large,Meat & Poultry,10734.16,107,Apple Pay,3.3,9.281186458532147,2024,5,Monday,100.32,HIGH,2024Q2,0,Medium CSAT,1
2025-06-15,Riyadh East,Riyadh,Large,Fresh Produce,13366.17,126,Mada,3.9,9.500482166828977,2025,6,Sunday,106.08,HIGH,2025Q2,0,Medium CSAT,1
2024-02-26,Al Aziziyah,Makkah,Large,Fresh Produce,6935.67,88,STC Pay,3.8,8.844432939473844,2024,2,Monday,78.81,MEDIUM,2024Q1,0,Medium CSAT,0
2026-04-17,Al Malaz,Riyadh,Large,Electronics,25726.72,99,Mada,3.5,10.155285419497277,2026,4,Friday,259.87,HIGH,2026Q2,1,Medium CSAT,1
2024-06-28,Al Olaya,Riyadh,Large,Bakery,10615.53,132,Cash,4.4,9.270073302236195,2024,6,Friday,80.42,HIGH,2024Q2,1,High CSAT,0
2025-06-05,Al Wajh,Tabuk,Medium,Beverages,4590.13,50,Visa,3.1,8.431663625093606,2025,6,Thursday,91.8,LOW,2025Q2,0,Medium CSAT,0
2025-09-28,Jeddah North,Makkah,XLarge,Household,21649.31,196,Mastercard,4.1,9.98272886225301,2025,9,Sunday,110.46,HIGH,2025Q3,0,High CSAT,0
2024-04-28,Riyadh East,Riyadh,Large,Fresh Produce,12055.07,123,Visa,3.6,9.397240597317616,2024,4,Sunday,98.01,HIGH,2024Q2,0,Medium CSAT,0
2025-02-21,Makkah City,Makkah,Large,Bakery,7021.91,88,Mada,4.4,8.856790539784948,2025,2,Friday,79.79,MEDIUM,2025Q1,1,High CSAT,1
2025-12-08,Hail Central,Hail,Small,Personal Care,2802.42,50,Mada,3.8,7.938238608597747,2025,12,Monday,56.05,LOW,2025Q4,0,Medium CSAT,1
2026-04-02,Riyadh West,Riyadh,Large,Personal Care,11487.01,141,Mastercard,3.5,9.348972110694342,2026,4,Thursday,81.47,HIGH,2026Q2,0,Medium CSAT,0
2025-02-16,Jeddah South,Makkah,Large,Toys,14537.57,160,Visa,3.9,9.584491611948604,2025,2,Sunday,90.86,HIGH,2025Q1,0,Medium CSAT,0
2026-03-10,Khamis Mushait,Asir,Small,Snacks & Confectionery,2245.21,50,Apple Pay,3.6,7.716554337004322,2026,3,Tuesday,44.9,LOW,2026Q1,0,Medium CSAT,1
2024-04-01,Arar Central,Northern Borders,Small,Dairy,3909.4,50,Mada,3.0,8.271139188518921,2024,4,Monday,78.19,LOW,2024Q2,0,Low CSAT,1
2025-10-14,Khamis Mushait,Asir,Small,Bakery,2353.55,50,Cash,4.1,7.76368010556985,2025,10,Tuesday,47.07,LOW,2025Q4,0,High CSAT,0
2025-08-06,Dhahran,Eastern Province,XLarge,Baby Products,19576.89,163,Mada,4.1,9.882105067922325,2025,8,Wednesday,120.1,HIGH,2025Q3,0,High CSAT,1
2024-04-20,Al Aziziyah,Makkah,Large,Frozen Foods,14165.89,181,Mada,4.5,9.558592241212121,2024,4,Saturday,78.26,HIGH,2024Q2,1,High CSAT,1
2025-07-31,Bisha,Asir,Medium,Baby Products,5825.1,53,Mastercard,4.6,8.669931445668517,2025,7,Thursday,109.91,MEDIUM,2025Q3,0,High CSAT,0
2024-06-07,Najran Central,Najran,Large,Fresh Produce,5415.16,66,Mada,4.2,8.596957706551663,2024,6,Friday,82.05,MEDIUM,2024Q2,1,High CSAT,1
2024-11-12,Al Rawdah,Makkah,Large,Baby Products,12556.59,106,Visa,3.9,9.438000906344971,2024,11,Tuesday,118.46,HIGH,2024Q4,0,Medium CSAT,0
2025-11-17,Jubail,Eastern Province,Large,Cleaning Supplies,9481.86,128,STC Pay,3.2,9.157135778535514,2025,11,Monday,74.08,MEDIUM,2025Q4,0,Medium CSAT,0
2026-05-06,Riyadh North,Riyadh,Large,Dairy,9578.59,95,Mada,3.7,9.167285678504236,2026,5,Wednesday,100.83,MEDIUM,2026Q2,0,Medium CSAT,1
2025-11-10,Tabuk Central,Tabuk,Medium,Fresh Produce,4113.89,50,Visa,3.5,8.322124331887522,2025,11,Monday,82.28,LOW,2025Q4,0,Medium CSAT,0
2025-02-19,Jeddah North,Makkah,XLarge,Meat & Poultry,19152.61,186,Mada,4.4,9.860194277750022,2025,2,Wednesday,102.97,HIGH,2025Q1,0,High CSAT,1
2024-04-05,Dammam Central,Eastern Province,Large,Meat & Poultry,9201.130000000001,262,Mada,4.5,9.127081581581582,2024,4,Friday,35.12,MEDIUM,2024Q2,1,High CSAT,1
2025-07-29,Riyadh Central,Riyadh,Large,Beverages,8149.45,102,Mastercard,4.1,9.00570571929514,2025,7,Tuesday,79.9,MEDIUM,2025Q3,0,High CSAT,0
2026-02-23,Jeddah North,Makkah,Large,Household,13076.26,99,Tamara,4.0,9.478553651402922,2026,2,Monday,132.08,HIGH,2026Q1,0,Medium CSAT,0
2026-03-06,Al Aziziyah,Makkah,Large,Household,12634.74,113,Apple Pay,3.5,9.44420544185038,2026,3,Friday,111.81,HIGH,2026Q1,1,Medium CSAT,1
2026-05-20,Dhahran,Eastern Province,XLarge,Personal Care,16731.82,143,Cash,4.4,9.725067574674915,2026,5,Wednesday,117.01,HIGH,2026Q2,0,High CSAT,0
2024-01-02,Madinah Central,Madinah,Small,Snacks & Confectionery,1377.59,50,Mada,3.5,7.228090874645958,2024,1,Tuesday,27.55,LOW,2024Q1,0,Medium CSAT,1
2024-03-05,Khamis Mushait,Asir,Small,Fresh Produce,2880.98,50,Mada,3.6,7.965885793026416,2024,3,Tuesday,57.62,LOW,2024Q1,0,Medium CSAT,1
2026-04-13,Al Aziziyah,Makkah,Large,Snacks & Confectionery,10602.45,99,Cash,4.0,9.268840385468728,2026,4,Monday,107.1,HIGH,2026Q2,0,Medium CSAT,0
2025-01-19,Riyadh West,Riyadh,Large,Personal Care,13691.82,131,Mada,3.2,9.524553853200823,2025,1,Sunday,104.52,HIGH,2025Q1,0,Medium CSAT,1
2024-02-25,Jubail,Eastern Province,Large,Fresh Produce,11541.05,150,Visa,3.8,9.35366552379123,2024,2,Sunday,76.94,HIGH,2024Q1,0,Medium CSAT,0
2025-10-19,Hail Central,Hail,Small,Fresh Produce,3074.79,50,Mada,3.6,8.03099188522564,2025,10,Sunday,61.5,LOW,2025Q4,0,Medium CSAT,1
2025-03-27,Al Bahah Central,Al Bahah,Small,Dairy,3065.49,50,Mastercard,3.8,8.027962705086836,2025,3,Thursday,61.31,LOW,2025Q1,0,Medium CSAT,0
2024-05-23,Hail Central,Hail,Small,Frozen Foods,2434.09,50,Cash,3.7,7.797328249034783,2024,5,Thursday,48.68,LOW,2024Q2,0,Medium CSAT,0
2026-02-02,Al Malaz,Riyadh,Large,Frozen Foods,9659.22,124,STC Pay,3.9,9.175668178604868,2026,2,Monday,77.9,MEDIUM,2026Q1,0,Medium CSAT,0
2024-06-13,Riyadh South,Riyadh,Large,Baby Products,11112.46,87,Apple Pay,4.7,9.315822280265625,2024,6,Thursday,127.73,HIGH,2024Q2,0,High CSAT,1
2024-09-26,Unaizah,Qassim,Small,Fresh Produce,1794.22,50,Mada,3.7,7.4923256660923725,2024,9,Thursday,35.88,LOW,2024Q3,0,Medium CSAT,1
2024-11-17,Makkah City,Makkah,Large,Baby Products,15948.23,133,STC Pay,3.4,9.677103130268332,2024,11,Sunday,119.91,HIGH,2024Q4,0,Medium CSAT,0
2025-04-20,Al Malaz,Riyadh,Large,Snacks & Confectionery,10846.49,153,Mada,4.1,9.2915968043263,2025,4,Sunday,70.89,HIGH,2025Q2,0,High CSAT,1
2024-03-21,Al Olaya,Riyadh,Large,Electronics,23726.94,154,Apple Pay,3.8,10.07436639041963,2024,3,Thursday,154.07,HIGH,2024Q1,0,Medium CSAT,1
2024-05-15,Jubail,Eastern Province,Large,Household,10047.32,119,Mada,4.3,9.215061211258677,2024,5,Wednesday,84.43,HIGH,2024Q2,0,High CSAT,1
2024-08-11,Al Aziziyah,Makkah,Large,Cleaning Supplies,10764.31,140,Mada,3.3,9.283991311134805,2024,8,Sunday,76.89,HIGH,2024Q3,0,Medium CSAT,1
2025-08-15,Jeddah South,Makkah,Large,Fresh Produce,10641.45,113,Visa,3.4,9.272512031806095,2025,8,Friday,94.17,HIGH,2025Q3,1,Medium CSAT,0
2025-03-17,Al Olaya,Riyadh,Large,Fresh Produce,14290.96,121,Mada,3.8,9.567382448513495,2025,3,Monday,118.11,HIGH,2025Q1,0,Medium CSAT,1
2025-07-01,Najran Central,Najran,Medium,Fresh Produce,3539.25,50,Apple Pay,4.0,8.171670119274607,2025,7,Tuesday,70.78,LOW,2025Q3,0,Medium CSAT,1
2024-06-23,Al Jawf Central,Al Jawf,Small,Electronics,4888.04,50,Visa,4.2,8.494546684124003,2024,6,Sunday,97.76,LOW,2024Q2,0,High CSAT,0
2026-04-27,Unaizah,Qassim,Small,Personal Care,2197.22,99,STC Pay,3.0,7.694948203921121,2026,4,Monday,22.19,LOW,2026Q2,0,Low CSAT,0
2024-06-24,Tabuk Central,Tabuk,Medium,Meat & Poultry,5376.61,55,Apple Pay,3.6,8.589813343027968,2024,6,Monday,97.76,MEDIUM,2024Q2,0,Medium CSAT,1
2026-04-26,Al Wajh,Tabuk,Medium,Snacks & Confectionery,6475.18,70,Cash,3.4,8.775731685409147,2026,4,Sunday,92.5,MEDIUM,2026Q2,0,Medium CSAT,0
2024-06-30,Al Jawf Central,Al Jawf,Small,Baby Products,3304.13,50,Mada,3.2,8.102928480113798,2024,6,Sunday,66.08,LOW,2024Q2,0,Medium CSAT,1
2025-05-19,Riyadh North,Riyadh,Large,Personal Care,10579.41,121,Mada,3.6,9.266664938261869,2025,5,Monday,87.43,HIGH,2025Q2,0,Medium CSAT,1
2025-11-05,Al Malaz,Riyadh,Large,Fresh Produce,12602.63,147,Mada,4.5,9.441660801317191,2025,11,Wednesday,85.73,HIGH,2025Q4,0,High CSAT,1
2024-01-16,Abha Central,Asir,Small,Household,2625.06,50,Cash,4.6,7.87285903190736,2024,1,Tuesday,52.5,LOW,2024Q1,0,High CSAT,0
2025-02-18,Al Anbariyah,Madinah,Large,Frozen Foods,8644.99,99,Apple Pay,4.3,9.064735241378722,2025,2,Tuesday,87.32,MEDIUM,2025Q1,0,High CSAT,1
2024-12-01,Makkah City,Makkah,Large,Baby Products,18706.91,196,Tabby,4.8,9.836648253304029,2024,12,Sunday,95.44,HIGH,2024Q4,0,High CSAT,0
2026-03-02,Unaizah,Qassim,Small,Bakery,2008.17,50,Visa,3.8,7.604979138582631,2026,3,Monday,40.16,LOW,2026Q1,0,Medium CSAT,0
2024-05-09,Jeddah South,Makkah,Large,Electronics,16982.56,121,Cash,3.0,9.739942214107943,2024,5,Thursday,140.35,HIGH,2024Q2,0,Low CSAT,0
2025-11-09,Madinah Central,Madinah,Small,Beverages,3780.42,50,Mastercard,3.6,8.237590393552361,2025,11,Sunday,75.61,LOW,2025Q4,0,Medium CSAT,0
2024-11-01,Makkah City,Makkah,Large,Meat & Poultry,20055.2,199,Visa,4.9,9.906243750729844,2024,11,Friday,100.78,HIGH,2024Q4,1,High CSAT,0
2025-10-24,Riyadh West,Riyadh,Large,Meat & Poultry,12338.23,117,Visa,4.4,9.420457851190903,2025,10,Friday,105.45,HIGH,2025Q4,1,High CSAT,0
2025-12-12,Riyadh East,Riyadh,Large,Fresh Produce,15415.93,200,Mada,3.6,9.643156669346997,2025,12,Friday,77.08,HIGH,2025Q4,1,Medium CSAT,1
2025-02-15,Unaizah,Qassim,Small,Beverages,2743.45,50,Tabby,4.0,7.916971531437747,2025,2,Saturday,54.87,LOW,2025Q1,1,Medium CSAT,0
2024-10-08,Hail Central,Hail,Small,Electronics,3072.66,50,Mastercard,4.5,8.03029891494195,2024,10,Tuesday,61.45,LOW,2024Q4,0,High CSAT,0
2025-05-21,Arar Central,Northern Borders,Small,Beverages,2104.16,50,Apple Pay,3.2,7.651671616593655,2025,5,Wednesday,42.08,LOW,2025Q2,0,Medium CSAT,1
2026-01-05,Al Bahah Central,Al Bahah,Small,Snacks & Confectionery,2145.42,50,Visa,3.4,7.671090616390782,2026,1,Monday,42.91,LOW,2026Q1,0,Medium CSAT,0
2025-05-20,Al Aziziyah,Makkah,Large,Electronics,16442.63,133,Mada,3.4,9.707632631484527,2025,5,Tuesday,123.63,HIGH,2025Q2,0,Medium CSAT,1
2025-11-29,Jeddah East,Makkah,Large,Bakery,14213.34,155,Mada,3.7,9.561936239214658,2025,11,Saturday,91.7,HIGH,2025Q4,1,Medium CSAT,1
2025-11-10,Riyadh North,Riyadh,Large,Meat & Poultry,9201.130000000001,162,Mada,3.4,9.127081581581582,2025,11,Monday,56.8,MEDIUM,2025Q4,0,Medium CSAT,1
2024-02-01,Riyadh East,Riyadh,Large,Fresh Produce,10056.2,129,Mada,3.4,9.215944638696014,2024,2,Thursday,77.96,HIGH,2024Q1,0,Medium CSAT,1
2026-05-22,Qatif,Eastern Province,XLarge,Bakery,15666.3,245,Mada,3.8,9.659267187494883,2026,5,Friday,63.94,HIGH,2026Q2,1,Medium CSAT,1
2026-04-26,Hafuf,Eastern Province,Medium,Fresh Produce,8628.3,113,Visa,3.7,9.06280277741917,2026,4,Sunday,76.36,MEDIUM,2026Q2,0,Medium CSAT,0
2025-11-30,Makkah City,Makkah,Large,Personal Care,15894.68,151,Mada,4.3,9.673739741025232,2025,11,Sunday,105.26,HIGH,2025Q4,0,High CSAT,1
2025-07-13,Al Aziziyah,Makkah,Large,Cleaning Supplies,13377.0,201,Mada,3.2,9.501292093295586,2025,7,Sunday,66.55,HIGH,2025Q3,0,Medium CSAT,1
2024-09-23,Jeddah South,Makkah,Large,Toys,7478.11,73,Visa,3.2,8.91973536524433,2024,9,Monday,102.44,MEDIUM,2024Q3,0,Medium CSAT,0
2024-07-01,Najran Central,Najran,Medium,Meat & Poultry,6465.3,50,Visa,4.8,8.774204693841636,2024,7,Monday,129.31,MEDIUM,2024Q3,0,High CSAT,0
2025-08-26,Bisha,Asir,Medium,Toys,4154.82,50,Visa,3.7,8.332024385051515,2025,8,Tuesday,83.1,LOW,2025Q3,0,Medium CSAT,0
2024-04-18,Al Jawf Central,Al Jawf,Small,Meat & Poultry,3537.83,50,Tabby,3.4,8.171268823819686,2024,4,Thursday,70.76,LOW,2024Q2,0,Medium CSAT,0
2025-06-15,Al Bahah Central,Al Bahah,Small,Meat & Poultry,2952.07,50,Mada,3.1,7.990261898176348,2025,6,Sunday,59.04,LOW,2025Q2,0,Medium CSAT,1
2026-04-24,Al Khobar,Eastern Province,Large,Electronics,18710.14,132,Visa,3.4,9.83682090186975,2026,4,Friday,141.74,HIGH,2026Q2,1,Medium CSAT,0
2026-04-24,Al Jawf Central,Al Jawf,Small,Cleaning Supplies,3063.67,50,Mada,3.5,8.027368822710297,2026,4,Friday,61.27,LOW,2026Q2,1,Medium CSAT,1
2026-05-03,Buraidah Central,Qassim,Medium,Personal Care,7699.98,73,Cash,3.8,8.948973010435804,2026,5,Sunday,105.48,MEDIUM,2026Q2,0,Medium CSAT,0
2024-08-03,Abha Central,Asir,Small,Fresh Produce,2976.4,50,Cash,3.7,7.998469795523106,2024,8,Saturday,59.53,LOW,2024Q3,1,Medium CSAT,0
2026-01-16,Al Rawdah,Makkah,Large,Personal Care,10236.93,95,Mada,3.6,9.233757048955589,2026,1,Friday,107.76,HIGH,2026Q1,1,Medium CSAT,1
2024-04-09,Buraidah Central,Qassim,Medium,Beverages,6879.69,92,Cash,4.1,8.836328871772706,2024,4,Tuesday,74.78,MEDIUM,2024Q2,0,High CSAT,0
2024-02-06,Al Malaz,Riyadh,Large,Fresh Produce,9787.8,103,Visa,4.4,9.188891991170312,2024,2,Tuesday,95.03,MEDIUM,2024Q1,0,High CSAT,0
2025-04-29,Buraidah Central,Qassim,Medium,Personal Care,6373.23,76,Apple Pay,3.8,8.759861684416723,2025,4,Tuesday,83.86,MEDIUM,2025Q2,0,Medium CSAT,1
2024-10-05,Riyadh Central,Riyadh,Large,Bakery,11764.89,157,Visa,3.8,9.372874951351498,2024,10,Saturday,74.94,HIGH,2024Q4,1,Medium CSAT,0
2024-12-04,Makkah City,Makkah,Large,Cleaning Supplies,9951.34,141,Mada,3.4,9.20546249445183,2024,12,Wednesday,70.58,MEDIUM,2024Q4,0,Medium CSAT,1
2026-03-02,Jubail,Eastern Province,Large,Meat & Poultry,12266.53,122,Visa,3.7,9.4146296941225,2026,3,Monday,100.55,HIGH,2026Q1,0,Medium CSAT,0
2025-05-19,Makkah City,Makkah,Large,Household,10724.26,127,STC Pay,4.6,9.28026374374677,2025,5,Monday,84.44,HIGH,2025Q2,0,High CSAT,0
2025-07-08,Dammam Central,Eastern Province,Large,Frozen Foods,9123.92,100,Mada,4.3,9.118654815281666,2025,7,Tuesday,91.24,MEDIUM,2025Q3,0,High CSAT,1
2024-07-01,Al Khobar,Eastern Province,Large,Dairy,7489.29,97,Mada,3.3,8.921229278960709,2024,7,Monday,77.21,MEDIUM,2024Q3,0,Medium CSAT,1
2026-04-11,Al Malaz,Riyadh,Large,Baby Products,22449.64,173,STC Pay,3.9,10.019029857407084,2026,4,Saturday,129.77,HIGH,2026Q2,1,Medium CSAT,0
2026-03-31,Jeddah North,Makkah,XLarge,Clothing,9201.130000000001,175,STC Pay,4.0,9.127081581581582,2026,3,Tuesday,52.58,MEDIUM,2026Q1,0,Medium CSAT,0
2024-08-30,Riyadh West,Riyadh,Large,Cleaning Supplies,8173.31,120,Apple Pay,4.0,9.008629246565565,2024,8,Friday,68.11,MEDIUM,2024Q3,1,Medium CSAT,1
2024-08-01,Riyadh West,Riyadh,Large,Meat & Poultry,8722.04,64,Mada,3.8,9.0736084344963,2024,8,Thursday,136.28,MEDIUM,2024Q3,0,Medium CSAT,1
2025-07-22,Al Wajh,Tabuk,Medium,Toys,5334.55,99,Mada,3.3,8.581959811537258,2025,7,Tuesday,53.88,MEDIUM,2025Q3,0,Medium CSAT,1
2025-08-23,Khamis Mushait,Asir,Small,Fresh Produce,3544.59,50,Tabby,3.5,8.173177776424259,2025,8,Saturday,70.89,LOW,2025Q3,1,Medium CSAT,0
2025-03-09,Madinah Central,Madinah,Small,Clothing,5818.46,50,STC Pay,3.5,8.668790900900458,2025,3,Sunday,116.37,MEDIUM,2025Q1,0,Medium CSAT,0
2024-05-12,Riyadh Central,Riyadh,Large,Household,13181.71,144,Mada,3.6,9.486585541674112,2024,5,Sunday,91.54,HIGH,2024Q2,0,Medium CSAT,1
2024-10-21,Abha Central,Asir,Small,Baby Products,2161.72,50,Apple Pay,3.8,7.678659480098818,2024,10,Monday,43.23,LOW,2024Q4,0,Medium CSAT,1
2026-01-24,Al Olaya,Riyadh,Large,Snacks & Confectionery,10104.33,99,Visa,4.2,9.220719323829531,2026,1,Saturday,102.06,HIGH,2026Q1,1,High CSAT,0
2025-10-03,Riyadh Central,Riyadh,Large,Fresh Produce,9201.130000000001,122,Cash,4.1,9.127081581581582,2025,10,Friday,75.42,MEDIUM,2025Q4,1,High CSAT,0
2025-05-16,Al Anbariyah,Madinah,Large,Toys,10147.96,105,Cash,4.0,9.225027979048022,2025,5,Friday,96.65,HIGH,2025Q2,1,Medium CSAT,0
2026-02-24,Jeddah South,Makkah,Large,Household,9326.98,99,Mada,4.0,9.140666554412352,2026,2,Tuesday,94.21,MEDIUM,2026Q1,0,Medium CSAT,1
2025-04-20,Najran Central,Najran,Medium,Frozen Foods,7337.62,78,Visa,3.8,8.900769818346744,2025,4,Sunday,94.07,MEDIUM,2025Q2,0,Medium CSAT,0
2024-05-18,Najran Central,Najran,Medium,Snacks & Confectionery,6047.41,86,Mada,3.4,8.707385360190722,2024,5,Saturday,70.32,MEDIUM,2024Q2,1,Medium CSAT,1
2025-01-26,Arar Central,Northern Borders,Large,Household,3941.89,50,Mada,3.3,8.27941558270638,2025,1,Sunday,78.84,LOW,2025Q1,0,Medium CSAT,1
2026-01-05,Jeddah East,Makkah,Large,Fresh Produce,8408.76,92,Cash,3.7,9.03702929857651,2026,1,Monday,91.4,MEDIUM,2026Q1,0,Medium CSAT,0
2025-08-01,Al Rawdah,Makkah,Large,Baby Products,14861.53,167,STC Pay,3.6,9.606531273940679,2025,8,Friday,88.99,HIGH,2025Q3,1,Medium CSAT,0
2024-07-05,Jubail,Eastern Province,Large,Personal Care,9907.43,107,Visa,3.8,9.2010402596851,2024,7,Friday,92.59,MEDIUM,2024Q3,1,Medium CSAT,0
2026-01-20,Al Olaya,Riyadh,Large,Dairy,9201.130000000001,109,Cash,3.0,9.127081581581582,2026,1,Tuesday,84.41,MEDIUM,2026Q1,0,Low CSAT,0
2024-08-29,Dhahran,Eastern Province,XLarge,Fresh Produce,17125.89,220,Mada,3.3,9.74834663258291,2024,8,Thursday,77.84,HIGH,2024Q3,0,Medium CSAT,1
2024-07-27,Unaizah,Qassim,Large,Baby Products,3220.65,50,Cash,4.4,8.077338481520826,2024,7,Saturday,64.41,LOW,2024Q3,1,High CSAT,0
2026-01-24,Arar Central,Northern Borders,Small,Beverages,3369.25,50,Mada,3.6,8.12244544664927,2026,1,Saturday,67.39,LOW,2026Q1,1,Medium CSAT,1
2024-09-24,Qatif,Eastern Province,XLarge,Personal Care,20498.52,254,Mada,4.1,9.928107967398356,2024,9,Tuesday,80.7,HIGH,2024Q3,0,High CSAT,1
2024-07-03,Hittin,Riyadh,XLarge,Personal Care,19528.12,234,Visa,4.5,9.879610757076447,2024,7,Wednesday,83.45,HIGH,2024Q3,0,High CSAT,0
2024-03-12,Hail Central,Hail,Small,Meat & Poultry,3297.92,50,Visa,3.6,8.101047245699805,2024,3,Tuesday,65.96,LOW,2024Q1,0,Medium CSAT,0
2025-05-24,Buraidah Central,Qassim,Medium,Bakery,6609.93,95,Apple Pay,3.8,8.79632834277453,2025,5,Saturday,69.58,MEDIUM,2025Q2,1,Medium CSAT,1
2024-09-05,Buraidah Central,Qassim,Medium,Fresh Produce,6090.04,50,Mada,4.6,8.714409928826871,2024,9,Thursday,121.8,MEDIUM,2024Q3,0,High CSAT,1
2026-03-23,Makkah City,Makkah,Large,Frozen Foods,8708.23,107,Cash,3.8,9.072023834499893,2026,3,Monday,81.39,MEDIUM,2026Q1,0,Medium CSAT,0
2024-09-28,Riyadh East,Riyadh,Large,Beverages,15643.94,206,Mastercard,3.9,9.657838900531818,2024,9,Saturday,75.94,HIGH,2024Q3,1,Medium CSAT,0
2025-06-15,Arar Central,Northern Borders,Small,Snacks & Confectionery,2526.18,50,Mada,3.4,7.834463559279005,2025,6,Sunday,50.52,LOW,2025Q2,0,Medium CSAT,1
2025-11-14,Abha Central,Asir,Small,Fresh Produce,3135.84,50,Mada,3.0,8.05065235976055,2025,11,Friday,62.72,LOW,2025Q4,1,Low CSAT,1
2026-03-28,Riyadh South,Riyadh,Large,Frozen Foods,17621.06,240,Apple Pay,3.9,9.776850056591025,2026,3,Saturday,73.42,HIGH,2026Q1,1,Medium CSAT,1
2024-08-29,Dhahran,Eastern Province,XLarge,Clothing,26100.47,255,Apple Pay,3.8,10.169708600811484,2024,8,Thursday,102.35,HIGH,2024Q3,0,Medium CSAT,1
2024-04-22,Jubail,Eastern Province,Large,Meat & Poultry,13130.82,137,Tabby,4.2,9.482717417745858,2024,4,Monday,95.85,HIGH,2024Q2,0,High CSAT,0
2024-01-24,Al Malaz,Riyadh,Large,Clothing,13517.95,99,STC Pay,3.4,9.511773710881451,2024,1,Wednesday,136.54,HIGH,2024Q1,0,Medium CSAT,0
2025-11-10,Hafuf,Eastern Province,Medium,Dairy,3425.32,50,Mastercard,3.8,8.138950176988889,2025,11,Monday,68.51,LOW,2025Q4,0,Medium CSAT,0
2024-01-06,Al Aziziyah,Makkah,Large,Baby Products,9201.130000000001,133,Mastercard,3.5,9.127081581581582,2024,1,Saturday,69.18,MEDIUM,2024Q1,1,Medium CSAT,0
2024-04-05,Al Bahah Central,Al Bahah,Small,Fresh Produce,5209.56,55,Visa,3.6,8.558250678206011,2024,4,Friday,94.72,MEDIUM,2024Q2,1,Medium CSAT,0
2024-04-30,Jeddah South,Makkah,Large,Cleaning Supplies,11788.12,99,Mada,3.6,9.37484752364968,2024,4,Tuesday,119.07,HIGH,2024Q2,0,Medium CSAT,1
2024-02-24,Makkah City,Makkah,Large,Frozen Foods,10145.62,123,Cash,3.7,9.224797364241727,2024,2,Saturday,82.48,HIGH,2024Q1,1,Medium CSAT,0
2024-02-12,Jeddah East,Makkah,Large,Frozen Foods,6413.0,71,Mastercard,3.9,8.766082459148864,2024,2,Monday,90.32,MEDIUM,2024Q1,0,Medium CSAT,0
2026-02-17,Buraidah Central,Qassim,Medium,Bakery,3530.86,55,Mastercard,3.9,8.169296746317656,2026,2,Tuesday,64.2,LOW,2026Q1,0,Medium CSAT,0
2025-03-17,Al Aziziyah,Makkah,Large,Bakery,10861.09,116,Mada,4.1,9.292941956775488,2025,3,Monday,93.63,HIGH,2025Q1,0,High CSAT,1
2026-03-06,Dhahran,Eastern Province,XLarge,Fresh Produce,22529.33,278,Mada,3.8,10.022573294857162,2026,3,Friday,81.04,HIGH,2026Q1,1,Medium CSAT,1
2025-10-02,Bisha,Asir,Medium,Cleaning Supplies,4848.73,71,Visa,3.8,8.486472093971244,2025,10,Thursday,68.29,LOW,2025Q4,0,Medium CSAT,0
2024-05-17,Jubail,Eastern Province,Large,Dairy,8489.44,90,Apple Pay,3.3,9.046578317177055,2024,5,Friday,94.33,MEDIUM,2024Q2,1,Medium CSAT,1
2024-12-24,Abha Central,Asir,Small,Snacks & Confectionery,9201.130000000001,50,Mastercard,3.3,9.127081581581582,2024,12,Tuesday,184.02,MEDIUM,2024Q4,0,Medium CSAT,0
2026-04-04,Riyadh Central,Riyadh,Large,Toys,22657.15,245,Mada,3.9,10.028230754386033,2026,4,Saturday,92.48,HIGH,2026Q2,1,Medium CSAT,1
2026-03-05,Riyadh North,Riyadh,Large,Baby Products,9817.56,79,Mada,3.8,9.191927897969013,2026,3,Thursday,124.27,MEDIUM,2026Q1,0,Medium CSAT,1
2025-01-02,Al Wajh,Tabuk,Medium,Household,5698.38,54,Apple Pay,4.3,8.64793720290086,2025,1,Thursday,105.53,MEDIUM,2025Q1,0,High CSAT,1
2024-03-17,Al Anbariyah,Madinah,Large,Frozen Foods,24197.89,222,Tamara,4.4,10.094020718260857,2024,3,Sunday,109.0,HIGH,2024Q1,0,High CSAT,0
2025-03-08,Riyadh South,Riyadh,Large,Personal Care,18627.81,194,Visa,3.8,9.832410904350873,2025,3,Saturday,96.02,HIGH,2025Q1,1,Medium CSAT,0
2025-02-26,Riyadh North,Riyadh,Large,Fresh Produce,7446.22,75,Mastercard,4.1,8.915461800061188,2025,2,Wednesday,99.28,MEDIUM,2025Q1,0,High CSAT,0
2024-06-11,Al Anbariyah,Madinah,Large,Toys,10579.88,117,Mada,3.6,9.266709363192959,2024,6,Tuesday,90.43,HIGH,2024Q2,0,Medium CSAT,1
2024-02-03,Al Khobar,Eastern Province,Large,Fresh Produce,11320.16,131,STC Pay,3.4,9.334340485932904,2024,2,Saturday,86.41,HIGH,2024Q1,1,Medium CSAT,0
2025-01-12,Hail Central,Hail,Small,Frozen Foods,2738.61,50,Mada,3.9,7.915205771392233,2025,1,Sunday,54.77,LOW,2025Q1,0,Medium CSAT,1
2025-01-15,Hafuf,Eastern Province,Medium,Snacks & Confectionery,3814.44,54,Mada,3.9,8.246549143953173,2025,1,Wednesday,70.64,LOW,2025Q1,0,Medium CSAT,1
2025-04-17,Al Anbariyah,Madinah,Large,Fresh Produce,11835.96,134,Apple Pay,3.6,9.378897633994281,2025,4,Thursday,88.33,HIGH,2025Q2,0,Medium CSAT,1
2024-05-05,Al Jawf Central,Al Jawf,Small,Electronics,3175.19,50,Apple Pay,3.4,8.063122752055985,2024,5,Sunday,63.5,LOW,2024Q2,0,Medium CSAT,1
2024-10-09,Bisha,Asir,Medium,Fresh Produce,5969.97,57,Visa,3.8,8.694497181248394,2024,10,Wednesday,104.74,MEDIUM,2024Q4,0,Medium CSAT,0
2024-01-14,Unaizah,Qassim,Small,Snacks & Confectionery,2685.65,50,Mada,3.7,7.89567806330604,2024,1,Sunday,53.71,LOW,2024Q1,0,Medium CSAT,1
2024-12-16,Al Olaya,Riyadh,Large,Beverages,11025.12,113,Cash,3.9,9.307931584609554,2024,12,Monday,97.57,HIGH,2024Q4,0,Medium CSAT,0
2024-04-14,Hail Central,Hail,Small,Beverages,3010.96,50,Cash,4.4,8.010014243770444,2024,4,Sunday,60.22,LOW,2024Q2,0,High CSAT,0
2025-06-27,Abha Central,Asir,Small,Beverages,2990.3,50,Mada,3.8,8.00312899579973,2025,6,Friday,59.81,LOW,2025Q2,1,Medium CSAT,1
2025-03-12,Hail Central,Hail,Small,Personal Care,3946.43,50,Mada,3.8,8.280566651755626,2025,3,Wednesday,78.93,LOW,2025Q1,0,Medium CSAT,1
2024-12-07,Riyadh Central,Riyadh,Large,Clothing,9201.130000000001,178,Mada,3.2,9.127081581581582,2024,12,Saturday,51.69,MEDIUM,2024Q4,1,Medium CSAT,1
2024-09-17,Hail Central,Hail,Small,Cleaning Supplies,2216.76,50,Cash,4.0,7.703801949358547,2024,9,Tuesday,44.34,LOW,2024Q3,0,Medium CSAT,0
2025-08-22,Hafuf,Eastern Province,Medium,Bakery,3860.44,50,Apple Pay,3.9,8.258536445599857,2025,8,Friday,77.21,LOW,2025Q3,1,Medium CSAT,1
2025-02-16,Dammam Central,Eastern Province,Large,Fresh Produce,11554.3,152,Visa,3.8,9.35481294103788,2025,2,Sunday,76.02,HIGH,2025Q1,0,Medium CSAT,0
2026-02-12,Riyadh North,Riyadh,Large,Fresh Produce,7067.95,76,Mada,2.9,8.86332575927761,2026,2,Thursday,93.0,MEDIUM,2026Q1,0,Low CSAT,1
2024-01-21,Riyadh East,Riyadh,Large,Dairy,12878.42,143,Apple Pay,4.0,9.463308321326211,2024,1,Sunday,90.06,HIGH,2024Q1,0,Medium CSAT,1
2026-04-20,Riyadh West,Riyadh,Large,Frozen Foods,11971.55,155,Visa,3.8,9.39028828056151,2026,4,Monday,77.24,HIGH,2026Q2,0,Medium CSAT,0
2025-11-14,Madinah North,Madinah,Large,Electronics,24915.04,213,Cash,3.8,10.123226916172776,2025,11,Friday,116.97,HIGH,2025Q4,1,Medium CSAT,0
2024-02-08,Al Jawf Central,Al Jawf,Small,Dairy,9201.130000000001,50,Apple Pay,3.8,9.127081581581582,2024,2,Thursday,184.02,MEDIUM,2024Q1,0,Medium CSAT,1
2025-05-19,Buraidah Central,Qassim,Medium,Clothing,6136.64,99,Visa,3.6,8.722032640085152,2025,5,Monday,61.99,MEDIUM,2025Q2,0,Medium CSAT,0
2026-04-13,Hittin,Riyadh,XLarge,Personal Care,18953.97,219,Cash,4.8,9.849768687249528,2026,4,Monday,86.55,HIGH,2026Q2,0,High CSAT,0
2024-08-09,Jeddah North,Makkah,XLarge,Baby Products,23326.22,220,Visa,3.5,10.057333328742144,2024,8,Friday,106.03,HIGH,2024Q3,1,Medium CSAT,0
2024-08-26,Madinah North,Madinah,Large,Frozen Foods,10006.47,99,Mada,3.6,9.210987162761919,2024,8,Monday,101.08,HIGH,2024Q3,0,Medium CSAT,1
2025-08-19,Al Khobar,Eastern Province,Large,Fresh Produce,9327.98,108,Apple Pay,3.4,9.140773764505642,2025,8,Tuesday,86.37,MEDIUM,2025Q3,0,Medium CSAT,1
2025-12-29,Riyadh West,Riyadh,Large,Dairy,10969.9,158,Apple Pay,4.0,9.302910437457445,2025,12,Monday,69.43,HIGH,2025Q4,0,Medium CSAT,1
2025-04-23,Al Rawdah,Makkah,Large,Beverages,8332.8,113,Apple Pay,3.7,9.02795481313414,2025,4,Wednesday,73.74,MEDIUM,2025Q2,0,Medium CSAT,1
2024-04-01,Al Olaya,Riyadh,Large,Snacks & Confectionery,13808.22,179,Mastercard,3.4,9.533019345988867,2024,4,Monday,77.14,HIGH,2024Q2,0,Medium CSAT,0
2024-04-07,Al Anbariyah,Madinah,Large,Cleaning Supplies,24093.23,314,Mada,3.4,10.089686167152268,2024,4,Sunday,76.73,HIGH,2024Q2,0,Medium CSAT,1
2024-08-28,Al Malaz,Riyadh,Large,Toys,9032.36,99,Visa,2.5,9.108568963316843,2024,8,Wednesday,91.24,MEDIUM,2024Q3,0,Low CSAT,0
2024-05-30,Hail Central,Hail,Small,Fresh Produce,2693.63,99,Cash,3.6,7.898645005295981,2024,5,Thursday,27.21,LOW,2024Q2,0,Medium CSAT,0
2025-05-30,Unaizah,Qassim,Small,Baby Products,3347.4,50,Visa,3.8,8.115939204079538,2025,5,Friday,66.95,LOW,2025Q2,1,Medium CSAT,0
2025-02-12,Unaizah,Qassim,Small,Dairy,2145.81,50,Apple Pay,2.9,7.671272382458354,2025,2,Wednesday,42.92,LOW,2025Q1,0,Low CSAT,1
2024-12-30,Hail Central,Hail,Small,Frozen Foods,2378.9,50,Tamara,4.0,7.7743934749512205,2024,12,Monday,47.58,LOW,2024Q4,0,Medium CSAT,0
2025-07-06,Riyadh Central,Riyadh,Large,Snacks & Confectionery,9295.49,102,Cash,3.7,9.137284615280333,2025,7,Sunday,91.13,MEDIUM,2025Q3,0,Medium CSAT,0
2024-11-23,Najran Central,Najran,Medium,Fresh Produce,8101.61,102,Apple Pay,3.7,8.999818086341397,2024,11,Saturday,79.43,MEDIUM,2024Q4,1,Medium CSAT,1
2024-04-03,Bisha,Asir,Medium,Clothing,12648.1,129,Visa,3.9,9.445262285246415,2024,4,Wednesday,98.05,HIGH,2024Q2,0,Medium CSAT,0
2025-11-21,Al Bahah Central,Al Bahah,Large,Dairy,3236.86,50,Mastercard,3.2,8.082359003068172,2025,11,Friday,64.74,LOW,2025Q4,1,Medium CSAT,0
2026-01-13,Arar Central,Northern Borders,Small,Personal Care,2464.53,50,STC Pay,3.4,7.809756398925878,2026,1,Tuesday,49.29,LOW,2026Q1,0,Medium CSAT,0
2025-11-11,Najran Central,Najran,Medium,Dairy,5108.55,66,Mada,4.4,8.538670885592467,2025,11,Tuesday,77.4,MEDIUM,2025Q4,0,High CSAT,1
2026-03-20,Al Malaz,Riyadh,Large,Fresh Produce,13560.38,146,Mada,4.4,9.514907584700552,2026,3,Friday,92.88,HIGH,2026Q1,1,High CSAT,1
2024-06-30,Madinah North,Madinah,Large,Clothing,15367.38,150,Visa,3.9,9.640002360063512,2024,6,Sunday,102.45,HIGH,2024Q2,0,Medium CSAT,0
2024-04-19,Hafuf,Eastern Province,Medium,Beverages,8294.05,109,Apple Pay,4.4,9.02329366924246,2024,4,Friday,76.09,MEDIUM,2024Q2,1,High CSAT,1
2024-07-05,Bisha,Asir,Medium,Electronics,7518.49,60,Mada,3.3,8.925120598908952,2024,7,Friday,125.31,MEDIUM,2024Q3,1,Medium CSAT,1
2025-01-27,Khamis Mushait,Asir,Small,Frozen Foods,1991.08,99,Mada,3.0,7.596432484070631,2025,1,Monday,20.11,LOW,2025Q1,0,Low CSAT,1
2025-04-08,Dammam Central,Eastern Province,Large,Fresh Produce,11436.56,124,Mada,3.6,9.34457052041399,2025,4,Tuesday,92.23,HIGH,2025Q2,0,Medium CSAT,1
2024-12-30,Jeddah South,Makkah,Large,Bakery,9143.28,128,Mada,4.1,9.120774462216998,2024,12,Monday,71.43,MEDIUM,2024Q4,0,High CSAT,1
2024-05-08,Unaizah,Qassim,Small,Baby Products,1795.95,50,Apple Pay,3.6,7.493289408830963,2024,5,Wednesday,35.92,LOW,2024Q2,0,Medium CSAT,1
2024-08-21,Al Jawf Central,Al Jawf,Small,Cleaning Supplies,1934.44,50,Mada,4.0,7.567573157893221,2024,8,Wednesday,38.69,LOW,2024Q3,0,Medium CSAT,1
2024-06-03,Najran Central,Najran,Medium,Frozen Foods,5230.07,58,Visa,3.3,8.562179941290623,2024,6,Monday,90.17,MEDIUM,2024Q2,0,Medium CSAT,0
2024-04-01,Riyadh West,Riyadh,Large,Fresh Produce,11840.53,178,Visa,4.1,9.379283670949654,2024,4,Monday,66.52,HIGH,2024Q2,0,High CSAT,0
2025-01-01,Madinah North,Madinah,Large,Baby Products,11664.09,117,Mada,3.9,9.364270170268053,2025,1,Wednesday,99.69,HIGH,2025Q1,0,Medium CSAT,1
2024-04-20,Tabuk Central,Tabuk,Medium,Beverages,7253.68,82,Cash,3.6,8.889264205277314,2024,4,Saturday,88.46,MEDIUM,2024Q2,1,Medium CSAT,0
2024-09-11,Jeddah East,Makkah,Large,Bakery,6095.92,83,Cash,3.4,8.71537497392079,2024,9,Wednesday,73.44,MEDIUM,2024Q3,0,Medium CSAT,0
2024-06-18,Riyadh North,Riyadh,Large,Baby Products,9199.18,96,Mada,4.5,9.126869628629995,2024,6,Tuesday,95.82,MEDIUM,2024Q2,0,High CSAT,1
2024-05-07,Al Anbariyah,Madinah,Large,Beverages,9027.79,112,STC Pay,3.7,9.108062876701002,2024,5,Tuesday,80.61,MEDIUM,2024Q2,0,Medium CSAT,0
2025-02-15,Tabuk Central,Tabuk,Medium,Beverages,7527.63,97,STC Pay,3.5,8.926335530216727,2025,2,Saturday,77.6,MEDIUM,2025Q1,1,Medium CSAT,0
2026-03-01,Riyadh West,Riyadh,Large,Toys,15036.86,164,Visa,3.7,9.618259799111218,2026,3,Sunday,91.69,HIGH,2026Q1,0,Medium CSAT,0
2026-01-16,Unaizah,Qassim,Small,Meat & Poultry,2408.53,50,Cash,3.8,7.786771881878107,2026,1,Friday,48.17,LOW,2026Q1,1,Medium CSAT,0
2024-03-22,Dammam Central,Eastern Province,Large,Meat & Poultry,22325.04,231,Cash,3.9,10.01346419745642,2024,3,Friday,96.65,HIGH,2024Q1,1,Medium CSAT,0
2025-02-07,Jeddah East,Makkah,Large,Baby Products,13878.47,134,Visa,3.8,9.538093997437413,2025,2,Friday,103.57,HIGH,2025Q1,1,Medium CSAT,0
2025-09-24,Unaizah,Qassim,Small,Bakery,2146.72,50,Mada,3.3,7.671696374842162,2025,9,Wednesday,42.93,LOW,2025Q3,0,Medium CSAT,1
2025-01-25,Al Jawf Central,Al Jawf,Small,Toys,9201.130000000001,50,Mada,3.3,9.127081581581582,2025,1,Saturday,184.02,MEDIUM,2025Q1,1,Medium CSAT,1
2024-11-17,Al Anbariyah,Madinah,Large,Electronics,24857.51,162,Cash,3.6,10.120915199147218,2024,11,Sunday,153.44,HIGH,2024Q4,0,Medium CSAT,0
2025-01-04,Najran Central,Najran,Medium,Cleaning Supplies,5314.97,99,Cash,3.7,8.578282646357485,2025,1,Saturday,53.69,MEDIUM,2025Q1,1,Medium CSAT,0
2024-03-13,Hittin,Riyadh,XLarge,Beverages,23549.66,302,Mada,3.4,10.066866661973041,2024,3,Wednesday,77.98,HIGH,2024Q1,0,Medium CSAT,1
2024-07-31,Bisha,Asir,Medium,Fresh Produce,3657.77,58,Visa,3.4,8.204608951085575,2024,7,Wednesday,63.06,LOW,2024Q3,0,Medium CSAT,0
2025-06-11,Al Olaya,Riyadh,Large,Dairy,8078.6,105,Mada,3.9,8.996973869175891,2025,6,Wednesday,76.94,MEDIUM,2025Q2,0,Medium CSAT,1
2026-04-06,Dhahran,Eastern Province,XLarge,Household,16824.65,173,Mada,4.0,9.730600351919142,2026,4,Monday,97.25,HIGH,2026Q2,0,Medium CSAT,1
2025-01-20,Al Khobar,Eastern Province,Large,Toys,11628.03,111,STC Pay,4.2,9.361173841654798,2025,1,Monday,104.76,HIGH,2025Q1,0,High CSAT,0
2025-05-24,Al Wajh,Tabuk,Medium,Dairy,6006.74,73,Mada,3.4,8.700637451076743,2025,5,Saturday,82.28,MEDIUM,2025Q2,1,Medium CSAT,1
2024-11-18,Dhahran,Eastern Province,XLarge,Meat & Poultry,20219.79,202,Mada,4.4,9.914417106763853,2024,11,Monday,100.1,HIGH,2024Q4,0,High CSAT,1
2026-02-25,Dhahran,Eastern Province,XLarge,Fresh Produce,9201.130000000001,166,Apple Pay,3.7,9.127081581581582,2026,2,Wednesday,55.43,MEDIUM,2026Q1,0,Medium CSAT,1
2025-03-11,Riyadh North,Riyadh,Large,Snacks & Confectionery,10535.54,121,Apple Pay,4.3,9.262509582637046,2025,3,Tuesday,87.07,HIGH,2025Q1,0,High CSAT,1
2026-02-27,Jeddah East,Makkah,Large,Toys,9201.130000000001,97,Mada,3.3,9.127081581581582,2026,2,Friday,94.86,MEDIUM,2026Q1,1,Medium CSAT,1
2025-09-10,Qatif,Eastern Province,XLarge,Bakery,14641.18,160,Mastercard,3.9,9.591593385360104,2025,9,Wednesday,91.51,HIGH,2025Q3,0,Medium CSAT,0
2024-05-01,Jeddah East,Makkah,Large,Dairy,6752.67,100,Apple Pay,3.6,8.817693261210657,2024,5,Wednesday,67.53,MEDIUM,2024Q2,0,Medium CSAT,1
2025-05-04,Al Wajh,Tabuk,Medium,Beverages,6853.69,77,Apple Pay,3.5,8.832542472348369,2025,5,Sunday,89.01,MEDIUM,2025Q2,0,Medium CSAT,1
2024-03-21,Al Olaya,Riyadh,Large,Toys,13582.5,120,Mada,3.5,9.516537478425677,2024,3,Thursday,113.19,HIGH,2024Q1,0,Medium CSAT,1
2026-04-14,Al Jawf Central,Al Jawf,Small,Fresh Produce,9201.130000000001,50,Mada,4.2,9.127081581581582,2026,4,Tuesday,184.02,MEDIUM,2026Q2,0,High CSAT,1
2024-01-16,Unaizah,Qassim,Small,Personal Care,1714.61,50,Mada,3.8,7.446940928491733,2024,1,Tuesday,34.29,LOW,2024Q1,0,Medium CSAT,1
2025-07-26,Al Bahah Central,Al Bahah,Small,Cleaning Supplies,2119.18,50,Visa,4.0,7.658784500389732,2025,7,Saturday,42.38,LOW,2025Q3,1,Medium CSAT,0
2026-04-01,Riyadh Central,Riyadh,Large,Fresh Produce,10208.93,123,Apple Pay,3.6,9.231018106450435,2026,4,Wednesday,83.0,HIGH,2026Q2,0,Medium CSAT,1
2025-10-15,Jeddah South,Makkah,Large,Electronics,17150.18,144,STC Pay,4.3,9.74976394816583,2025,10,Wednesday,119.1,HIGH,2025Q4,0,High CSAT,0
2026-01-23,Madinah Central,Madinah,Small,Beverages,2891.98,50,Mada,3.8,7.96969666762542,2026,1,Friday,57.84,LOW,2026Q1,1,Medium CSAT,1
2026-02-09,Khamis Mushait,Asir,Small,Beverages,1808.14,50,Apple Pay,4.2,7.500053971582612,2026,2,Monday,36.16,LOW,2026Q1,0,High CSAT,1
2024-06-28,Al Jawf Central,Al Jawf,Small,Fresh Produce,9201.130000000001,50,Apple Pay,4.6,9.127081581581582,2024,6,Friday,184.02,MEDIUM,2024Q2,1,High CSAT,1
2024-11-28,Al Jawf Central,Al Jawf,Small,Meat & Poultry,3780.35,50,Tabby,4.2,8.237571876919796,2024,11,Thursday,75.61,LOW,2024Q4,0,High CSAT,0
2024-09-17,Al Wajh,Tabuk,Medium,Meat & Poultry,5331.9,51,Mada,4.0,8.581462926434055,2024,9,Tuesday,104.55,MEDIUM,2024Q3,0,Medium CSAT,1
2026-02-27,Al Khobar,Eastern Province,Large,Frozen Foods,11109.45,137,Mada,3.3,9.31555137645777,2026,2,Friday,81.09,HIGH,2026Q1,1,Medium CSAT,1
2025-04-06,Al Malaz,Riyadh,Large,Frozen Foods,15263.15,191,Mada,3.6,9.633196705554703,2025,4,Sunday,79.91,HIGH,2025Q2,0,Medium CSAT,1
2025-05-16,Jeddah South,Makkah,Large,Fresh Produce,9674.24,121,Visa,3.8,9.17722196184096,2025,5,Friday,79.95,MEDIUM,2025Q2,1,Medium CSAT,0
2026-04-19,Jeddah South,Makkah,Large,Beverages,11751.65,150,Mastercard,4.5,9.371748935245478,2026,4,Sunday,78.34,HIGH,2026Q2,0,High CSAT,0
2024-09-09,Khamis Mushait,Asir,Small,Bakery,2047.97,50,Mada,3.9,7.624604337614609,2024,9,Monday,40.96,LOW,2024Q3,0,Medium CSAT,1
2025-09-15,Khamis Mushait,Asir,Small,Baby Products,3086.58,50,Mada,3.8,8.034818960824149,2025,9,Monday,61.73,LOW,2025Q3,0,Medium CSAT,1
2024-12-04,Madinah Central,Madinah,Small,Fresh Produce,2618.39,50,Apple Pay,3.3,7.870314904053494,2024,12,Wednesday,52.37,LOW,2024Q4,0,Medium CSAT,1
2025-06-11,Al Olaya,Riyadh,Large,Fresh Produce,5808.48,72,Visa,3.7,8.667074197717852,2025,6,Wednesday,80.67,MEDIUM,2025Q2,0,Medium CSAT,0
2024-12-19,Al Wajh,Tabuk,Medium,Dairy,6785.18,76,Mastercard,3.8,8.822496101025406,2024,12,Thursday,89.28,MEDIUM,2024Q4,0,Medium CSAT,0
2024-09-24,Abha Central,Asir,Small,Fresh Produce,2727.41,50,Apple Pay,4.0,7.911107719912575,2024,9,Tuesday,54.55,LOW,2024Q3,0,Medium CSAT,1
2025-09-09,Najran Central,Najran,Medium,Beverages,4895.28,64,Cash,3.4,8.496026754554423,2025,9,Tuesday,76.49,LOW,2025Q3,0,Medium CSAT,0
2024-09-03,Jubail,Eastern Province,Large,Fresh Produce,10201.03,115,Tabby,3.5,9.230243974566342,2024,9,Tuesday,88.7,HIGH,2024Q3,0,Medium CSAT,0
2026-01-22,Unaizah,Qassim,Small,Personal Care,2200.13,50,Tamara,3.6,7.696271728509699,2026,1,Thursday,44.0,LOW,2026Q1,0,Medium CSAT,0
2025-06-10,Buraidah Central,Qassim,Medium,Cleaning Supplies,4362.72,61,Visa,3.4,8.38085099503857,2025,6,Tuesday,71.52,LOW,2025Q2,0,Medium CSAT,0
2025-08-15,Najran Central,Najran,Large,Snacks & Confectionery,6109.84,62,Apple Pay,4.9,8.717655865243389,2025,8,Friday,98.55,MEDIUM,2025Q3,1,High CSAT,1
2024-09-16,Makkah City,Makkah,Large,Electronics,12340.72,79,Mastercard,3.3,9.420659642596814,2024,9,Monday,156.21,HIGH,2024Q3,0,Medium CSAT,0
2025-12-28,Khamis Mushait,Asir,Small,Dairy,2726.11,50,Apple Pay,3.2,7.910630963606694,2025,12,Sunday,54.52,LOW,2025Q4,0,Medium CSAT,1
2025-08-29,Madinah Central,Madinah,Small,Household,2905.3,50,Apple Pay,3.7,7.974291934177761,2025,8,Friday,58.11,LOW,2025Q3,1,Medium CSAT,1
2024-01-31,Al Bahah Central,Al Bahah,Small,Snacks & Confectionery,1805.18,50,Visa,3.8,7.498415588786664,2024,1,Wednesday,36.1,LOW,2024Q1,0,Medium CSAT,0
2025-06-13,Jeddah East,Makkah,Large,Cleaning Supplies,11554.75,160,Visa,3.9,9.354851886818867,2025,6,Friday,72.22,HIGH,2025Q2,1,Medium CSAT,0
2026-04-15,Riyadh East,Riyadh,Large,Fresh Produce,9234.56,89,Cash,4.0,9.130708246668837,2026,4,Wednesday,103.76,MEDIUM,2026Q2,0,Medium CSAT,0
2025-12-09,Riyadh West,Riyadh,Large,Beverages,10408.11,116,Cash,4.6,9.250340588929728,2025,12,Tuesday,89.73,HIGH,2025Q4,0,High CSAT,0
2026-01-02,Najran Central,Najran,Medium,Electronics,8201.34,52,Mada,3.8,9.012052834535774,2026,1,Friday,157.72,MEDIUM,2026Q1,1,Medium CSAT,1
2025-01-27,Abha Central,Asir,Small,Dairy,2047.0,50,Mada,2.7,7.624130585661289,2025,1,Monday,40.94,LOW,2025Q1,0,Low CSAT,1
2025-10-18,Madinah North,Madinah,Large,Personal Care,19934.79,231,Apple Pay,3.5,9.900221725523702,2025,10,Saturday,86.3,HIGH,2025Q4,1,Medium CSAT,1
2025-03-07,Dammam Central,Eastern Province,Large,Fresh Produce,21223.33,246,Cash,3.6,9.96285632728311,2025,3,Friday,86.27,HIGH,2025Q1,1,Medium CSAT,0
2026-05-02,Jubail,Eastern Province,Large,Fresh Produce,15108.52,134,Mada,4.2,9.623014102090972,2026,5,Saturday,112.75,HIGH,2026Q2,1,High CSAT,1
2025-04-13,Riyadh North,Riyadh,Large,Meat & Poultry,23281.25,184,Mada,4.2,10.05540359456197,2025,4,Sunday,126.53,HIGH,2025Q2,0,High CSAT,1
2025-03-24,Khamis Mushait,Asir,Small,Meat & Poultry,4588.54,50,Cash,2.7,8.43131716966686,2025,3,Monday,91.77,LOW,2025Q1,0,Low CSAT,0
2025-11-15,Al Wajh,Tabuk,Medium,Dairy,6874.7,99,STC Pay,3.5,8.835603285219042,2025,11,Saturday,69.44,MEDIUM,2025Q4,1,Medium CSAT,0
2025-12-26,Al Malaz,Riyadh,Large,Snacks & Confectionery,10117.27,147,Mada,4.0,9.221999143603066,2025,12,Friday,68.82,HIGH,2025Q4,1,Medium CSAT,1
2024-01-02,Al Khobar,Eastern Province,Large,Household,11648.11,97,Visa,3.8,9.362899214073195,2024,1,Tuesday,120.08,HIGH,2024Q1,0,Medium CSAT,0
2024-02-12,Najran Central,Najran,Large,Electronics,6190.98,52,Apple Pay,3.5,8.730848673018134,2024,2,Monday,119.06,MEDIUM,2024Q1,0,Medium CSAT,1
2025-03-05,Al Wajh,Tabuk,Medium,Dairy,6916.12,74,Visa,3.3,8.841610197722636,2025,3,Wednesday,93.46,MEDIUM,2025Q1,0,Medium CSAT,0
2025-02-01,Jeddah South,Makkah,Large,Frozen Foods,13519.49,155,Visa,3.6,9.511887626991975,2025,2,Saturday,87.22,HIGH,2025Q1,1,Medium CSAT,0
2025-10-12,Buraidah Central,Qassim,Medium,Beverages,7103.17,100,Mastercard,3.3,8.868296442260611,2025,10,Sunday,71.03,MEDIUM,2025Q4,0,Medium CSAT,0
2024-02-01,Abha Central,Asir,Small,Personal Care,2066.47,50,Mada,3.7,7.633597116546627,2024,2,Thursday,41.33,LOW,2024Q1,0,Medium CSAT,1
2025-08-06,Riyadh West,Riyadh,Large,Meat & Poultry,10972.05,107,Mada,4.0,9.30310640910143,2025,8,Wednesday,102.54,HIGH,2025Q3,0,Medium CSAT,1
2025-12-19,Al Wajh,Tabuk,Medium,Meat & Poultry,10214.09,105,Visa,3.8,9.231523418604054,2025,12,Friday,97.28,HIGH,2025Q4,1,Medium CSAT,0
2025-01-24,Jeddah East,Makkah,Large,Baby Products,10145.49,98,Cash,4.6,9.224784550748527,2025,1,Friday,103.53,HIGH,2025Q1,1,High CSAT,0
2024-05-22,Abha Central,Asir,Small,Frozen Foods,2542.93,50,Visa,3.3,7.841072238499804,2024,5,Wednesday,50.86,LOW,2024Q2,0,Medium CSAT,0
2025-04-16,Hittin,Riyadh,XLarge,Dairy,17585.2,183,Mastercard,3.6,9.77481291817295,2025,4,Wednesday,96.09,HIGH,2025Q2,0,Medium CSAT,0
2026-03-13,Jeddah East,Makkah,Large,Household,11143.85,124,Visa,3.8,9.31864305521112,2026,3,Friday,89.87,HIGH,2026Q1,1,Medium CSAT,0
2024-10-14,Jeddah North,Makkah,XLarge,Toys,13575.26,137,Cash,4.0,9.516004297473234,2024,10,Monday,99.09,HIGH,2024Q4,0,Medium CSAT,0
2024-12-08,Najran Central,Najran,Medium,Electronics,11568.21,73,Mastercard,4.0,9.356016097760744,2024,12,Sunday,158.47,HIGH,2024Q4,0,Medium CSAT,0
2026-01-08,Al Anbariyah,Madinah,Large,Dairy,9706.01,103,Apple Pay,3.6,9.180500560255172,2026,1,Thursday,94.23,MEDIUM,2026Q1,0,Medium CSAT,1
2026-05-03,Al Bahah Central,Al Bahah,Small,Dairy,3063.44,50,Cash,3.9,8.027293746532424,2026,5,Sunday,61.27,LOW,2026Q2,0,Medium CSAT,0
2024-05-09,Jeddah North,Makkah,XLarge,Meat & Poultry,24114.1,248,Mastercard,4.6,10.090552010637223,2024,5,Thursday,97.23,HIGH,2024Q2,0,High CSAT,0
2025-10-09,Riyadh West,Riyadh,Large,Cleaning Supplies,8801.43,130,Mada,3.9,9.082669487264603,2025,10,Thursday,67.7,MEDIUM,2025Q4,0,Medium CSAT,1
2025-04-15,Riyadh South,Riyadh,Large,Snacks & Confectionery,8530.69,99,Apple Pay,4.3,9.051425528187263,2025,4,Tuesday,86.17,MEDIUM,2025Q2,0,High CSAT,1
2026-01-08,Jubail,Eastern Province,Large,Dairy,10419.78,99,Mada,3.8,9.251461201840709,2026,1,Thursday,105.25,HIGH,2026Q1,0,Medium CSAT,1
2024-07-06,Buraidah Central,Qassim,Medium,Dairy,4998.83,99,Cash,4.0,8.516959164033965,2024,7,Saturday,50.49,LOW,2024Q3,1,Medium CSAT,0
2026-03-24,Unaizah,Qassim,Small,Electronics,3763.23,50,Apple Pay,3.6,8.233032910171254,2026,3,Tuesday,75.26,LOW,2026Q1,0,Medium CSAT,1
2024-04-03,Riyadh South,Riyadh,Large,Meat & Poultry,16356.8,119,Mada,3.1,9.702398992002749,2024,4,Wednesday,137.45,HIGH,2024Q2,0,Medium CSAT,1
2024-11-18,Al Malaz,Riyadh,Large,Fresh Produce,8367.08,107,Mastercard,4.0,9.032060237621947,2024,11,Monday,78.2,MEDIUM,2024Q4,0,Medium CSAT,0
2026-04-16,Madinah Central,Madinah,Small,Beverages,3163.35,99,Cash,4.0,8.059386871625883,2026,4,Thursday,31.95,LOW,2026Q2,0,Medium CSAT,0
2025-08-30,Al Wajh,Tabuk,Medium,Electronics,9229.73,83,Mada,3.9,9.130185074631333,2025,8,Saturday,111.2,MEDIUM,2025Q3,1,Medium CSAT,1
2025-05-31,Al Malaz,Riyadh,Large,Dairy,12756.45,172,Mastercard,3.9,9.453792305024175,2025,5,Saturday,74.17,HIGH,2025Q2,1,Medium CSAT,0
2025-04-24,Buraidah Central,Qassim,Medium,Household,6684.47,59,Apple Pay,4.4,8.807542204418493,2025,4,Thursday,113.3,MEDIUM,2025Q2,0,High CSAT,1
2024-05-14,Hafuf,Eastern Province,Medium,Dairy,4323.18,53,Cash,3.9,8.371746521552366,2024,5,Tuesday,81.57,LOW,2024Q2,0,Medium CSAT,0
2024-05-24,Al Jawf Central,Al Jawf,Small,Bakery,2813.35,50,Visa,3.5,7.942131223074961,2024,5,Friday,56.27,LOW,2024Q2,1,Medium CSAT,0
2026-02-28,Al Rawdah,Makkah,Large,Electronics,21172.17,147,Cash,3.5,9.96044286241853,2026,2,Saturday,144.03,HIGH,2026Q1,1,Medium CSAT,0
2024-08-15,Bisha,Asir,Medium,Electronics,7930.22,70,Mada,4.2,8.978436056993125,2024,8,Thursday,113.29,MEDIUM,2024Q3,0,High CSAT,1
2025-03-24,Abha Central,Asir,Small,Frozen Foods,2705.31,50,Mada,4.0,7.9029717873020076,2025,3,Monday,54.11,LOW,2025Q1,0,Medium CSAT,1
2025-02-19,Riyadh South,Riyadh,Large,Baby Products,12146.37,112,Mastercard,3.6,9.404785638697312,2025,2,Wednesday,108.45,HIGH,2025Q1,0,Medium CSAT,0
2024-07-17,Hail Central,Hail,Small,Bakery,1777.81,50,Mada,3.4,7.483137548721443,2024,7,Wednesday,35.56,LOW,2024Q3,0,Medium CSAT,1
2025-07-14,Al Aziziyah,Makkah,Large,Fresh Produce,7529.5,93,Mada,4.3,8.926583917526875,2025,7,Monday,80.96,MEDIUM,2025Q3,0,High CSAT,1
2025-02-19,Dhahran,Eastern Province,XLarge,Household,20302.69,189,Cash,4.4,9.918508668566169,2025,2,Wednesday,107.42,HIGH,2025Q1,0,High CSAT,0
2025-02-06,Riyadh South,Riyadh,Large,Personal Care,8984.04,88,Mada,3.0,9.103204948768118,2025,2,Thursday,102.09,MEDIUM,2025Q1,0,Low CSAT,1
2024-06-12,Bisha,Asir,Medium,Fresh Produce,3776.05,50,Visa,3.5,8.236433768703147,2024,6,Wednesday,75.52,LOW,2024Q2,0,Medium CSAT,0
2024-04-19,Jubail,Eastern Province,Large,Personal Care,11828.81,115,Cash,3.8,9.37829336019677,2024,4,Friday,102.86,HIGH,2024Q2,1,Medium CSAT,0
2024-08-27,Al Olaya,Riyadh,Large,Fresh Produce,7064.99,65,Apple Pay,4.0,8.86290687968946,2024,8,Tuesday,108.69,MEDIUM,2024Q3,0,Medium CSAT,1
2024-05-25,Riyadh North,Riyadh,Large,Dairy,11140.4,163,Mastercard,3.7,9.318333419479377,2024,5,Saturday,68.35,HIGH,2024Q2,1,Medium CSAT,0
2025-12-04,Riyadh South,Riyadh,Large,Fresh Produce,9201.130000000001,117,Mada,3.6,9.127081581581582,2025,12,Thursday,78.64,MEDIUM,2025Q4,0,Medium CSAT,1
2025-12-16,Dammam Central,Eastern Province,Large,Toys,14214.16,179,STC Pay,4.0,9.561993929831155,2025,12,Tuesday,79.41,HIGH,2025Q4,0,Medium CSAT,0
2024-07-05,Makkah City,Makkah,Large,Dairy,9783.38,136,Visa,3.9,9.188440306593792,2024,7,Friday,71.94,MEDIUM,2024Q3,1,Medium CSAT,0
2026-05-30,Jeddah South,Makkah,Large,Snacks & Confectionery,12020.48,171,Cash,3.7,9.39436714073614,2026,5,Saturday,70.3,HIGH,2026Q2,1,Medium CSAT,0
2024-12-11,Hittin,Riyadh,XLarge,Toys,17069.8,156,STC Pay,4.6,9.745066099258219,2024,12,Wednesday,109.42,HIGH,2024Q4,0,High CSAT,0
2025-03-26,Al Anbariyah,Madinah,Large,Personal Care,16683.52,142,Mada,3.7,9.722176684823852,2025,3,Wednesday,117.49,HIGH,2025Q1,0,Medium CSAT,1
2024-04-12,Al Bahah Central,Al Bahah,Small,Toys,4092.91,50,Mada,2.7,8.317011487489347,2024,4,Friday,81.86,LOW,2024Q2,1,Low CSAT,1
2025-10-21,Abha Central,Asir,Small,Bakery,1414.51,50,Cash,3.3,7.254538460352546,2025,10,Tuesday,28.29,LOW,2025Q4,0,Medium CSAT,0
2025-02-06,Riyadh Central,Riyadh,Large,Clothing,10419.51,80,Mada,3.8,9.251435289249635,2025,2,Thursday,130.24,HIGH,2025Q1,0,Medium CSAT,1
2024-01-04,Hittin,Riyadh,XLarge,Fresh Produce,14662.55,132,Mada,3.8,9.593051903015592,2024,1,Thursday,111.08,HIGH,2024Q1,0,Medium CSAT,1
2025-06-02,Riyadh East,Riyadh,Large,Baby Products,10180.61,88,Cash,3.6,9.228240209723836,2025,6,Monday,115.69,HIGH,2025Q2,0,Medium CSAT,0
2024-08-14,Al Olaya,Riyadh,Large,Meat & Poultry,14206.83,135,STC Pay,4.3,9.561478113868198,2024,8,Wednesday,105.24,HIGH,2024Q3,0,High CSAT,0
2025-01-02,Unaizah,Qassim,Small,Frozen Foods,1991.56,50,Mastercard,3.5,7.596673530212047,2025,1,Thursday,39.83,LOW,2025Q1,0,Medium CSAT,0
2024-03-13,Khamis Mushait,Asir,Small,Meat & Poultry,3088.07,50,STC Pay,3.7,8.035301579281525,2024,3,Wednesday,61.76,LOW,2024Q1,0,Medium CSAT,0
2025-10-21,Riyadh Central,Riyadh,Large,Personal Care,7789.02,96,STC Pay,3.7,8.960470328640366,2025,10,Tuesday,81.14,MEDIUM,2025Q4,0,Medium CSAT,0
2026-01-04,Khamis Mushait,Asir,Small,Dairy,2512.0,50,STC Pay,3.6,7.828834527588089,2026,1,Sunday,50.24,LOW,2026Q1,0,Medium CSAT,0
2025-05-27,Najran Central,Najran,Medium,Toys,9201.130000000001,50,Tabby,3.5,9.127081581581582,2025,5,Tuesday,184.02,MEDIUM,2025Q2,0,Medium CSAT,0
2024-11-10,Al Khobar,Eastern Province,Large,Baby Products,18015.73,162,Mada,3.4,9.799000544148608,2024,11,Sunday,111.21,HIGH,2024Q4,0,Medium CSAT,1
2025-02-06,Riyadh Central,Riyadh,Large,Fresh Produce,11191.15,115,Mada,3.7,9.322878566356115,2025,2,Thursday,97.31,HIGH,2025Q1,0,Medium CSAT,1
2026-04-28,Hafuf,Eastern Province,Large,Beverages,4071.94,57,Mada,4.0,8.311874823347734,2026,4,Tuesday,71.44,LOW,2026Q2,0,Medium CSAT,1
2025-02-04,Makkah City,Makkah,Large,Fresh Produce,7076.96,79,Mada,4.0,8.864599715947335,2025,2,Tuesday,89.58,MEDIUM,2025Q1,0,Medium CSAT,1
2024-08-12,Jeddah North,Makkah,XLarge,Dairy,15298.6,218,Cash,4.1,9.635516599925873,2024,8,Monday,70.18,HIGH,2024Q3,0,High CSAT,0
2025-08-08,Riyadh East,Riyadh,Large,Cleaning Supplies,7674.12,95,Mastercard,3.8,8.945608907901214,2025,8,Friday,80.78,MEDIUM,2025Q3,1,Medium CSAT,0
2025-07-23,Unaizah,Qassim,Small,Household,2765.38,50,Mada,3.8,7.924933336701562,2025,7,Wednesday,55.31,LOW,2025Q3,0,Medium CSAT,1
2025-04-12,Qatif,Eastern Province,XLarge,Cleaning Supplies,23597.62,310,Apple Pay,4.0,10.068901138470627,2025,4,Saturday,76.12,HIGH,2025Q2,1,Medium CSAT,1
2025-04-06,Unaizah,Qassim,Small,Household,3711.21,50,Mada,3.5,8.219113247980141,2025,4,Sunday,74.22,LOW,2025Q2,0,Medium CSAT,1
2024-06-20,Dhahran,Eastern Province,XLarge,Bakery,12406.68,188,Mada,3.3,9.42599031621858,2024,6,Thursday,65.99,HIGH,2024Q2,0,Medium CSAT,1
2026-03-27,Jeddah East,Makkah,Large,Toys,10099.7,104,Mada,3.9,9.220260999417912,2026,3,Friday,97.11,HIGH,2026Q1,1,Medium CSAT,1
2024-01-26,Arar Central,Northern Borders,Small,Fresh Produce,2968.62,50,Cash,3.9,7.99585247735048,2024,1,Friday,59.37,LOW,2024Q1,1,Medium CSAT,0
2026-05-12,Hafuf,Eastern Province,Medium,Toys,3998.75,50,Mada,2.9,8.293737091263727,2026,5,Tuesday,79.97,LOW,2026Q2,0,Low CSAT,1
2025-10-24,Al Olaya,Riyadh,Large,Frozen Foods,14720.12,145,Mada,4.2,9.596970544423552,2025,10,Friday,101.52,HIGH,2025Q4,1,High CSAT,1
2026-03-15,Buraidah Central,Qassim,Medium,Personal Care,6123.19,64,Cash,3.7,8.719838481537101,2026,3,Sunday,95.67,MEDIUM,2026Q1,0,Medium CSAT,0
2026-03-02,Al Olaya,Riyadh,Large,Beverages,7183.48,85,Mada,3.9,8.879539224288758,2026,3,Monday,84.51,MEDIUM,2026Q1,0,Medium CSAT,1
2026-01-17,Al Malaz,Riyadh,Large,Dairy,12852.16,176,Mastercard,3.2,9.46126716958247,2026,1,Saturday,73.02,HIGH,2026Q1,1,Medium CSAT,0
2025-01-25,Al Olaya,Riyadh,Large,Electronics,20536.77,129,Tamara,3.9,9.929972216978554,2025,1,Saturday,159.2,HIGH,2025Q1,1,Medium CSAT,0
2024-08-30,Qatif,Eastern Province,XLarge,Frozen Foods,19483.97,239,Apple Pay,5.0,9.877347355200346,2024,8,Friday,81.52,HIGH,2024Q3,1,High CSAT,1
2025-06-04,Jeddah North,Makkah,XLarge,Beverages,17208.89,175,Visa,4.5,9.753181389740298,2025,6,Wednesday,98.34,HIGH,2025Q2,0,High CSAT,0
2024-02-25,Riyadh Central,Riyadh,Large,Bakery,8344.52,102,Cash,3.4,9.029360314968889,2024,2,Sunday,81.81,MEDIUM,2024Q1,0,Medium CSAT,0
2024-05-18,Madinah Central,Madinah,Small,Fresh Produce,3430.02,50,Mada,3.3,8.140321371046776,2024,5,Saturday,68.6,LOW,2024Q2,1,Medium CSAT,1
2026-01-18,Al Rawdah,Makkah,Large,Frozen Foods,10026.71,115,Cash,3.8,9.213007811194839,2026,1,Sunday,87.19,HIGH,2026Q1,0,Medium CSAT,0
2025-01-03,Tabuk Central,Tabuk,Large,Toys,6647.59,75,Mastercard,3.7,8.802009661949931,2025,1,Friday,88.63,MEDIUM,2025Q1,1,Medium CSAT,0
2024-02-06,Makkah City,Makkah,Large,Baby Products,10659.82,92,Mastercard,3.2,9.274236812023801,2024,2,Tuesday,115.87,HIGH,2024Q1,0,Medium CSAT,0
2024-08-12,Jeddah North,Makkah,XLarge,Fresh Produce,17715.35,99,Mada,4.6,9.782186774372253,2024,8,Monday,178.94,HIGH,2024Q3,0,High CSAT,1
2024-09-06,Al Olaya,Riyadh,Large,Fresh Produce,11532.98,148,Apple Pay,3.5,9.352966036070269,2024,9,Friday,77.93,HIGH,2024Q3,1,Medium CSAT,1
2024-04-05,Al Jawf Central,Al Jawf,Small,Cleaning Supplies,4078.26,50,Mada,4.8,8.313425705845528,2024,4,Friday,81.57,LOW,2024Q2,1,High CSAT,1
2024-12-18,Riyadh South,Riyadh,Large,Personal Care,13116.07,162,Mada,3.8,9.481593474943283,2024,12,Wednesday,80.96,HIGH,2024Q4,0,Medium CSAT,1
2024-12-30,Arar Central,Northern Borders,Small,Personal Care,2399.16,50,Mada,3.7,7.782873955071741,2024,12,Monday,47.98,LOW,2024Q4,0,Medium CSAT,1
2025-09-04,Jeddah South,Makkah,Large,Toys,8416.09,99,Tabby,3.2,9.037900628836661,2025,9,Thursday,85.01,MEDIUM,2025Q3,0,Medium CSAT,0
2025-04-25,Riyadh West,Riyadh,Large,Snacks & Confectionery,12069.21,120,STC Pay,2.9,9.398412860416807,2025,4,Friday,100.58,HIGH,2025Q2,1,Low CSAT,0
2024-05-02,Al Rawdah,Makkah,Large,Electronics,17373.55,120,Tabby,3.3,9.762704213713167,2024,5,Thursday,144.78,HIGH,2024Q2,0,Medium CSAT,0
2026-04-20,Unaizah,Qassim,Small,Personal Care,2330.12,50,Mada,4.3,7.753675047379479,2026,4,Monday,46.6,LOW,2026Q2,0,High CSAT,1
2026-05-11,Abha Central,Asir,Small,Baby Products,2215.16,50,Tabby,3.7,7.703079914633411,2026,5,Monday,44.3,LOW,2026Q2,0,Medium CSAT,0
2025-12-18,Madinah Central,Madinah,Small,Fresh Produce,2534.69,50,Apple Pay,3.5,7.837826620579058,2025,12,Thursday,50.69,LOW,2025Q4,0,Medium CSAT,1
2025-01-05,Abha Central,Asir,Small,Personal Care,2356.26,50,Apple Pay,3.6,7.764830895219145,2025,1,Sunday,47.13,LOW,2025Q1,0,Medium CSAT,1
2025-02-04,Al Wajh,Tabuk,Medium,Toys,5818.31,63,Mada,3.9,8.668765120550754,2025,2,Tuesday,92.35,MEDIUM,2025Q1,0,Medium CSAT,1
2025-08-04,Madinah Central,Madinah,Large,Electronics,2741.27,50,Mada,3.4,7.916176595647115,2025,8,Monday,54.83,LOW,2025Q3,0,Medium CSAT,1
2025-01-29,Jeddah South,Makkah,Large,Cleaning Supplies,6411.75,69,Mada,3.9,8.765887523574452,2025,1,Wednesday,92.92,MEDIUM,2025Q1,0,Medium CSAT,1
2024-09-18,Jeddah North,Makkah,XLarge,Meat & Poultry,17207.05,133,Apple Pay,3.7,9.75307446254309,2024,9,Wednesday,129.38,HIGH,2024Q3,0,Medium CSAT,1
2024-09-29,Jubail,Eastern Province,Large,Fresh Produce,14705.62,164,Visa,4.3,9.595985012629033,2024,9,Sunday,89.67,HIGH,2024Q3,0,High CSAT,0
2025-06-30,Riyadh East,Riyadh,Large,Baby Products,10816.52,106,Mastercard,4.3,9.288829874050164,2025,6,Monday,102.04,HIGH,2025Q2,0,High CSAT,0
2024-05-31,Tabuk Central,Tabuk,Medium,Frozen Foods,6355.1,83,Mastercard,4.1,8.757012919140978,2024,5,Friday,76.57,MEDIUM,2024Q2,1,High CSAT,0
2024-09-26,Khamis Mushait,Asir,Small,Fresh Produce,2207.37,50,STC Pay,3.4,7.699557040596797,2024,9,Thursday,44.15,LOW,2024Q3,0,Medium CSAT,0
2025-04-16,Al Khobar,Eastern Province,Large,Fresh Produce,14580.51,153,Cash,2.8,9.587440984374751,2025,4,Wednesday,95.3,HIGH,2025Q2,0,Low CSAT,0
2024-08-29,Unaizah,Qassim,Small,Dairy,9201.130000000001,50,Apple Pay,3.7,9.127081581581582,2024,8,Thursday,184.02,MEDIUM,2024Q3,0,Medium CSAT,1
2025-12-24,Al Malaz,Riyadh,Large,Snacks & Confectionery,11970.41,147,Mada,3.5,9.390193050262832,2025,12,Wednesday,81.43,HIGH,2025Q4,0,Medium CSAT,1
2026-01-06,Abha Central,Asir,Small,Fresh Produce,1639.57,50,Mada,3.8,7.402189291317143,2026,1,Tuesday,32.79,LOW,2026Q1,0,Medium CSAT,1
2024-12-04,Al Bahah Central,Al Bahah,Large,Meat & Poultry,3606.27,50,Mastercard,3.0,8.19042927616824,2024,12,Wednesday,72.13,LOW,2024Q4,0,Low CSAT,0
2026-01-09,Dammam Central,Eastern Province,Large,Cleaning Supplies,11678.06,157,Mada,3.6,9.365467146696357,2026,1,Friday,74.38,HIGH,2026Q1,1,Medium CSAT,1
2025-07-31,Abha Central,Asir,Small,Snacks & Confectionery,1929.69,99,STC Pay,3.8,7.565114647236217,2025,7,Thursday,19.49,LOW,2025Q3,0,Medium CSAT,0
2025-01-26,Al Jawf Central,Al Jawf,Small,Electronics,5266.25,50,Mada,3.9,8.569073813293226,2025,1,Sunday,105.32,MEDIUM,2025Q1,0,Medium CSAT,1
2024-01-23,Abha Central,Asir,Small,Fresh Produce,1816.29,50,STC Pay,3.8,7.504551238041843,2024,1,Tuesday,36.33,LOW,2024Q1,0,Medium CSAT,0
2025-06-04,Dhahran,Eastern Province,XLarge,Meat & Poultry,14222.96,142,Visa,3.6,9.562612839220073,2025,6,Wednesday,100.16,HIGH,2025Q2,0,Medium CSAT,0
2025-02-10,Khamis Mushait,Asir,Small,Beverages,1588.6,50,STC Pay,4.5,7.370608404199031,2025,2,Monday,31.77,LOW,2025Q1,0,High CSAT,0
2025-04-09,Riyadh Central,Riyadh,Large,Dairy,12383.92,138,Apple Pay,3.6,9.424154135860322,2025,4,Wednesday,89.74,HIGH,2025Q2,0,Medium CSAT,1
2025-01-29,Jeddah East,Makkah,Large,Snacks & Confectionery,6685.9,66,Mastercard,3.7,8.807756110242407,2025,1,Wednesday,101.3,MEDIUM,2025Q1,0,Medium CSAT,0
2025-10-28,Al Anbariyah,Madinah,Large,Fresh Produce,10181.8,126,Mada,3.6,9.22835709176298,2025,10,Tuesday,80.81,HIGH,2025Q4,0,Medium CSAT,1
2024-11-12,Jubail,Eastern Province,Large,Snacks & Confectionery,8032.77,96,Mada,3.9,8.991284703870473,2024,11,Tuesday,83.67,MEDIUM,2024Q4,0,Medium CSAT,1
2024-08-19,Arar Central,Northern Borders,Small,Cleaning Supplies,1356.0,50,Cash,3.2,7.212294468500341,2024,8,Monday,27.12,LOW,2024Q3,0,Medium CSAT,0
2025-06-27,Al Bahah Central,Al Bahah,Small,Cleaning Supplies,2587.82,50,Cash,3.1,7.85857110142452,2025,6,Friday,51.76,LOW,2025Q2,1,Medium CSAT,0
2026-01-17,Abha Central,Asir,Small,Fresh Produce,3237.87,50,Mada,3.8,8.082670985191964,2026,1,Saturday,64.76,LOW,2026Q1,1,Medium CSAT,1
2026-01-26,Dammam Central,Eastern Province,Large,Beverages,9953.13,136,Apple Pay,4.1,9.20564235354929,2026,1,Monday,73.18,MEDIUM,2026Q1,0,High CSAT,1
2024-09-30,Al Anbariyah,Madinah,Large,Clothing,13847.83,129,Cash,3.2,9.535883820639734,2024,9,Monday,107.35,HIGH,2024Q3,0,Medium CSAT,0
2025-10-25,Jeddah South,Makkah,Large,Clothing,24030.68,99,Mada,3.8,10.087086626291017,2025,10,Saturday,242.73,HIGH,2025Q4,1,Medium CSAT,1
2026-01-29,Qatif,Eastern Province,XLarge,Bakery,16261.19,212,Mada,3.6,9.696536566155714,2026,1,Thursday,76.7,HIGH,2026Q1,0,Medium CSAT,1
2025-02-20,Jubail,Eastern Province,Large,Fresh Produce,7237.17,71,STC Pay,3.6,8.886985524986805,2025,2,Thursday,101.93,MEDIUM,2025Q1,0,Medium CSAT,0
2026-02-20,Riyadh East,Riyadh,Large,Meat & Poultry,14559.15,113,Mada,3.8,9.58597494092567,2026,2,Friday,128.84,HIGH,2026Q1,1,Medium CSAT,1
2024-11-29,Abha Central,Asir,Small,Clothing,4294.39,50,Cash,3.6,8.365064798720589,2024,11,Friday,85.89,LOW,2024Q4,1,Medium CSAT,0
2024-05-02,Al Aziziyah,Makkah,Large,Personal Care,9842.49,92,Visa,4.3,9.194464006815345,2024,5,Thursday,106.98,MEDIUM,2024Q2,0,High CSAT,0
2026-02-26,Hittin,Riyadh,XLarge,Frozen Foods,18887.65,99,Visa,5.0,9.846263548309883,2026,2,Thursday,190.78,HIGH,2026Q1,0,High CSAT,0
2024-07-22,Riyadh East,Riyadh,Large,Meat & Poultry,8198.06,69,Mastercard,4.5,9.011652819895758,2024,7,Monday,118.81,MEDIUM,2024Q3,0,High CSAT,0
2026-03-05,Buraidah Central,Qassim,Medium,Cleaning Supplies,4504.54,50,Visa,3.3,8.412841056060948,2026,3,Thursday,90.09,LOW,2026Q1,0,Medium CSAT,0
2026-03-13,Al Bahah Central,Al Bahah,Small,Fresh Produce,2565.81,50,Visa,3.3,7.850029497227553,2026,3,Friday,51.32,LOW,2026Q1,1,Medium CSAT,0
2024-08-28,Al Rawdah,Makkah,Large,Fresh Produce,7465.66,89,Apple Pay,3.9,8.918069118657224,2024,8,Wednesday,83.88,MEDIUM,2024Q3,0,Medium CSAT,1
2025-09-09,Buraidah Central,Qassim,Medium,Electronics,7443.03,54,Mada,4.3,8.915033302984597,2025,9,Tuesday,137.83,MEDIUM,2025Q3,0,High CSAT,1
2026-03-11,Madinah Central,Madinah,Small,Fresh Produce,2142.63,50,Cash,3.5,7.669789325410637,2026,3,Wednesday,42.85,LOW,2026Q1,0,Medium CSAT,0
2024-04-03,Bisha,Asir,Medium,Household,11736.25,115,Visa,3.9,9.370437621572757,2024,4,Wednesday,102.05,HIGH,2024Q2,0,Medium CSAT,0
2025-09-13,Khamis Mushait,Asir,Small,Baby Products,3870.0,50,Apple Pay,3.7,8.261009786023827,2025,9,Saturday,77.4,LOW,2025Q3,1,Medium CSAT,1
2024-04-11,Riyadh East,Riyadh,Large,Fresh Produce,9070.72,96,Mada,3.6,9.112806922538486,2024,4,Thursday,94.49,MEDIUM,2024Q2,0,Medium CSAT,1
2025-07-25,Madinah Central,Madinah,Small,Clothing,3642.88,50,Cash,4.0,8.200529856581323,2025,7,Friday,72.86,LOW,2025Q3,1,Medium CSAT,0
2025-12-25,Al Wajh,Tabuk,Medium,Household,7663.61,69,Mada,3.3,8.94423843109076,2025,12,Thursday,111.07,MEDIUM,2025Q4,0,Medium CSAT,1
2024-11-28,Al Aziziyah,Makkah,Large,Dairy,9689.34,103,Tabby,4.9,9.178781591110013,2024,11,Thursday,94.07,MEDIUM,2024Q4,0,High CSAT,0
2024-05-25,Jeddah North,Makkah,XLarge,Cleaning Supplies,25484.04,327,Visa,3.7,10.145807652847452,2024,5,Saturday,77.93,HIGH,2024Q2,1,Medium CSAT,0
2024-09-16,Al Khobar,Eastern Province,Large,Meat & Poultry,14163.66,154,Apple Pay,3.2,9.558434808425183,2024,9,Monday,91.97,HIGH,2024Q3,0,Medium CSAT,1
2024-07-01,Jeddah East,Makkah,Large,Meat & Poultry,11579.54,86,Mada,3.5,9.356995026676495,2024,7,Monday,134.65,HIGH,2024Q3,0,Medium CSAT,1
2024-03-09,Madinah North,Madinah,Large,Fresh Produce,18162.58,165,Mada,3.3,9.80711871254881,2024,3,Saturday,110.08,HIGH,2024Q1,1,Medium CSAT,1
2024-10-09,Al Bahah Central,Al Bahah,Small,Bakery,1526.17,50,Mada,4.2,7.330516607998729,2024,10,Wednesday,30.52,LOW,2024Q4,0,High CSAT,1
2025-10-30,Hittin,Riyadh,XLarge,Fresh Produce,19013.03,244,Cash,3.2,9.852879812576116,2025,10,Thursday,77.92,HIGH,2025Q4,0,Medium CSAT,0
2024-06-27,Khamis Mushait,Asir,Small,Electronics,2877.19,50,Mastercard,3.7,7.964569402385882,2024,6,Thursday,57.54,LOW,2024Q2,0,Medium CSAT,0
2025-11-03,Najran Central,Najran,Medium,Electronics,6935.32,58,Apple Pay,3.8,8.844382474438534,2025,11,Monday,119.57,MEDIUM,2025Q4,0,Medium CSAT,1
2025-01-05,Riyadh East,Riyadh,Large,Household,12816.92,143,STC Pay,3.6,9.458521452000117,2025,1,Sunday,89.63,HIGH,2025Q1,0,Medium CSAT,0
2026-01-07,Al Wajh,Tabuk,Medium,Electronics,9201.130000000001,50,Mastercard,3.5,9.127081581581582,2026,1,Wednesday,184.02,MEDIUM,2026Q1,0,Medium CSAT,0
2025-04-06,Jubail,Eastern Province,Large,Meat & Poultry,20230.15,160,Mada,4.6,9.9149293448649,2025,4,Sunday,126.44,HIGH,2025Q2,0,High CSAT,1
2026-04-10,Riyadh Central,Riyadh,Large,Bakery,9966.68,129,Mada,4.4,9.207002808502416,2026,4,Friday,77.26,MEDIUM,2026Q2,1,High CSAT,1
2024-04-08,Al Bahah Central,Al Bahah,Small,Clothing,3740.85,50,Cash,3.7,8.227068137313317,2024,4,Monday,74.82,LOW,2024Q2,0,Medium CSAT,0
2025-08-08,Al Aziziyah,Makkah,Large,Toys,10704.05,130,Visa,3.3,9.278377453508071,2025,8,Friday,82.34,HIGH,2025Q3,1,Medium CSAT,0
2025-02-19,Arar Central,Northern Borders,Small,Baby Products,9201.130000000001,50,Cash,3.7,9.127081581581582,2025,2,Wednesday,184.02,MEDIUM,2025Q1,0,Medium CSAT,0
2025-05-17,Al Wajh,Tabuk,Medium,Bakery,7163.61,106,Tamara,4.0,8.876769322837783,2025,5,Saturday,67.58,MEDIUM,2025Q2,1,Medium CSAT,0
2025-11-22,Khamis Mushait,Asir,Small,Beverages,3940.08,50,Visa,4.0,8.278956306654372,2025,11,Saturday,78.8,LOW,2025Q4,1,Medium CSAT,0
2025-07-01,Buraidah Central,Qassim,Medium,Clothing,6099.62,51,Mada,3.6,8.715981753139015,2025,7,Tuesday,119.6,MEDIUM,2025Q3,0,Medium CSAT,1
2024-07-26,Dhahran,Eastern Province,XLarge,Fresh Produce,15490.55,190,Mada,3.8,9.64798543955913,2024,7,Friday,81.53,HIGH,2024Q3,1,Medium CSAT,1
2024-02-01,Al Aziziyah,Makkah,Large,Clothing,14621.22,141,Visa,3.9,9.590229177154656,2024,2,Thursday,103.7,HIGH,2024Q1,0,Medium CSAT,0
2024-06-11,Riyadh East,Riyadh,Large,Electronics,9808.74,85,Apple Pay,4.0,9.191029103943267,2024,6,Tuesday,115.4,MEDIUM,2024Q2,0,Medium CSAT,1
2026-04-06,Al Bahah Central,Al Bahah,Small,Baby Products,2735.98,50,Mada,4.0,7.914244968774203,2026,4,Monday,54.72,LOW,2026Q2,0,Medium CSAT,1
2024-01-02,Riyadh South,Riyadh,Large,Baby Products,8470.89,79,Mada,3.6,9.044390858867366,2024,1,Tuesday,107.23,MEDIUM,2024Q1,0,Medium CSAT,1
2025-11-12,Unaizah,Qassim,Small,Beverages,2624.1,50,Mada,3.3,7.872493259093919,2025,11,Wednesday,52.48,LOW,2025Q4,0,Medium CSAT,1
2025-03-05,Al Malaz,Riyadh,Large,Meat & Poultry,21082.83,179,Mastercard,3.9,9.956214244118893,2025,3,Wednesday,117.78,HIGH,2025Q1,0,Medium CSAT,0
2024-09-20,Riyadh East,Riyadh,Large,Electronics,9201.130000000001,157,Mada,3.7,9.127081581581582,2024,9,Friday,58.61,MEDIUM,2024Q3,1,Medium CSAT,1
2025-08-25,Riyadh East,Riyadh,Large,Fresh Produce,11440.08,111,Visa,3.4,9.344878257916331,2025,8,Monday,103.06,HIGH,2025Q3,0,Medium CSAT,0
2025-03-27,Arar Central,Northern Borders,Small,Cleaning Supplies,2387.19,50,Mada,3.2,7.7778722209926245,2025,3,Thursday,47.74,LOW,2025Q1,0,Medium CSAT,1
2024-07-29,Jubail,Eastern Province,Large,Meat & Poultry,7800.22,69,Cash,3.6,8.96190721740813,2024,7,Monday,113.05,MEDIUM,2024Q3,0,Medium CSAT,0
2024-12-24,Abha Central,Asir,Small,Household,2187.45,50,Mastercard,3.3,7.690491760827684,2024,12,Tuesday,43.75,LOW,2024Q4,0,Medium CSAT,0
2026-05-23,Al Malaz,Riyadh,Large,Dairy,9201.130000000001,139,Apple Pay,3.9,9.127081581581582,2026,5,Saturday,66.2,MEDIUM,2026Q2,1,Medium CSAT,1
2025-09-18,Qatif,Eastern Province,XLarge,Cleaning Supplies,14322.18,177,Mada,3.9,9.569564663564991,2025,9,Thursday,80.92,HIGH,2025Q3,0,Medium CSAT,1
2024-10-26,Al Anbariyah,Madinah,Large,Dairy,15345.89,173,Cash,4.1,9.638602964720262,2024,10,Saturday,88.7,HIGH,2024Q4,1,High CSAT,0
2025-09-18,Dhahran,Eastern Province,XLarge,Household,15517.71,161,Mada,3.4,9.649737231304018,2025,9,Thursday,96.38,HIGH,2025Q3,0,Medium CSAT,1
2024-10-09,Al Anbariyah,Madinah,Large,Dairy,9420.43,121,Mada,3.3,9.150636014086977,2024,10,Wednesday,77.85,MEDIUM,2024Q4,0,Medium CSAT,1
2024-09-27,Tabuk Central,Tabuk,Medium,Frozen Foods,4611.36,59,Mastercard,3.9,8.436278103329538,2024,9,Friday,78.16,LOW,2024Q3,1,Medium CSAT,0
2025-05-27,Qatif,Eastern Province,XLarge,Personal Care,15583.32,162,STC Pay,4.3,9.653956390433384,2025,5,Tuesday,96.19,HIGH,2025Q2,0,High CSAT,0
2025-10-19,Unaizah,Qassim,Small,Household,4108.28,50,Mada,3.6,8.320759728414096,2025,10,Sunday,82.17,LOW,2025Q4,0,Medium CSAT,1
2026-02-17,Riyadh Central,Riyadh,Large,Fresh Produce,8848.67,105,Cash,4.0,9.088022444222554,2026,2,Tuesday,84.27,MEDIUM,2026Q1,0,Medium CSAT,0
2026-02-18,Najran Central,Najran,Large,Dairy,3008.7,50,Visa,4.0,8.009263370762273,2026,2,Wednesday,60.17,LOW,2026Q1,0,Medium CSAT,0
2025-01-14,Tabuk Central,Tabuk,Medium,Snacks & Confectionery,3846.48,50,Apple Pay,4.3,8.254913723353429,2025,1,Tuesday,76.93,LOW,2025Q1,0,High CSAT,1
2024-09-07,Riyadh East,Riyadh,Large,Dairy,9520.41,122,Apple Pay,3.7,9.161193194084936,2024,9,Saturday,78.04,MEDIUM,2024Q3,1,Medium CSAT,1
2025-08-03,Madinah Central,Madinah,Small,Electronics,3211.14,50,STC Pay,3.7,8.074381293263627,2025,8,Sunday,64.22,LOW,2025Q3,0,Medium CSAT,0
2024-05-19,Al Olaya,Riyadh,Large,Bakery,12243.6,187,Mada,3.5,9.41275863046926,2024,5,Sunday,65.47,HIGH,2024Q2,0,Medium CSAT,1
2024-07-13,Bisha,Asir,Medium,Meat & Poultry,7639.15,74,Mada,4.0,8.941041619426596,2024,7,Saturday,103.23,MEDIUM,2024Q3,1,Medium CSAT,1
2025-07-22,Riyadh Central,Riyadh,Large,Baby Products,12565.17,99,Visa,3.8,9.438683979532009,2025,7,Tuesday,126.92,HIGH,2025Q3,0,Medium CSAT,0
2025-07-19,Abha Central,Asir,Small,Bakery,2270.6,50,Mada,3.7,7.727799392730433,2025,7,Saturday,45.41,LOW,2025Q3,1,Medium CSAT,1
2024-03-15,Al Malaz,Riyadh,Large,Household,17823.52,169,STC Pay,3.7,9.788274212382346,2024,3,Friday,105.46,HIGH,2024Q1,1,Medium CSAT,0
2024-06-10,Tabuk Central,Tabuk,Medium,Frozen Foods,5101.64,50,Mada,4.0,8.537317335647758,2024,6,Monday,102.03,MEDIUM,2024Q2,0,Medium CSAT,1
2025-04-13,Dhahran,Eastern Province,XLarge,Dairy,21864.37,241,Cash,3.8,9.992613650260179,2025,4,Sunday,90.72,HIGH,2025Q2,0,Medium CSAT,0
2025-05-31,Tabuk Central,Tabuk,Medium,Clothing,10245.65,94,Apple Pay,4.4,9.234608504243626,2025,5,Saturday,109.0,HIGH,2025Q2,1,High CSAT,1
2026-05-01,Unaizah,Qassim,Small,Household,2229.9,50,STC Pay,3.4,7.709712020399357,2026,5,Friday,44.6,LOW,2026Q2,1,Medium CSAT,0
2025-08-05,Jeddah North,Makkah,XLarge,Meat & Poultry,22497.01,211,Cash,4.6,10.021137690473111,2025,8,Tuesday,106.62,HIGH,2025Q3,0,High CSAT,0
2025-10-24,Al Malaz,Riyadh,Large,Fresh Produce,13345.03,181,Cash,3.7,9.498899309869069,2025,10,Friday,73.73,HIGH,2025Q4,1,Medium CSAT,0
2024-07-31,Dhahran,Eastern Province,Large,Electronics,26109.37,179,Apple Pay,5.0,10.170049532715746,2024,7,Wednesday,145.86,HIGH,2024Q3,0,High CSAT,1
2024-02-18,Abha Central,Asir,Small,Snacks & Confectionery,2066.04,50,Mada,3.4,7.633389010576381,2024,2,Sunday,41.32,LOW,2024Q1,0,Medium CSAT,1
2026-01-17,Qatif,Eastern Province,XLarge,Fresh Produce,24602.15,272,Mada,4.2,10.110589116475422,2026,1,Saturday,90.45,HIGH,2026Q1,1,High CSAT,1
2024-06-05,Buraidah Central,Qassim,Medium,Bakery,3983.93,50,Cash,2.8,8.290024048269006,2024,6,Wednesday,79.68,LOW,2024Q2,0,Low CSAT,0
2024-07-28,Al Rawdah,Makkah,Large,Bakery,12405.03,99,Mada,4.5,9.425857314502663,2024,7,Sunday,125.3,HIGH,2024Q3,0,High CSAT,1
2025-03-27,Arar Central,Northern Borders,Small,Toys,9201.130000000001,50,Mada,2.7,9.127081581581582,2025,3,Thursday,184.02,MEDIUM,2025Q1,0,Low CSAT,1
2025-03-24,Riyadh Central,Riyadh,Large,Fresh Produce,16587.89,182,Visa,4.1,9.71642819004455,2025,3,Monday,91.14,HIGH,2025Q1,0,High CSAT,0
2024-09-12,Jubail,Eastern Province,Large,Electronics,17927.64,125,Mada,4.7,9.794098934957866,2024,9,Thursday,143.42,HIGH,2024Q3,0,High CSAT,1
2024-08-24,Jeddah East,Makkah,Large,Household,17268.13,155,Mada,4.1,9.756617885023218,2024,8,Saturday,111.41,HIGH,2024Q3,1,High CSAT,1
2024-01-30,Madinah North,Madinah,Large,Toys,8054.01,100,Cash,4.0,8.9939253830297,2024,1,Tuesday,80.54,MEDIUM,2024Q1,0,Medium CSAT,0
2026-03-29,Riyadh West,Riyadh,Large,Frozen Foods,14416.1,196,Apple Pay,4.0,9.57610091656102,2026,3,Sunday,73.55,HIGH,2026Q1,0,Medium CSAT,1
2025-04-10,Al Malaz,Riyadh,Large,Fresh Produce,9201.130000000001,162,Cash,4.2,9.127081581581582,2025,4,Thursday,56.8,MEDIUM,2025Q2,0,High CSAT,0
2026-04-13,Hail Central,Hail,Small,Meat & Poultry,3689.95,50,Mastercard,3.7,8.213368186807267,2026,4,Monday,73.8,LOW,2026Q2,0,Medium CSAT,0
2025-04-18,Unaizah,Qassim,Small,Baby Products,4448.65,50,Mada,3.3,8.400355958347543,2025,4,Friday,88.97,LOW,2025Q2,1,Medium CSAT,1
2025-02-27,Al Anbariyah,Madinah,Large,Frozen Foods,7094.63,99,Apple Pay,3.8,8.86709343883333,2025,2,Thursday,71.66,MEDIUM,2025Q1,0,Medium CSAT,1
2024-02-21,Al Anbariyah,Madinah,Large,Clothing,10459.69,81,Mada,3.1,9.255284100468456,2024,2,Wednesday,129.13,HIGH,2024Q1,0,Medium CSAT,1
2025-10-06,Najran Central,Najran,Medium,Household,4453.14,52,Mada,4.1,8.401364744306495,2025,10,Monday,85.64,LOW,2025Q4,0,High CSAT,1
2025-09-05,Jubail,Eastern Province,Large,Baby Products,10876.35,115,Mada,3.4,9.294345986183444,2025,9,Friday,94.58,HIGH,2025Q3,1,Medium CSAT,1
2025-06-03,Al Anbariyah,Madinah,Large,Fresh Produce,9551.67,95,Mada,4.1,9.164471287296903,2025,6,Tuesday,100.54,MEDIUM,2025Q2,0,High CSAT,1
2025-04-07,Al Aziziyah,Makkah,Large,Baby Products,13311.82,141,Cash,4.8,9.496407641334956,2025,4,Monday,94.41,HIGH,2025Q2,0,High CSAT,0
2025-06-27,Hittin,Riyadh,Large,Household,20738.07,185,Mada,4.6,9.939726420558568,2025,6,Friday,112.1,HIGH,2025Q2,1,High CSAT,1
2026-04-06,Tabuk Central,Tabuk,Medium,Personal Care,7296.67,82,STC Pay,4.2,8.895173358678298,2026,4,Monday,88.98,MEDIUM,2026Q2,0,High CSAT,0
2026-04-24,Riyadh South,Riyadh,Large,Toys,15548.93,99,STC Pay,3.5,9.651747104950454,2026,4,Friday,157.06,HIGH,2026Q2,1,Medium CSAT,0
2024-12-26,Jeddah North,Makkah,XLarge,Baby Products,18513.75,184,Mastercard,4.2,9.826268978241183,2024,12,Thursday,100.62,HIGH,2024Q4,0,High CSAT,0
2025-05-20,Hittin,Riyadh,XLarge,Fresh Produce,12130.39,156,STC Pay,4.3,9.403469153111265,2025,5,Tuesday,77.76,HIGH,2025Q2,0,High CSAT,0
2024-09-12,Al Anbariyah,Madinah,Large,Beverages,8207.16,83,Mada,3.7,9.012762222992253,2024,9,Thursday,98.88,MEDIUM,2024Q3,0,Medium CSAT,1
2024-06-29,Khamis Mushait,Asir,Small,Dairy,2481.29,50,Visa,3.8,7.816533865212361,2024,6,Saturday,49.63,LOW,2024Q2,1,Medium CSAT,0
2026-05-20,Khamis Mushait,Asir,Small,Cleaning Supplies,2270.95,50,Cash,3.3,7.72795352513047,2026,5,Wednesday,45.42,LOW,2026Q2,0,Medium CSAT,0
2024-10-28,Al Khobar,Eastern Province,Large,Cleaning Supplies,7440.52,99,Mada,3.7,8.91469601785789,2024,10,Monday,75.16,MEDIUM,2024Q4,0,Medium CSAT,1
2025-05-26,Buraidah Central,Qassim,Medium,Personal Care,4739.53,50,Mada,4.0,8.463693253654686,2025,5,Monday,94.79,LOW,2025Q2,0,Medium CSAT,1
2025-09-20,Abha Central,Asir,Small,Fresh Produce,3566.26,50,Cash,3.6,8.179272706589673,2025,9,Saturday,71.33,LOW,2025Q3,1,Medium CSAT,0
2024-07-13,Jubail,Eastern Province,Large,Beverages,14575.5,154,Mastercard,4.0,9.587097315947604,2024,7,Saturday,94.65,HIGH,2024Q3,1,Medium CSAT,0
2024-06-12,Al Rawdah,Makkah,Large,Personal Care,11412.16,111,Mada,4.2,9.342434732564584,2024,6,Wednesday,102.81,HIGH,2024Q2,0,High CSAT,1
2025-04-08,Jeddah East,Makkah,Large,Beverages,13160.22,173,Mada,3.7,9.484953922064804,2025,4,Tuesday,76.07,HIGH,2025Q2,0,Medium CSAT,1
2024-03-23,Tabuk Central,Tabuk,Medium,Meat & Poultry,16783.24,127,Apple Pay,4.0,9.728136048390644,2024,3,Saturday,132.15,HIGH,2024Q1,1,Medium CSAT,1
2024-01-29,Makkah City,Makkah,Large,Personal Care,9932.17,122,Mada,3.8,9.203534262873035,2024,1,Monday,81.41,MEDIUM,2024Q1,0,Medium CSAT,1
2024-08-11,Tabuk Central,Tabuk,Medium,Personal Care,5233.08,51,Mastercard,4.0,8.56275529385329,2024,8,Sunday,102.61,MEDIUM,2024Q3,0,Medium CSAT,0
2024-08-26,Bisha,Asir,Medium,Beverages,4076.0,52,Mada,3.2,8.312871394342615,2024,8,Monday,78.38,LOW,2024Q3,0,Medium CSAT,1
2025-11-11,Al Khobar,Eastern Province,Large,Fresh Produce,11893.61,128,Cash,4.2,9.383756560087111,2025,11,Tuesday,92.92,HIGH,2025Q4,0,High CSAT,0
2025-09-30,Al Anbariyah,Madinah,Large,Clothing,12195.16,108,Cash,3.9,9.408794430695155,2025,9,Tuesday,112.92,HIGH,2025Q3,0,Medium CSAT,0
2026-02-17,Unaizah,Qassim,Small,Electronics,3344.78,50,Apple Pay,3.8,8.11515620059372,2026,2,Tuesday,66.9,LOW,2026Q1,0,Medium CSAT,1
2025-12-22,Madinah Central,Madinah,Small,Electronics,4136.03,50,Mada,4.2,8.327491669546871,2025,12,Monday,82.72,LOW,2025Q4,0,High CSAT,1
2026-03-11,Jeddah East,Makkah,Large,Frozen Foods,7683.48,87,STC Pay,4.6,8.946827848511587,2026,3,Wednesday,88.32,MEDIUM,2026Q1,0,High CSAT,0
2025-12-29,Hittin,Riyadh,XLarge,Fresh Produce,16800.92,99,Mada,3.6,9.729188925796734,2025,12,Monday,169.71,HIGH,2025Q4,0,Medium CSAT,1
2024-04-16,Riyadh Central,Riyadh,Large,Fresh Produce,12972.59,134,Visa,3.8,9.470593948970768,2024,4,Tuesday,96.81,HIGH,2024Q2,0,Medium CSAT,0
2025-02-02,Riyadh South,Riyadh,Large,Dairy,9201.130000000001,103,Apple Pay,4.5,9.127081581581582,2025,2,Sunday,89.33,MEDIUM,2025Q1,0,High CSAT,1
2025-08-06,Jeddah East,Makkah,Large,Cleaning Supplies,9806.84,125,Visa,3.8,9.190835380382103,2025,8,Wednesday,78.45,MEDIUM,2025Q3,0,Medium CSAT,0
2024-09-07,Najran Central,Najran,Medium,Household,9781.15,108,Tabby,3.6,9.188212343028129,2024,9,Saturday,90.57,MEDIUM,2024Q3,1,Medium CSAT,0
2026-02-05,Bisha,Asir,Medium,Frozen Foods,4157.47,99,Mastercard,3.6,8.332661995166124,2026,2,Thursday,41.99,LOW,2026Q1,0,Medium CSAT,0
2024-10-30,Al Rawdah,Makkah,Large,Fresh Produce,11035.58,105,STC Pay,3.9,9.308879877345856,2024,10,Wednesday,105.1,HIGH,2024Q4,0,Medium CSAT,0
2024-07-06,Al Aziziyah,Makkah,Large,Toys,10453.65,90,Mada,3.6,9.254706478704746,2024,7,Saturday,116.15,HIGH,2024Q3,1,Medium CSAT,1
2025-06-28,Al Anbariyah,Madinah,Large,Baby Products,12938.85,112,Mada,3.0,9.467989692389956,2025,6,Saturday,115.53,HIGH,2025Q2,1,Low CSAT,1
2025-08-12,Dammam Central,Eastern Province,Large,Fresh Produce,9917.91,95,Mastercard,4.2,9.202097492597742,2025,8,Tuesday,104.4,MEDIUM,2025Q3,0,High CSAT,0
2024-08-12,Riyadh South,Riyadh,Large,Fresh Produce,9860.3,93,Mastercard,4.1,9.19627187309731,2024,8,Monday,106.02,MEDIUM,2024Q3,0,High CSAT,0
2025-12-24,Jeddah South,Makkah,Large,Electronics,11791.52,106,Mastercard,3.5,9.37513590803753,2025,12,Wednesday,111.24,HIGH,2025Q4,0,Medium CSAT,0
2024-07-12,Bisha,Asir,Medium,Electronics,10151.55,82,Mada,3.7,9.225381682170651,2024,7,Friday,123.8,HIGH,2024Q3,1,Medium CSAT,1
2024-10-03,Jeddah East,Makkah,Large,Household,10291.62,92,Mastercard,3.8,9.239085250838933,2024,10,Thursday,111.87,HIGH,2024Q4,0,Medium CSAT,0
2025-03-03,Jeddah South,Makkah,Large,Personal Care,17403.32,194,Visa,3.8,9.764416271599439,2025,3,Monday,89.71,HIGH,2025Q1,0,Medium CSAT,0
2024-03-02,Riyadh South,Riyadh,Large,Household,16506.18,160,Apple Pay,3.8,9.711490135218577,2024,3,Saturday,103.16,HIGH,2024Q1,1,Medium CSAT,1
2024-06-30,Madinah Central,Madinah,Small,Baby Products,3824.45,50,STC Pay,2.7,8.249169945072067,2024,6,Sunday,76.49,LOW,2024Q2,0,Low CSAT,0
2025-11-20,Khamis Mushait,Asir,Small,Baby Products,3465.21,50,Mada,3.7,8.150528515848137,2025,11,Thursday,69.3,LOW,2025Q4,0,Medium CSAT,1
2025-10-12,Qatif,Eastern Province,XLarge,Clothing,24534.12,216,Apple Pay,3.8,10.107820080752171,2025,10,Sunday,113.58,HIGH,2025Q4,0,Medium CSAT,1
2024-06-30,Bisha,Asir,Medium,Fresh Produce,5884.9,63,Mada,3.8,8.680145027196565,2024,6,Sunday,93.41,MEDIUM,2024Q2,0,Medium CSAT,1
2024-07-13,Riyadh West,Riyadh,Large,Household,12103.19,99,STC Pay,3.8,9.40122433320251,2024,7,Saturday,122.25,HIGH,2024Q3,1,Medium CSAT,0
2024-04-11,Jeddah North,Makkah,XLarge,Snacks & Confectionery,20942.6,279,Mada,4.4,9.949540640995673,2024,4,Thursday,75.06,HIGH,2024Q2,0,High CSAT,1
2025-06-25,Riyadh West,Riyadh,Large,Toys,9087.73,105,STC Pay,3.5,9.114680431012554,2025,6,Wednesday,86.55,MEDIUM,2025Q2,0,Medium CSAT,0
2025-02-19,Riyadh North,Riyadh,Large,Beverages,10233.14,114,Mastercard,3.3,9.23338675222057,2025,2,Wednesday,89.76,HIGH,2025Q1,0,Medium CSAT,0
2026-04-25,Abha Central,Asir,Small,Electronics,6009.69,53,Visa,3.9,8.701128445500087,2026,4,Saturday,113.39,MEDIUM,2026Q2,1,Medium CSAT,0
2026-05-26,Al Olaya,Riyadh,Large,Dairy,8659.43,119,Visa,3.8,9.066404179528828,2026,5,Tuesday,72.77,MEDIUM,2026Q2,0,Medium CSAT,0
2024-04-29,Tabuk Central,Tabuk,Medium,Household,6140.53,51,Tabby,3.9,8.72266633663414,2024,4,Monday,120.4,MEDIUM,2024Q2,0,Medium CSAT,0
2025-08-16,Tabuk Central,Tabuk,Medium,Clothing,10789.68,95,Mada,3.7,9.286345400722501,2025,8,Saturday,113.58,HIGH,2025Q3,1,Medium CSAT,1
2026-01-03,Riyadh North,Riyadh,Large,Fresh Produce,16187.1,171,Mada,3.6,9.691969907711876,2026,1,Saturday,94.66,HIGH,2026Q1,1,Medium CSAT,1
2025-06-30,Bisha,Asir,Medium,Fresh Produce,3971.79,50,Visa,4.1,8.286972153676757,2025,6,Monday,79.44,LOW,2025Q2,0,High CSAT,0
2024-11-11,Al Rawdah,Makkah,Large,Personal Care,11287.38,137,Mada,4.0,9.331440566439493,2024,11,Monday,82.39,HIGH,2024Q4,0,Medium CSAT,1
2024-08-16,Jubail,Eastern Province,Large,Clothing,15849.22,144,Cash,3.5,9.670875566738042,2024,8,Friday,110.06,HIGH,2024Q3,1,Medium CSAT,0
2025-08-16,Makkah City,Makkah,Large,Electronics,23806.56,166,Mada,3.9,10.077716451932627,2025,8,Saturday,143.41,HIGH,2025Q3,1,Medium CSAT,1
2025-03-09,Tabuk Central,Tabuk,Medium,Baby Products,12884.67,101,Mada,3.5,9.463793511582708,2025,3,Sunday,127.57,HIGH,2025Q1,0,Medium CSAT,1
2025-07-20,Riyadh Central,Riyadh,Large,Beverages,13457.1,170,Mada,3.5,9.507262126790694,2025,7,Sunday,79.16,HIGH,2025Q3,0,Medium CSAT,1
2025-12-03,Hafuf,Eastern Province,Large,Personal Care,6429.24,65,Cash,3.1,8.768611614289519,2025,12,Wednesday,98.91,MEDIUM,2025Q4,0,Medium CSAT,0
2026-05-17,Al Jawf Central,Al Jawf,Small,Meat & Poultry,3191.6,50,Apple Pay,3.6,8.068277637434125,2026,5,Sunday,63.83,LOW,2026Q2,0,Medium CSAT,1
2025-10-07,Buraidah Central,Qassim,Medium,Meat & Poultry,5725.48,53,Mada,4.1,8.65268166770259,2025,10,Tuesday,108.03,MEDIUM,2025Q4,0,High CSAT,1
2024-01-29,Unaizah,Qassim,Small,Dairy,1543.29,50,Mada,3.8,7.341671780264202,2024,1,Monday,30.87,LOW,2024Q1,0,Medium CSAT,1
2026-04-05,Al Jawf Central,Al Jawf,Small,Electronics,5028.27,50,Cash,3.7,8.522831267552393,2026,4,Sunday,100.57,MEDIUM,2026Q2,0,Medium CSAT,0
2024-05-22,Bisha,Asir,Medium,Electronics,8527.31,62,Visa,3.7,9.051029233188524,2024,5,Wednesday,137.54,MEDIUM,2024Q2,0,Medium CSAT,0
2024-01-19,Riyadh South,Riyadh,Large,Fresh Produce,13902.32,156,Mada,3.1,9.539811011666266,2024,1,Friday,89.12,HIGH,2024Q1,1,Medium CSAT,1
2025-07-23,Riyadh Central,Riyadh,Large,Personal Care,9201.130000000001,104,Mastercard,3.7,9.127081581581582,2025,7,Wednesday,88.47,MEDIUM,2025Q3,0,Medium CSAT,0
2024-12-03,Riyadh East,Riyadh,Large,Clothing,13786.18,121,Mada,3.4,9.531421920084572,2024,12,Tuesday,113.94,HIGH,2024Q4,0,Medium CSAT,1
2025-07-20,Al Olaya,Riyadh,Large,Baby Products,13259.13,112,Cash,3.5,9.492441650727638,2025,7,Sunday,118.39,HIGH,2025Q3,0,Medium CSAT,0
2026-03-18,Hail Central,Hail,Small,Electronics,3124.67,50,Cash,3.8,8.04708395659443,2026,3,Wednesday,62.49,LOW,2026Q1,0,Medium CSAT,0
2024-04-14,Bisha,Asir,Medium,Snacks & Confectionery,7938.63,100,Visa,4.1,8.979495995273135,2024,4,Sunday,79.39,MEDIUM,2024Q2,0,High CSAT,0
2025-01-01,Riyadh North,Riyadh,Large,Fresh Produce,8645.97,86,Visa,4.3,9.064848595408927,2025,1,Wednesday,100.53,MEDIUM,2025Q1,0,High CSAT,0
2025-03-18,Al Khobar,Eastern Province,Large,Electronics,20256.37,172,STC Pay,2.8,9.916224590969811,2025,3,Tuesday,117.77,HIGH,2025Q1,0,Low CSAT,0
2025-10-31,Riyadh North,Riyadh,Large,Beverages,9759.99,110,Visa,4.0,9.18604665481645,2025,10,Friday,88.73,MEDIUM,2025Q4,1,Medium CSAT,0
2025-03-13,Al Rawdah,Makkah,Large,Toys,15306.05,131,Mada,3.8,9.636003454057331,2025,3,Thursday,116.84,HIGH,2025Q1,0,Medium CSAT,1
2024-11-06,Al Khobar,Eastern Province,Large,Bakery,11021.57,152,STC Pay,3.8,9.307609540798834,2024,11,Wednesday,72.51,HIGH,2024Q4,0,Medium CSAT,0
2024-02-09,Dhahran,Eastern Province,Large,Frozen Foods,17447.4,168,Mada,3.7,9.766945919394727,2024,2,Friday,103.85,HIGH,2024Q1,1,Medium CSAT,1
2024-05-20,Najran Central,Najran,Medium,Beverages,3803.14,50,STC Pay,4.2,8.243582320293012,2024,5,Monday,76.06,LOW,2024Q2,0,High CSAT,0
2024-05-07,Jeddah East,Makkah,Large,Meat & Poultry,11640.0,93,Visa,3.6,9.36220272128543,2024,5,Tuesday,125.16,HIGH,2024Q2,0,Medium CSAT,0
2024-09-21,Riyadh North,Riyadh,Large,Beverages,13714.12,154,Visa,3.4,9.526181237988324,2024,9,Saturday,89.05,HIGH,2024Q3,1,Medium CSAT,0
2025-01-16,Jubail,Eastern Province,Large,Personal Care,10788.0,105,Cash,3.9,9.28618968425962,2025,1,Thursday,102.74,HIGH,2025Q1,0,Medium CSAT,0
2024-11-16,Madinah Central,Madinah,Small,Snacks & Confectionery,2446.31,50,Mada,3.3,7.802336045747258,2024,11,Saturday,48.93,LOW,2024Q4,1,Medium CSAT,1
2024-08-11,Hafuf,Eastern Province,Medium,Toys,5454.9,65,Visa,4.1,8.604269566293459,2024,8,Sunday,83.92,MEDIUM,2024Q3,0,High CSAT,0
2025-11-05,Makkah City,Makkah,Large,Fresh Produce,8853.0,112,STC Pay,3.8,9.08851166361105,2025,11,Wednesday,79.04,MEDIUM,2025Q4,0,Medium CSAT,0
2024-08-30,Najran Central,Najran,Medium,Clothing,9481.04,86,Mada,4.2,9.157049293873303,2024,8,Friday,110.24,MEDIUM,2024Q3,1,High CSAT,1
2025-10-19,Unaizah,Qassim,Small,Bakery,2756.43,50,Mada,4.2,7.921691643185253,2025,10,Sunday,55.13,LOW,2025Q4,0,High CSAT,1
2025-07-21,Jubail,Eastern Province,Large,Fresh Produce,7624.72,90,Mada,3.9,8.939150879489894,2025,7,Monday,84.72,MEDIUM,2025Q3,0,Medium CSAT,1
2024-04-13,Jubail,Eastern Province,Large,Baby Products,19316.01,171,Mada,3.6,9.868689564698828,2024,4,Saturday,112.96,HIGH,2024Q2,1,Medium CSAT,1
2025-04-04,Al Malaz,Riyadh,Large,Meat & Poultry,13930.83,103,Apple Pay,4.1,9.541859648631265,2025,4,Friday,135.25,HIGH,2025Q2,1,High CSAT,1
2024-09-21,Al Malaz,Riyadh,Large,Dairy,12556.28,155,Apple Pay,3.9,9.437976217808773,2024,9,Saturday,81.01,HIGH,2024Q3,1,Medium CSAT,1
2024-12-31,Al Rawdah,Makkah,Large,Dairy,11096.45,159,Mastercard,4.0,9.31438051632734,2024,12,Tuesday,69.79,HIGH,2024Q4,0,Medium CSAT,0
2024-05-01,Arar Central,Northern Borders,Small,Dairy,1725.55,50,Visa,3.3,7.453301119226315,2024,5,Wednesday,34.51,LOW,2024Q2,0,Medium CSAT,0
2024-09-23,Al Aziziyah,Makkah,Large,Cleaning Supplies,7032.37,79,Mada,3.3,8.858279054590591,2024,9,Monday,89.02,MEDIUM,2024Q3,0,Medium CSAT,1
2024-07-18,Madinah Central,Madinah,Small,Bakery,1430.99,50,Apple Pay,3.6,7.266121791411838,2024,7,Thursday,28.62,LOW,2024Q3,0,Medium CSAT,1
2024-09-02,Al Aziziyah,Makkah,Large,Household,11939.91,124,Mada,4.2,9.387641849229743,2024,9,Monday,96.29,HIGH,2024Q3,0,High CSAT,1
2025-07-01,Al Jawf Central,Al Jawf,Small,Snacks & Confectionery,2193.95,50,Mada,3.4,7.693458851149786,2025,7,Tuesday,43.88,LOW,2025Q3,0,Medium CSAT,1
2025-05-06,Jeddah East,Makkah,Large,Fresh Produce,9206.52,93,Mada,4.0,9.127667207683126,2025,5,Tuesday,98.99,MEDIUM,2025Q2,0,Medium CSAT,1
2024-07-04,Jubail,Eastern Province,Large,Toys,7916.32,80,Apple Pay,4.4,8.976681730362206,2024,7,Thursday,98.95,MEDIUM,2024Q3,0,High CSAT,1
2024-12-01,Al Rawdah,Makkah,Large,Beverages,16406.55,216,Visa,4.2,9.705435924321138,2024,12,Sunday,75.96,HIGH,2024Q4,0,High CSAT,0
2024-12-30,Al Olaya,Riyadh,Large,Beverages,9535.25,102,Apple Pay,4.1,9.162750736883252,2024,12,Monday,93.48,MEDIUM,2024Q4,0,High CSAT,1
2024-03-30,Al Bahah Central,Al Bahah,Small,Beverages,5378.04,60,Mada,3.8,8.590079274510336,2024,3,Saturday,89.63,MEDIUM,2024Q1,1,Medium CSAT,1
2024-11-13,Riyadh West,Riyadh,Large,Snacks & Confectionery,8272.6,86,Visa,3.3,9.020704127966887,2024,11,Wednesday,96.19,MEDIUM,2024Q4,0,Medium CSAT,0
2025-01-20,Al Anbariyah,Madinah,Large,Beverages,8776.51,122,Mada,3.4,9.079834113302121,2025,1,Monday,71.94,MEDIUM,2025Q1,0,Medium CSAT,1
2025-12-07,Riyadh North,Riyadh,Large,Electronics,16794.41,134,Mada,3.5,9.72880137192651,2025,12,Sunday,125.33,HIGH,2025Q4,0,Medium CSAT,1
2025-08-14,Madinah Central,Madinah,Small,Cleaning Supplies,1425.41,50,Mastercard,3.5,7.262214770617737,2025,8,Thursday,28.51,LOW,2025Q3,0,Medium CSAT,0
2025-07-07,Al Malaz,Riyadh,Large,Clothing,11299.16,90,Mada,4.0,9.332483665654168,2025,7,Monday,125.55,HIGH,2025Q3,0,Medium CSAT,1
2025-02-03,Al Khobar,Eastern Province,Large,Baby Products,8455.81,89,Mada,3.8,9.042609058045034,2025,2,Monday,95.01,MEDIUM,2025Q1,0,Medium CSAT,1
2025-08-19,Arar Central,Northern Borders,Small,Fresh Produce,1913.89,50,Mada,2.7,7.556893099096995,2025,8,Tuesday,38.28,LOW,2025Q3,0,Low CSAT,1
2024-12-02,Al Bahah Central,Al Bahah,Small,Personal Care,2722.26,50,Cash,3.4,7.909217696651327,2024,12,Monday,54.45,LOW,2024Q4,0,Medium CSAT,0
2024-07-02,Riyadh South,Riyadh,Large,Beverages,6654.87,80,Mastercard,3.8,8.803104196453594,2024,7,Tuesday,83.19,MEDIUM,2024Q3,0,Medium CSAT,0
2026-04-19,Riyadh West,Riyadh,Large,Household,14449.97,126,Visa,4.3,9.578447617413856,2026,4,Sunday,114.68,HIGH,2026Q2,0,High CSAT,0
2024-01-15,Arar Central,Northern Borders,Small,Frozen Foods,2386.53,50,STC Pay,2.9,7.777595707077186,2024,1,Monday,47.73,LOW,2024Q1,0,Low CSAT,0
2024-12-02,Al Anbariyah,Madinah,Large,Frozen Foods,12002.53,152,Mada,3.0,9.392872739881247,2024,12,Monday,78.96,HIGH,2024Q4,0,Low CSAT,1
2025-02-04,Buraidah Central,Qassim,Medium,Fresh Produce,5517.6,53,Mada,3.8,8.615698262117082,2025,2,Tuesday,104.11,MEDIUM,2025Q1,0,Medium CSAT,1
2024-08-02,Riyadh North,Riyadh,Large,Meat & Poultry,9201.130000000001,129,Visa,3.9,9.127081581581582,2024,8,Friday,71.33,MEDIUM,2024Q3,1,Medium CSAT,0
2026-05-04,Al Bahah Central,Al Bahah,Large,Dairy,1802.47,50,Visa,3.1,7.496913225469974,2026,5,Monday,36.05,LOW,2026Q2,0,Medium CSAT,0
2026-01-25,Riyadh North,Riyadh,Large,Clothing,18914.97,188,Apple Pay,3.1,9.84770895102305,2026,1,Sunday,100.61,HIGH,2026Q1,0,Medium CSAT,1
2025-03-31,Al Olaya,Riyadh,Large,Electronics,13636.5,97,Visa,3.5,9.520505300230022,2025,3,Monday,140.58,HIGH,2025Q1,0,Medium CSAT,0
2025-03-09,Al Wajh,Tabuk,Medium,Bakery,9179.48,136,Cash,4.0,9.12472583712998,2025,3,Sunday,67.5,MEDIUM,2025Q1,0,Medium CSAT,0
2025-07-05,Al Jawf Central,Al Jawf,Small,Frozen Foods,3389.55,50,Mastercard,3.3,8.128452448200484,2025,7,Saturday,67.79,LOW,2025Q3,1,Medium CSAT,0
2024-07-18,Jubail,Eastern Province,Large,Meat & Poultry,9192.85,91,Cash,3.2,9.126181286967881,2024,7,Thursday,101.02,MEDIUM,2024Q3,0,Medium CSAT,0
2024-01-11,Al Malaz,Riyadh,Large,Snacks & Confectionery,7656.05,79,Visa,3.5,8.94325146393696,2024,1,Thursday,96.91,MEDIUM,2024Q1,0,Medium CSAT,0
2024-11-10,Najran Central,Najran,Medium,Snacks & Confectionery,5573.82,63,Mada,3.3,8.625835914732527,2024,11,Sunday,88.47,MEDIUM,2024Q4,0,Medium CSAT,1
2024-12-01,Buraidah Central,Qassim,Medium,Snacks & Confectionery,8518.78,118,Mastercard,4.0,9.050028417082075,2024,12,Sunday,72.19,MEDIUM,2024Q4,0,Medium CSAT,0
2024-10-17,Riyadh East,Riyadh,Large,Cleaning Supplies,8444.18,99,Mastercard,3.8,9.041232725652426,2024,10,Thursday,85.29,MEDIUM,2024Q4,0,Medium CSAT,0
2025-03-26,Makkah City,Makkah,Large,Toys,12048.96,127,Visa,3.6,9.396733628140192,2025,3,Wednesday,94.87,HIGH,2025Q1,0,Medium CSAT,0
2026-03-28,Madinah North,Madinah,Large,Toys,17128.9,189,Visa,3.7,9.748522374428518,2026,3,Saturday,90.63,HIGH,2026Q1,1,Medium CSAT,0
2024-04-02,Al Wajh,Tabuk,Medium,Baby Products,9180.58,99,Mada,3.3,9.124845662446598,2024,4,Tuesday,92.73,MEDIUM,2024Q2,0,Medium CSAT,1
2024-09-02,Khamis Mushait,Asir,Small,Household,2429.03,50,Apple Pay,3.0,7.7952472796875325,2024,9,Monday,48.58,LOW,2024Q3,0,Low CSAT,1
2024-04-13,Hittin,Riyadh,XLarge,Bakery,23301.44,367,Visa,3.6,10.0562704402192,2024,4,Saturday,63.49,HIGH,2024Q2,1,Medium CSAT,0
2025-04-27,Madinah North,Madinah,Large,Beverages,15133.64,203,Visa,3.2,9.624675359473192,2025,4,Sunday,74.55,HIGH,2025Q2,0,Medium CSAT,0
2026-02-23,Tabuk Central,Tabuk,Medium,Meat & Poultry,9201.130000000001,50,Mada,3.9,9.127081581581582,2026,2,Monday,184.02,MEDIUM,2026Q1,0,Medium CSAT,1
2024-09-19,Al Anbariyah,Madinah,Large,Toys,8294.65,84,Cash,3.9,9.023366007641522,2024,9,Thursday,98.75,MEDIUM,2024Q3,0,Medium CSAT,0
2025-09-30,Al Olaya,Riyadh,Large,Beverages,11340.71,157,Visa,3.9,9.33615418555108,2025,9,Tuesday,72.23,HIGH,2025Q3,0,Medium CSAT,0
2025-11-16,Al Aziziyah,Makkah,Large,Electronics,9201.130000000001,169,Mada,3.8,9.127081581581582,2025,11,Sunday,54.44,MEDIUM,2025Q4,0,Medium CSAT,1
2025-03-08,Al Rawdah,Makkah,Large,Snacks & Confectionery,16199.96,226,Mada,4.3,9.692764052081625,2025,3,Saturday,71.68,HIGH,2025Q1,1,High CSAT,1
2025-11-23,Al Anbariyah,Madinah,Large,Fresh Produce,12976.76,158,Mada,3.7,9.470915344307135,2025,11,Sunday,82.13,HIGH,2025Q4,0,Medium CSAT,1
2025-08-12,Riyadh North,Riyadh,Large,Snacks & Confectionery,7809.54,92,Mada,4.1,8.963101342251495,2025,8,Tuesday,84.89,MEDIUM,2025Q3,0,High CSAT,1
2025-08-06,Riyadh Central,Riyadh,Large,Household,8434.21,93,Mada,3.5,9.040051333213977,2025,8,Wednesday,90.69,MEDIUM,2025Q3,0,Medium CSAT,1
2024-11-23,Dammam Central,Eastern Province,Large,Meat & Poultry,9201.130000000001,230,Mada,3.5,9.127081581581582,2024,11,Saturday,40.0,MEDIUM,2024Q4,1,Medium CSAT,1
2025-07-04,Qatif,Eastern Province,XLarge,Beverages,9201.130000000001,279,Cash,4.0,9.127081581581582,2025,7,Friday,32.98,MEDIUM,2025Q3,1,Medium CSAT,0
2026-04-05,Al Wajh,Tabuk,Medium,Household,9486.34,80,Cash,4.1,9.157608148089114,2026,4,Sunday,118.58,MEDIUM,2026Q2,0,High CSAT,0
2026-05-09,Khamis Mushait,Asir,Small,Dairy,3304.14,50,Apple Pay,3.9,8.10293150662452,2026,5,Saturday,66.08,LOW,2026Q2,1,Medium CSAT,1
2026-02-17,Al Jawf Central,Al Jawf,Small,Electronics,2848.55,50,Visa,4.5,7.954565371864518,2026,2,Tuesday,56.97,LOW,2026Q1,0,High CSAT,0
2025-10-29,Hail Central,Hail,Small,Fresh Produce,3072.21,50,Mada,3.0,8.030152451306167,2025,10,Wednesday,61.44,LOW,2025Q4,0,Low CSAT,1
2024-01-15,Hail Central,Hail,Small,Fresh Produce,2337.56,50,Visa,4.0,7.756862929282611,2024,1,Monday,46.75,LOW,2024Q1,0,Medium CSAT,0
2024-12-23,Hittin,Riyadh,XLarge,Snacks & Confectionery,13724.95,192,Tabby,4.1,9.526970623383846,2024,12,Monday,71.48,HIGH,2024Q4,0,High CSAT,0
2024-12-23,Makkah City,Makkah,Large,Fresh Produce,9190.97,83,Mada,4.0,9.125976759290113,2024,12,Monday,110.73,MEDIUM,2024Q4,0,Medium CSAT,1
2024-08-26,Jeddah South,Makkah,Large,Personal Care,11115.12,127,Mada,3.8,9.31606162256134,2024,8,Monday,87.52,HIGH,2024Q3,0,Medium CSAT,1
2024-03-08,Dammam Central,Eastern Province,Large,Toys,10182.2,106,Visa,3.8,9.228396376775754,2024,3,Friday,96.06,HIGH,2024Q1,1,Medium CSAT,0
2024-04-12,Dammam Central,Eastern Province,Large,Fresh Produce,15370.48,161,Apple Pay,4.1,9.64020406571319,2024,4,Friday,95.47,HIGH,2024Q2,1,High CSAT,1
2025-09-28,Riyadh South,Riyadh,Large,Personal Care,14068.86,124,Visa,3.3,9.551719123371699,2025,9,Sunday,113.46,HIGH,2025Q3,0,Medium CSAT,0
2024-05-27,Jeddah North,Makkah,XLarge,Household,18780.17,185,Visa,4.0,9.840556804904457,2024,5,Monday,101.51,HIGH,2024Q2,0,Medium CSAT,0
2024-09-18,Khamis Mushait,Asir,Small,Personal Care,2795.4,50,Mada,3.1,7.935730488050806,2024,9,Wednesday,55.91,LOW,2024Q3,0,Medium CSAT,1
2025-05-22,Al Malaz,Riyadh,Large,Snacks & Confectionery,10473.72,111,Cash,4.1,9.256624541619777,2025,5,Thursday,94.36,HIGH,2025Q2,0,High CSAT,0
2024-06-25,Al Rawdah,Makkah,Large,Fresh Produce,8154.41,102,Cash,3.3,9.006314164185248,2024,6,Tuesday,79.95,MEDIUM,2024Q2,0,Medium CSAT,0
2024-11-08,Al Aziziyah,Makkah,Large,Beverages,12048.0,152,Mada,3.6,9.396653950039674,2024,11,Friday,79.26,HIGH,2024Q4,1,Medium CSAT,1
2025-04-04,Bisha,Asir,Medium,Fresh Produce,8435.31,110,Mada,3.8,9.040181745934857,2025,4,Friday,76.68,MEDIUM,2025Q2,1,Medium CSAT,1
2024-02-02,Riyadh East,Riyadh,Large,Frozen Foods,11444.27,116,STC Pay,3.8,9.345244447040935,2024,2,Friday,98.66,HIGH,2024Q1,1,Medium CSAT,0
2024-07-20,Abha Central,Asir,Small,Household,9201.130000000001,50,Mada,3.7,9.127081581581582,2024,7,Saturday,184.02,MEDIUM,2024Q3,1,Medium CSAT,1
2025-09-11,Najran Central,Najran,Medium,Electronics,6833.08,52,Cash,4.3,8.82953080260043,2025,9,Thursday,131.41,MEDIUM,2025Q3,0,High CSAT,0
2024-01-27,Riyadh Central,Riyadh,Large,Bakery,13344.96,175,Mada,3.7,9.498894064456838,2024,1,Saturday,76.26,HIGH,2024Q1,1,Medium CSAT,1
2025-11-01,Riyadh East,Riyadh,Large,Fresh Produce,15566.13,99,Visa,3.7,9.652852679019857,2025,11,Saturday,157.23,HIGH,2025Q4,1,Medium CSAT,0
2025-04-28,Al Jawf Central,Al Jawf,Small,Clothing,3867.86,50,Mada,3.7,8.260456661502433,2025,4,Monday,77.36,LOW,2025Q2,0,Medium CSAT,1
2026-04-03,Riyadh North,Riyadh,Large,Dairy,15494.58,226,Apple Pay,3.8,9.648245564336579,2026,4,Friday,68.56,HIGH,2026Q2,1,Medium CSAT,1
2024-04-23,Al Bahah Central,Al Bahah,Small,Household,2994.01,50,Cash,2.9,8.004368904987356,2024,4,Tuesday,59.88,LOW,2024Q2,0,Low CSAT,0
2025-04-10,Riyadh Central,Riyadh,Large,Bakery,8890.31,97,Tabby,4.1,9.092717198541154,2025,4,Thursday,91.65,MEDIUM,2025Q2,0,High CSAT,0
2026-05-27,Al Khobar,Eastern Province,Large,Cleaning Supplies,9201.1,103,Cash,3.2,9.127078321107172,2026,5,Wednesday,89.33,MEDIUM,2026Q2,0,Medium CSAT,0
2024-01-16,Bisha,Asir,Medium,Fresh Produce,3743.52,50,Mada,4.7,8.227781624250298,2024,1,Tuesday,74.87,LOW,2024Q1,0,High CSAT,1
2025-08-20,Riyadh North,Riyadh,Large,Frozen Foods,7894.74,87,Apple Pay,4.3,8.973951993911871,2025,8,Wednesday,90.74,MEDIUM,2025Q3,0,High CSAT,1
2025-01-19,Jeddah East,Makkah,Large,Bakery,11319.16,131,Visa,3.7,9.334252144056855,2025,1,Sunday,86.41,HIGH,2025Q1,0,Medium CSAT,0
2025-04-26,Makkah City,Makkah,Large,Clothing,21190.24,191,Mada,3.9,9.961295977295421,2025,4,Saturday,110.94,HIGH,2025Q2,1,Medium CSAT,1
2025-11-24,Riyadh North,Riyadh,Large,Fresh Produce,9434.05,101,Mada,3.6,9.152080763808963,2025,11,Monday,93.41,MEDIUM,2025Q4,0,Medium CSAT,1
2024-05-14,Riyadh East,Riyadh,Large,Personal Care,7488.26,66,Tabby,3.8,8.921091739776848,2024,5,Tuesday,113.46,MEDIUM,2024Q2,0,Medium CSAT,0
2025-08-18,Unaizah,Qassim,Small,Fresh Produce,2436.46,50,Visa,3.0,7.798301445157215,2025,8,Monday,48.73,LOW,2025Q3,0,Low CSAT,0
2026-01-20,Al Khobar,Eastern Province,Large,Household,10569.27,102,Mada,4.2,9.265706013092354,2026,1,Tuesday,103.62,HIGH,2026Q1,0,High CSAT,1
2026-03-21,Al Wajh,Tabuk,Medium,Baby Products,11014.07,112,Cash,2.3,9.306928825349715,2026,3,Saturday,98.34,HIGH,2026Q1,1,Low CSAT,0
2025-05-27,Riyadh Central,Riyadh,Large,Dairy,8107.25,91,Visa,4.1,9.000514002060038,2025,5,Tuesday,89.09,MEDIUM,2025Q2,0,High CSAT,0
2025-03-24,Madinah Central,Madinah,Small,Household,4146.29,50,Visa,3.2,8.329969237486358,2025,3,Monday,82.93,LOW,2025Q1,0,Medium CSAT,0
2024-03-28,Makkah City,Makkah,Large,Electronics,21727.21,160,Mastercard,3.8,9.98632067108182,2024,3,Thursday,135.8,HIGH,2024Q1,0,Medium CSAT,0
2026-04-23,Buraidah Central,Qassim,Medium,Baby Products,8422.29,70,Visa,3.8,9.038637041755267,2026,4,Thursday,120.32,MEDIUM,2026Q2,0,Medium CSAT,0
2026-03-15,Al Aziziyah,Makkah,Large,Bakery,9201.130000000001,144,Visa,3.6,9.127081581581582,2026,3,Sunday,63.9,MEDIUM,2026Q1,0,Medium CSAT,0
2025-04-04,Dammam Central,Eastern Province,Large,Electronics,26570.67,176,Mada,4.2,10.187563254845415,2025,4,Friday,150.97,HIGH,2025Q2,1,High CSAT,1
2025-03-18,Dammam Central,Eastern Province,Large,Toys,12668.37,107,Cash,3.7,9.44686361468385,2025,3,Tuesday,118.4,HIGH,2025Q1,0,Medium CSAT,0
2024-07-23,Jeddah South,Makkah,Large,Fresh Produce,9304.38,128,Cash,4.7,9.138240536012786,2024,7,Tuesday,72.69,MEDIUM,2024Q3,0,High CSAT,0
2024-08-01,Riyadh Central,Riyadh,Large,Electronics,15997.74,99,Visa,3.9,9.680202741245198,2024,8,Thursday,161.59,HIGH,2024Q3,0,Medium CSAT,0
2024-09-11,Khamis Mushait,Asir,Small,Frozen Foods,2505.47,50,Mada,3.1,7.826231620670142,2024,9,Wednesday,50.11,LOW,2024Q3,0,Medium CSAT,1
2025-06-12,Riyadh Central,Riyadh,Large,Frozen Foods,9099.28,106,Cash,3.5,9.115950568495599,2025,6,Thursday,85.84,MEDIUM,2025Q2,0,Medium CSAT,0
2024-05-01,Al Anbariyah,Madinah,Large,Electronics,12622.65,100,Apple Pay,4.2,9.443248098203757,2024,5,Wednesday,126.23,HIGH,2024Q2,0,High CSAT,1
2026-04-20,Jeddah North,Makkah,XLarge,Toys,17040.9,157,Mada,4.3,9.743371615889952,2026,4,Monday,108.54,HIGH,2026Q2,0,High CSAT,1
2026-03-02,Unaizah,Qassim,Small,Beverages,2159.44,50,Cash,3.8,7.67760420780546,2026,3,Monday,43.19,LOW,2026Q1,0,Medium CSAT,0
2024-11-03,Qatif,Eastern Province,XLarge,Snacks & Confectionery,23651.11,240,Apple Pay,4.0,10.07116532727958,2024,11,Sunday,98.55,HIGH,2024Q4,0,Medium CSAT,1
2025-05-06,Al Wajh,Tabuk,Medium,Meat & Poultry,7172.8,53,Cash,3.8,8.878051373401176,2025,5,Tuesday,135.34,MEDIUM,2025Q2,0,Medium CSAT,0
2024-10-10,Al Jawf Central,Al Jawf,Small,Bakery,2247.09,50,Cash,3.2,7.717391324787752,2024,10,Thursday,44.94,LOW,2024Q4,0,Medium CSAT,0
2025-04-01,Madinah North,Madinah,Large,Fresh Produce,8819.01,112,Mada,3.5,9.084664897802949,2025,4,Tuesday,78.74,MEDIUM,2025Q2,0,Medium CSAT,1
2025-12-11,Abha Central,Asir,Small,Household,2600.23,50,Tabby,3.2,7.863355181635543,2025,12,Thursday,52.0,LOW,2025Q4,0,Medium CSAT,0
2024-06-02,Dhahran,Eastern Province,XLarge,Fresh Produce,26021.82,261,Apple Pay,4.4,10.16669069581561,2024,6,Sunday,99.7,HIGH,2024Q2,0,High CSAT,1
2026-02-19,Jubail,Eastern Province,Large,Meat & Poultry,9672.76,71,Mada,3.8,9.177068966544233,2026,2,Thursday,136.24,MEDIUM,2026Q1,0,Medium CSAT,1
2024-10-17,Al Anbariyah,Madinah,Large,Toys,11830.65,142,Mada,3.9,9.378448900517954,2024,10,Thursday,83.31,HIGH,2024Q4,0,Medium CSAT,1
2025-07-17,Riyadh South,Riyadh,Large,Cleaning Supplies,6568.49,91,Apple Pay,3.9,8.790039252490805,2025,7,Thursday,72.18,MEDIUM,2025Q3,0,Medium CSAT,1
2024-04-03,Unaizah,Qassim,Small,Fresh Produce,4242.46,99,Mada,2.7,8.35289856866087,2024,4,Wednesday,42.85,LOW,2024Q2,0,Low CSAT,1
2024-01-02,Al Khobar,Eastern Province,Large,Cleaning Supplies,6330.36,69,Visa,4.1,8.753112385558984,2024,1,Tuesday,91.74,MEDIUM,2024Q1,0,High CSAT,0
2024-03-12,Al Jawf Central,Al Jawf,Small,Toys,3473.19,50,Mada,3.7,8.152828758993126,2024,3,Tuesday,69.46,LOW,2024Q1,0,Medium CSAT,1
2025-02-25,Al Aziziyah,Makkah,Large,Baby Products,8939.08,75,Tamara,3.4,9.098187954594735,2025,2,Tuesday,119.19,MEDIUM,2025Q1,0,Medium CSAT,0
2024-01-09,Riyadh North,Riyadh,Large,Fresh Produce,8006.09,74,Apple Pay,4.3,8.987957781058157,2024,1,Tuesday,108.19,MEDIUM,2024Q1,0,High CSAT,1
2024-12-20,Jubail,Eastern Province,Large,Dairy,13089.53,187,Mada,3.9,9.479567952988136,2024,12,Friday,70.0,HIGH,2024Q4,1,Medium CSAT,1
2024-08-12,Jeddah East,Makkah,Large,Beverages,6249.69,59,Cash,3.7,8.740287141500326,2024,8,Monday,105.93,MEDIUM,2024Q3,0,Medium CSAT,0
2025-06-18,Madinah North,Madinah,Large,Fresh Produce,7049.19,65,STC Pay,4.0,8.860667995588516,2025,6,Wednesday,108.45,MEDIUM,2025Q2,0,Medium CSAT,0
2025-08-04,Makkah City,Makkah,Large,Cleaning Supplies,8481.75,105,Mada,3.7,9.045672075419546,2025,8,Monday,80.78,MEDIUM,2025Q3,0,Medium CSAT,1
2024-01-31,Makkah City,Makkah,Large,Dairy,8859.2,112,Mada,3.4,9.089211746068703,2024,1,Wednesday,79.1,MEDIUM,2024Q1,0,Medium CSAT,1
2024-08-17,Jubail,Eastern Province,Large,Frozen Foods,16796.43,99,Tabby,3.8,9.728921642810025,2024,8,Saturday,169.66,HIGH,2024Q3,1,Medium CSAT,0
2024-11-15,Al Anbariyah,Madinah,Large,Electronics,18418.58,162,Mastercard,4.7,9.821115216718267,2024,11,Friday,113.69,HIGH,2024Q4,1,High CSAT,0
2024-08-12,Tabuk Central,Tabuk,Medium,Dairy,4723.57,66,Cash,3.1,8.460320148618806,2024,8,Monday,71.57,LOW,2024Q3,0,Medium CSAT,0
2024-12-06,Al Malaz,Riyadh,Large,Meat & Poultry,14937.62,147,Apple Pay,4.8,9.611638142114401,2024,12,Friday,101.62,HIGH,2024Q4,1,High CSAT,1
2025-05-18,Dhahran,Eastern Province,XLarge,Bakery,21641.11,271,Tabby,3.9,9.982350025545115,2025,5,Sunday,79.86,HIGH,2025Q2,0,Medium CSAT,0
2025-05-17,Al Malaz,Riyadh,Large,Household,19444.45,168,Mada,4.3,9.875316961283676,2025,5,Saturday,115.74,HIGH,2025Q2,1,High CSAT,1
2025-11-15,Arar Central,Northern Borders,Small,Meat & Poultry,5549.51,60,Visa,4.0,8.62146491455455,2025,11,Saturday,92.49,MEDIUM,2025Q4,1,Medium CSAT,0
2025-12-21,Tabuk Central,Tabuk,Medium,Baby Products,10822.96,120,Apple Pay,4.6,9.289425082455368,2025,12,Sunday,90.19,HIGH,2025Q4,0,High CSAT,1
2024-03-19,Dammam Central,Eastern Province,Large,Personal Care,18948.14,194,Tamara,3.6,9.849461052658947,2024,3,Tuesday,97.67,HIGH,2024Q1,0,Medium CSAT,0
2025-03-28,Unaizah,Qassim,Small,Snacks & Confectionery,3946.69,53,Mada,3.4,8.280632531914572,2025,3,Friday,74.47,LOW,2025Q1,1,Medium CSAT,1
2025-08-15,Jeddah South,Makkah,Large,Bakery,9201.130000000001,80,Mada,3.8,9.127081581581582,2025,8,Friday,115.01,MEDIUM,2025Q3,1,Medium CSAT,1
